player_id,season,team_id,minutes,ga_shot_stopping,ga_raw_shot_stopping,opp_shot_stopping,ga_handling,ga_raw_handling,opp_handling,ga_claiming,ga_raw_claiming,opp_claiming,ga_sweeping,ga_raw_sweeping,opp_sweeping,ga_passing,ga_raw_passing,opp_passing,ga_fielding,ga_raw_fielding,opp_fielding,shots_faced,goals_conceded,saves,xgoals_faced,share_headed_shots,player_name,slug,nationality,birth_date,ga_total,opp_total,components_complete,ga_shot_stopping_p96,opp_shot_stopping_p96,ga_handling_p96,opp_handling_p96,ga_claiming_p96,opp_claiming_p96,ga_sweeping_p96,opp_sweeping_p96,ga_passing_p96,opp_passing_p96,ga_fielding_p96,opp_fielding_p96,ga_total_p96,opp_total_p96,goals_conceded_p96,shots_faced_p96,xgoals_faced_p96,save_pct,goals_prevented,goals_prevented_p96,reliability_shot_stopping,workload_reliability_shot_stopping,value_per_opportunity_shot_stopping,adj_opp_shot_stopping_p96,adj_shot_stopping_p96,baseline_shot_stopping_p96,reliability_handling,workload_reliability_handling,value_per_opportunity_handling,adj_opp_handling_p96,adj_handling_p96,baseline_handling_p96,reliability_claiming,workload_reliability_claiming,value_per_opportunity_claiming,adj_opp_claiming_p96,adj_claiming_p96,baseline_claiming_p96,reliability_sweeping,workload_reliability_sweeping,value_per_opportunity_sweeping,adj_opp_sweeping_p96,adj_sweeping_p96,baseline_sweeping_p96,reliability_passing,workload_reliability_passing,value_per_opportunity_passing,adj_opp_passing_p96,adj_passing_p96,baseline_passing_p96,reliability_fielding,workload_reliability_fielding,value_per_opportunity_fielding,adj_opp_fielding_p96,adj_fielding_p96,baseline_fielding_p96,adj_total_p96,baseline_total_p96,sampling_variance_total_p96,reliability_total,sample_status,sample_status_label,in_reference_pool,pct_adj_shot_stopping,pct_ga_shot_stopping,pct_adj_handling,pct_ga_handling,pct_adj_claiming,pct_ga_claiming,pct_adj_sweeping,pct_ga_sweeping,pct_adj_passing,pct_ga_passing,pct_adj_fielding,pct_ga_fielding,pct_adj_total,pct_ga_total,keeperiq,rank_adjusted,rank_observed,rank_goals_conceded,rank_save_pct,rank_goals_conceded_pool,rank_adjusted_pool,rank_observed_pool,rank_disagreement,team_name,team_abbreviation,team_short_name,changed_teams,current_team_name,current_team_abbreviation,adj_total_p96_low,adj_total_p96_high,adj_total_p96_se,observed_total_p96_low,observed_total_p96_high,observed_total_p96_se,bootstrap_reliability,bootstrap_resamples,appearances,keeperiq_low,keeperiq_high,previous_rank,previous_keeperiq,rank_change,keeperiq_change,comparison_snapshot,archetype_cluster,archetype_label
0x5g2mYrM7,2025,mKAqBBmqbg,1039.0,6.3183,6.0108,61,0.5504,0.5419,48,0.0743,0.0691,30,0.2978,0.2861,26,0.1126,0.7607,375,-0.0024,-0.0581,182,62,13,48,19.0108,0.1452,Michael Collodi,michael-collodi,USA,2001-05-25,7.350999999999999,722,True,0.5837890279114533,5.63618864292589,0.05085505293551492,4.435033686236766,0.006865062560153994,2.7718960538979784,0.027515688161693936,2.4023099133782484,0.010403849855630415,34.64870067372473,-0.00022175168431183827,16.816169393647737,0.6792069297401346,66.71029836381136,1.2011549566891242,5.728585178055823,1.7565320500481232,77.41935483870968,6.0108,0.555377093358999,0.18161607548483824,0.32713053807079556,0.10357868852459017,4.747624885836528,0.13368501517177178,0.054222483595931376,0.14178899105255813,0.2277830822555192,0.011466666666666667,3.2846915569824033,0.0013633656187818687,-0.004634105800948281,0.15034150266446006,0.32417551553382906,0.002476666666666667,1.6308094846440355,0.0019210129514178804,0.0015462540685074497,0.028077753779697623,0.47226996490430845,0.011453846153846155,2.0719603345396234,-0.00047225955171101367,-0.0011714912583447761,0.7394213454352435,0.7902791276779392,0.0003002666666666667,33.84963113457988,0.0062028503906172115,-0.005037120126586843,0.03512157468159012,0.8537329788986145,-1.3186813186813185e-05,17.306673156529595,0.0012259480755520658,0.0012788797886172953,0.1439259326564298,0.04620490026717622,0.07011315450708969,0.12699186692552966,qualified,Qualified,True,99.50730273141123,99.50730273141123,99.50730273141123,99.50730273141123,84.83639984825493,80.48511001517451,89.05396433990896,98.75426783004553,76.1101100151745,84.14406297420334,34.36409332321699,29.654305766312593,99.50730273141123,99.50730273141123,99.50730273141123,1.0,4.0,25.0,4.0,15.0,1.0,1.0,14.0,FC Dallas,FCD,Dallas,False,FC Dallas,FCD,-0.018309058855576155,0.30616092416843577,0.09863187157387271,0.07928373248407639,1.592331329929023,0.45909643615588935,0.04615584489455632,2000.0,11,10.510242792109256,100.0,1,99.5,0,0.007302731411229502,2026-09-28T20:35:07Z,3.0,Box Commander
kRQa2LebMK,2025,kRQand1MKZ,3410.0,9.7637,8.7543,157,0.1589,0.1307,122,0.1301,0.1133,29,-0.0158,-0.0541,46,0.2984,2.4256,1132,0.2231,0.0404,667,164,35,122,43.7543,0.128,Dayne St. Clair,dayne-st-clair,Canada,1997-05-09,10.5584,2153,True,0.2748724926686217,4.419941348973607,0.004473431085043989,3.4346041055718475,0.0036626392961876834,0.8164222873900293,-0.0004448093841642229,1.2950146627565984,0.008400703812316716,31.868621700879764,0.006280821114369501,18.777712609970674,0.2972452785923754,60.61231671554252,0.9853372434017595,4.617008797653959,1.2317926099706746,74.39024390243902,8.7543,0.24645536656891498,0.3635325017701909,0.6147353911545638,0.06218917197452229,4.379753778527743,0.13085329822586594,0.0500210385447491,0.29573519370916973,0.49189617709444605,0.0013024590163934428,3.186023288331329,-0.0019383998798146776,-0.004494902716520614,0.1460620923907226,0.6115435865232776,0.004486206896551724,0.9201547169686433,0.0013479595531995917,0.0008724458547527059,0.048625792811839326,0.746005338074635,-0.00034347826086956524,1.4172656225454006,-0.0007860312779559612,-0.0008013253245668022,0.8954609937279702,0.9251910219519798,0.00026360424028268553,31.791562584461502,0.0070097534169021175,-0.004730861589396868,0.11769895888477148,0.9503880286555217,0.00033448275862068964,18.846769416812535,0.001970732606098018,0.001392685484373318,0.13845731264429503,0.042259080253390834,0.01668511289772896,0.37936878337139923,qualified,Qualified,True,97.39757207890743,88.40003793626707,71.45295902883156,68.36968892261001,59.525796661608496,61.60185887708649,66.41691957511381,55.60508345978755,79.63960546282246,80.61456752655539,66.72704855842186,63.95675265553869,97.39757207890743,91.774468892261,97.39757207890743,2.0,13.0,17.0,7.0,8.0,2.0,8.0,6.0,Minnesota United FC,MIN,Minnesota,False,Minnesota United FC,MIN,0.009489322538557665,0.2674253027500324,0.07840697076936219,0.09537610427458645,0.5048413787542919,0.12440393207042375,0.3972291727065039,2000.0,34,21.291729893778452,100.0,2,97.4,0,-0.0024279210925755024,2026-09-28T20:35:07Z,1.0,High-Volume Shot Stopper
ljqEjOpzQx,2025,pzeQZ6xQKw,2332.0,6.5781,5.8878,130,0.4837,0.4644,92,0.1263,0.1148,30,0.314,0.2879,48,-0.0275,1.4272,716,0.2315,0.1065,372,136,38,92,43.8878,0.1471,Zack Steffen,zack-steffen,USA,1995-04-02,7.706099999999999,1388,True,0.2707965694682676,5.351629502572899,0.019912178387650088,3.7873070325900517,0.005199313893653516,1.234991423670669,0.012926243567753001,1.9759862778730706,-0.001132075471698113,29.475128644939968,0.009530017152658663,15.313893653516296,0.31723224699828473,57.138936535162955,1.5643224699828473,5.5986277873070325,1.8067018867924527,67.64705882352942,5.887799999999999,0.24237941680960542,0.3210880623447689,0.521805036040567,0.050600769230769234,4.856219634419724,0.11655478853828845,0.05546274101206023,0.24050324627003442,0.3983357906474948,0.005257608695652174,3.2807447217572094,0.0006330504763616361,-0.004628537530169986,0.15034150266446006,0.5184464331460511,0.00421,1.162020823808871,0.0016716163426354746,0.0011017715088265118,0.05063291139240506,0.667618496715652,0.006541666666666667,1.9096234826658294,-0.00039252456121493693,-0.0010797056195431451,0.8441869788709248,0.8942659559964125,-3.840782122905028e-05,29.61928798450574,-0.0016471202547955947,-0.004407608196637368,0.06924795234549516,0.9290806456732327,0.0006223118279569893,15.658260828327826,0.0017517195955867085,0.0011570700571467813,0.11857153013686174,0.047605731231683025,0.02954593602544403,0.2566111026294774,qualified,Qualified,True,88.71965098634294,85.67716236722308,94.497344461305,95.99108497723824,73.47780728376327,69.55140364188163,90.6525037936267,89.81980273141123,66.69006069802731,66.69006069802731,60.669575113808804,88.12784522003035,94.67469650986344,94.497344461305,94.67469650986344,3.0,12.0,44.0,28.0,33.0,3.0,7.0,30.0,Colorado Rapids,COL,Colorado,False,Colorado Rapids,COL,-0.026834985883761583,0.26397804615748505,0.08840088491692033,0.01778054717186919,0.6088874186965777,0.18283410991495122,0.23377538515597923,2000.0,23,8.313732928679817,100.0,3,94.7,0,-0.025303490136565188,2026-09-28T20:35:07Z,1.0,High-Volume Shot Stopper
315VXNkGQ9,2025,a2lqRX2Mr0,3145.0,9.1318,8.2008,139,-0.5288,-0.5548,99,0.3057,0.2902,36,-0.1801,-0.2154,73,-0.0826,1.8793,1011,-0.1605,-0.3291,667,139,40,99,48.2008,0.2014,Carlos Coronel,carlos-coronel,Brazil,1996-12-29,8.4855,2025,True,0.27874492845786963,4.242925278219396,-0.016141430842607316,3.0219395866454692,0.009331383147853738,1.0988871224165342,-0.0054974880763116055,2.2282988871224165,-0.0025213354531001594,30.860413354530998,-0.0048992050874403816,20.35993640699523,0.2590168521462639,61.81240063593005,1.220985691573927,4.242925278219396,1.4713121780604135,71.22302158273382,8.200800000000001,0.25032648648648653,0.3358515338595428,0.5954068892139052,0.06569640287769785,4.272341003401932,0.12667259382240292,0.048794280412566435,0.25415164469110707,0.4717011419053152,-0.005341414141414142,2.9814888994068176,-0.007184751232051889,-0.004206341680646898,0.17514353475785974,0.5921611905750777,0.008491666666666668,1.0925952565347832,0.002479480185806822,0.001035945569704366,0.0750256937307297,0.7303740365731743,-0.002467123287671233,2.1064357390512543,-0.0014915256285813337,-0.001190983733340563,0.8843957941688187,0.9193956489902847,-8.170128585558853e-05,30.858650528734714,-0.0027605897868533302,-0.00459203614478408,0.11769895888477148,0.9464316217550526,-0.0002406296851574213,20.34974312560723,0.0007504157826391947,0.0015037480023752552,0.11846562314336238,0.04134461242587451,0.017469802910924263,0.3686098425370589,qualified,Qualified,True,91.3168626707132,91.50844081942337,17.334503034901367,17.346832321699544,98.50863050075873,96.64216616084977,19.70931335356601,28.498198027314114,57.26147572078908,56.310223823975726,17.386665402124432,18.812120637329286,92.07748482549317,88.66606600910471,92.07748482549317,4.0,14.0,27.0,17.0,17.0,4.0,9.0,13.0,New York Red Bulls,NYRB,New York,False,New York Red Bulls,NYRB,-0.01750293787785283,0.2544341841645776,0.08266301568941326,0.019760660736975848,0.4928465622001918,0.14389466566174133,0.330014560110819,2000.0,31,10.510242792109256,100.0,4,92.1,0,-0.022515174506821722,2026-09-28T20:35:07Z,1.0,High-Volume Shot Stopper
9z5kGga5A3,2025,kRQabn8MKZ,3134.0,9.2102,8.2825,152,-0.5073,-0.5332,111,0.1759,0.1604,32,-0.0367,-0.0718,58,-0.4993,1.4557,930,0.041,-0.127,440,156,41,111,49.2825,0.0897,Sean Johnson,sean-johnson,USA,1989-05-31,8.3838,1723,True,0.2821248245054244,4.656030631780473,-0.015539502233567325,3.4001276324186342,0.0053881301850670065,0.9802169751116785,-0.0011241863433312062,1.776643267389917,-0.015294447989789406,28.487555839183152,0.001255902999361838,13.47798340778558,0.25681072112316533,52.77855775366943,1.255902999361838,4.778557753669432,1.509610721123165,71.15384615384616,8.282499999999999,0.25370772176132733,0.3560775096084672,0.5945625640413567,0.06059342105263158,4.518019367843372,0.13070708740052672,0.05160016575652913,0.27644176769358764,0.47082809869666686,-0.00457027027027027,3.159483610940411,-0.007216966439489586,-0.00445746003101454,0.1587729254953307,0.5913147412767832,0.005496875,1.0224107906271682,0.0017077996459486894,0.0009694000798862469,0.060542797494780795,0.7296834948475062,-0.0006327586206896552,1.7765579830617075,-0.0010117147631264636,-0.0010044700723297639,0.8755797971000746,0.9191356140106326,-0.0005368817204301075,28.67766699241285,-0.014011839220402875,-0.004267486786391264,0.08088235294117647,0.9462537078935525,9.318181818181818e-05,13.837635728141969,0.0010441206289161862,0.0010225346312900466,0.11121848725237267,0.04386268357796985,0.019136904751976175,0.34766246144340934,qualified,Qualified,True,94.29438543247345,94.48596358118361,14.356980273141124,22.459218512898328,76.06980273141123,72.8907435508346,43.024468892261005,51.07644157814871,26.304059180576633,27.095978755690442,26.222496206373293,34.404400606980275,89.09996206373293,85.68854324734446,89.09996206373293,5.0,15.0,28.0,18.0,18.0,5.0,10.0,13.0,Toronto FC,TOR,Toronto,False,Toronto FC,TOR,-0.02259250869479555,0.24502948319954088,0.08135130926090256,0.02241782566016224,0.4809635613917099,0.13729153699012536,0.3511086747745756,2000.0,31,10.510242792109256,100.0,5,89.1,0,-3.7936267062832485e-05,2026-09-28T20:35:07Z,1.0,High-Volume Shot Stopper
Vj58BnDLQ8,2025,19vQ2095K6,1012.0,4.2405,3.9409,52,0.108,0.0996,37,-0.1262,-0.1312,27,0.0844,0.0731,21,0.0437,0.675,372,0.1816,0.1274,201,52,15,37,18.9409,0.1346,Matt Turner,matt-turner,USA,1994-06-24,4.532,710,True,0.4022608695652174,4.932806324110672,0.010245059288537549,3.509881422924901,-0.011971541501976286,2.561264822134387,0.008006324110671937,1.992094861660079,0.004145454545454546,35.28853754940711,0.01722687747035573,19.067193675889328,0.42991304347826087,67.35177865612647,1.4229249011857708,4.932806324110672,1.7967652173913042,71.15384615384616,3.940899999999999,0.37384031620553354,0.15908302015378764,0.32136144113454373,0.08154807692307692,4.513966497884233,0.1019118322498268,0.05155387804843082,0.11296633065534355,0.22318488764808606,0.0029189189189189188,3.0713617976725436,-0.002830888116880519,-0.004333136087968312,0.13737263320816295,0.31843386933748274,-0.004674074074074074,1.5540429628438246,0.00027321840959877914,0.0014734677940980564,0.02280130293159609,0.46571284269079205,0.004019047619047619,1.8768132752675157,-0.0008649686703546757,-0.0010611546509213718,0.7378707537557567,0.7858818673709114,0.0001174731182795699,34.33571307923937,0.0016368817086644745,-0.005109453356360609,0.03864641415112478,0.8504143381452104,0.0009034825870646767,19.232105482340184,0.002037752388734795,0.0014211599636433385,0.10216382796958966,0.04394476171092192,0.06299315820727322,0.13934540014650862,qualified,Qualified,True,83.76517450682853,97.5834597875569,59.35603186646434,87.1652124430956,16.113429438543246,8.951062215477997,55.194423368740516,80.34711684370258,72.64700303490137,75.13751896813353,72.80823216995448,99.5201062215478,87.13391502276177,98.15060698027314,87.13391502276177,6.0,8.0,39.0,18.0,29.0,6.0,3.0,23.0,New England Revolution,NER,New England,False,New England Revolution,NER,-0.03938299525007556,0.2437106511892549,0.08605435830690396,0.14829104406442425,0.6868855995008758,0.16442448410309993,0.2739130761180693,2000.0,10,6.984066767830045,100.0,6,87.1,0,0.03391502276177505,2026-09-28T20:35:07Z,3.0,Box Commander
0x5g2Z8ZM7,2025,NPqxKXZ59d,3552.0,7.3118,6.2603,184,0.1957,0.1664,136,0.092,0.0745,30,-0.6815,-0.7213,42,-0.1798,2.036,1126,-0.0401,-0.2304,713,187,48,136,54.2604,0.1283,Kristijan Kahlina,kristijan-kahlina,Croatia,1992-07-24,6.6981,2231,True,0.19761621621621622,4.972972972972973,0.00528918918918919,3.6756756756756754,0.0024864864864864865,0.8108108108108109,-0.01841891891891892,1.135135135135135,-0.004859459459459459,30.432432432432435,-0.0010837837837837838,19.27027027027027,0.18102972972972972,60.2972972972973,1.2972972972972974,5.0540540540540535,1.4664972972972972,72.72727272727273,6.260399999999997,0.1691999999999999,0.40098209954624914,0.6243515965186685,0.03973804347826087,4.726043037731256,0.10763851238220414,0.05397599794615962,0.31885122096790336,0.5020950885877578,0.0014389705882352942,3.3120537769135137,-0.001663181662994348,-0.004672708945234398,0.15034150266446006,0.6211903669994108,0.0030666666666666668,0.9140928696299847,0.0011578376072844212,0.0008666983065575728,0.044585987261146494,0.7536580313735712,-0.016226190476190477,1.2930877909157739,-0.0016340156334524538,-0.0007311148857812353,0.894962458278383,0.9279662667569448,-0.00015968028419182948,30.461686110540928,-0.004829345799417777,-0.004532964379645108,0.12480308069315596,0.9522767376429185,-5.6241234221598875e-05,19.313191652142308,0.0011134780710569936,0.0014271518410399022,0.10178328496468096,0.04633305988309635,0.01797728991172137,0.3619707578044876,qualified,Qualified,True,85.92943854324734,80.68569802731412,82.02295144157816,71.67109256449166,49.51820940819424,43.64757207890744,14.61115326251897,10.257966616084978,48.987101669195745,48.987101669195745,29.393019726858878,27.477238239757206,84.96965098634294,80.31676783004552,84.96965098634294,7.0,17.0,31.0,12.0,21.0,7.0,12.0,14.0,Charlotte FC,CLT,Charlotte,False,Charlotte FC,CLT,-0.03559508050275047,0.2391616504321124,0.08352011593509719,-0.06695687556005031,0.42486324374394824,0.14856412388585924,0.3160489011330609,2000.0,35,7.70864946889226,100.0,7,85.0,0,-0.030349013657058777,2026-09-28T20:35:07Z,1.0,High-Volume Shot Stopper
N6MmeEN0ME,2025,pzeQZ6xQKw,1003.0,4.216,3.9191,46,-0.7499,-0.7582,34,0.0837,0.0787,21,-0.0715,-0.0828,29,-0.0228,0.6029,321,0.052,-0.0018,163,46,12,34,15.9191,0.1304,Nico Hansen,nico-hansen,Denmark,2001-07-10,3.5075,614,True,0.40352542372881356,4.402791625124626,-0.07177507477567298,3.2542372881355934,0.008011166500498504,2.0099700897308077,-0.006843469591226321,2.7756729810568297,-0.0021822532402791623,30.723828514456628,0.004977068793619142,15.601196410767697,0.33571286141575274,58.76769690927219,1.148554336989033,4.402791625124626,1.5236626121635095,73.91304347826086,3.9191000000000003,0.37510827517447654,0.14335874186151723,0.31941636203535384,0.09165217391304348,4.34347067363854,0.09956457405216602,0.0496066502754624,0.10476650009610976,0.22163996296751917,-0.022055882352941175,3.0138287162181254,-0.01077061063990453,-0.004251967314009127,0.11020978318901008,0.3164982458449224,0.003985714285714285,1.3766986729521937,0.0017661948437586504,0.001305318582094084,0.031216361679224973,0.4634907743811725,-0.00246551724137931,2.239515055396772,-0.0013990631967446337,-0.001266227092572106,0.7083694998134691,0.7843748485268136,-7.102803738317758e-05,30.748563896111772,-0.0028814865251891816,-0.004575654294398517,0.031570792175092004,0.8492744044811866,0.00031901840490797544,16.289779447271926,0.0013297985160050337,0.0012037362413751698,0.08760940705009135,0.0420218563979519,0.05701109829445663,0.15174789157641574,qualified,Qualified,True,82.80965477996965,98.53897951441579,2.9101858877086495,0.4756259484066768,83.09512518968134,92.54030728376328,24.53575493171472,25.95836494688923,55.29448027314112,60.96215857359636,38.972401365705615,52.574449924127464,82.80965477996965,96.07881259484067,82.80965477996965,8.0,11.0,20.0,8.0,11.0,8.0,6.0,3.0,Colorado Rapids,COL,Colorado,False,Colorado Rapids,COL,-0.06127030285963139,0.2364891169598141,0.09051243687268605,0.004014584926140936,0.6632512938350302,0.20406501553939196,0.19673399087581012,2000.0,10,0.0,100.0,8,82.8,0,0.009654779969650917,2026-09-28T20:35:07Z,3.0,Box Commander
gOMnRzymMw,2025,WBLMvYAQxe,2340.0,2.9791,2.2864,123,-0.6806,-0.6999,89,0.1179,0.1063,35,0.5264,0.5001,70,0.4808,1.9405,895,0.1971,0.0717,673,123,34,89,36.2864,0.1138,James Pantemis,james-pantemis,Canada,1997-02-21,3.6207,1885,True,0.12221948717948716,5.046153846153846,-0.02792205128205128,3.6512820512820507,0.004836923076923077,1.435897435897436,0.021595897435897436,2.871794871794872,0.019725128205128204,36.717948717948715,0.008086153846153847,27.610256410256408,0.14854153846153845,77.33333333333334,1.3948717948717948,5.046153846153846,1.4886728205128206,72.35772357723577,2.2864000000000004,0.09380102564102566,0.30914359925620627,0.5226595083303075,0.02422032520325203,4.697445111116423,0.07223641397139856,0.05364938187095611,0.23449981322855012,0.39915684496384635,-0.007647191011235955,3.227140693959032,-0.009272372957941116,-0.004552911940410826,0.17111090793825062,0.5193013782091239,0.0033685714285714287,1.266481144072925,0.0017253418942958945,0.001200815693157547,0.07216494845360824,0.6683780060709342,0.00752,2.508513886997577,4.5354650040985605e-05,-0.0014183196661952983,0.8713402089484233,0.8945893356483119,0.0005372067039106145,36.09819668129937,0.01620607254349128,-0.005371726277132451,0.11863211704565485,0.9293059645757275,0.0002928677563150074,27.084249986840234,0.002704968056695194,0.002001395622645125,0.0836457781579808,0.045508635303020205,0.02797537463713933,0.2671685409390759,qualified,Qualified,True,75.43152503793627,72.84901365705615,6.4102807283763275,7.202200303490136,78.66559180576631,64.90136570561457,98.52143399089529,96.54685128983309,98.125,98.125,81.17507587253414,79.14833080424886,81.22439301972686,77.5227617602428,81.22439301972686,9.0,18.0,36.0,14.0,26.0,9.0,13.0,17.0,Portland Timbers FC,POR,Portland,False,Portland Timbers FC,POR,-0.03998974845061362,0.20728130476657522,0.0751650631517713,-0.043796265743459455,0.33154016316736756,0.11254519630132709,0.44604443707622826,2000.0,23,6.984066767830045,100.0,9,81.2,0,0.024393019726858256,2026-09-28T20:35:07Z,3.0,Box Commander
p6qbeEd350,2025,gpMOLwl5zy,3645.0,3.3564,2.2775,181,0.1445,0.1144,133,0.269,0.251,45,0.3292,0.2884,49,0.5274,2.8012,1392,0.385,0.1896,992,183,48,133,50.2775,0.1858,Brad Stuver,brad-stuver,USA,1991-04-16,5.0115,2792,True,0.08839901234567901,4.7670781893004115,0.0038057613168724276,3.502880658436214,0.007084773662551442,1.1851851851851851,0.00867028806584362,1.2905349794238683,0.013890370370370369,36.66172839506173,0.01013991769547325,26.126748971193415,0.13199012345679012,73.53415637860081,1.2641975308641975,4.819753086419753,1.3241810699588479,72.6775956284153,2.2775000000000034,0.05998353909465029,0.3970400974648237,0.6303935689216643,0.01854364640883978,4.600219939890189,0.06554834262533157,0.05253897606201082,0.3140264377056403,0.5085556507634688,0.0010864661654135337,3.228896068227398,-0.002023244193545435,-0.0045553884560710495,0.2097455252733213,0.6272528294170334,0.005977777777777778,1.1472673310428163,0.002298083063912406,0.0010877829660635374,0.051633298208640675,0.7584249356060565,0.006718367346938776,1.4078904039317823,-0.000266538016330817,-0.0007960245538580978,0.9132939381162495,0.9296749141625876,0.00037887931034482757,36.252212399701364,0.012076538547011632,-0.005394645158342382,0.16555407209612816,0.953437672492095,0.0003881048387096774,25.849372623826127,0.003254794580560766,0.0019101441333094103,0.08088797660694012,0.044790844993112235,0.01684476992337019,0.37712912091762296,qualified,Qualified,True,67.75085356600911,60.350436267071316,66.95798558421852,62.25009484066768,92.60385053110774,82.7062784522003,93.48681714719271,82.5554817905918,89.04448027314112,89.04448027314112,96.07881259484067,92.11162746585735,78.38628603945372,72.48624810318664,78.38628603945372,10.0,21.0,29.0,13.0,19.0,10.0,16.0,9.0,Austin FC,ATX,Austin,False,Austin FC,ATX,-0.05229380102086896,0.21406975423474922,0.08096877168446137,-0.09287263487961077,0.3580939098741428,0.13547642351591133,0.35719687921212817,2000.0,36,0.0,100.0,10,78.4,0,-0.013713960546283488,2026-09-28T20:35:07Z,0.0,Sweeper-Keeper Receiver
Oa5wV6LWM1,2025,Vj58weDM8n,330.0,2.5434,2.4457,11,-0.0058,-0.0085,10,0.014,0.0123,6,-0.0506,-0.0543,7,-0.0517,0.1542,103,0.0311,0.0134,71,13,1,10,3.4457,0.3077,Tomás Romero,tomas-romero,El Salvador,2000-12-19,2.4804,208,True,0.7398981818181818,3.2,-0.0016872727272727274,2.909090909090909,0.004072727272727273,1.7454545454545454,-0.01472,2.0363636363636366,-0.01504,29.963636363636365,0.009047272727272727,20.654545454545456,0.721570909090909,60.5090909090909,0.2909090909090909,3.7818181818181813,1.0023854545454545,76.92307692307693,2.4457,0.7114763636363637,0.03847857778164305,0.13376016966545692,0.23121818181818182,4.1664029184551685,0.08282165108237126,0.047584364673362425,0.0332744133172052,0.0856618386423488,-0.00058,2.9422638897002433,-0.004069663340230021,-0.004151002285190699,0.03417913448328181,0.13220868353091042,0.0023333333333333335,1.1709812430029152,0.0011657066573577258,0.0011102673415799907,0.007717750826901874,0.22132605765074254,-0.007228571428571429,1.8338804826419715,-0.0011311870631671246,-0.0010368803487454427,0.43801207741589876,0.5448013722470276,-0.0005019417475728156,30.36189277651192,-0.009214386572314959,-0.004518114261800745,0.014001183198580161,0.6495958674264825,0.0004380281690140845,20.484636429025258,0.0016181526388999495,0.001513715967783792,0.07119027340291681,0.040502351086989324,0.1265389879853629,0.07458783044811763,limited,Limited Sample,False,79.38543247344462,100.0,46.43873292867981,46.43873292867981,51.20257966616085,63.218892261001514,37.928679817905916,18.942526555386948,39.32663125948407,28.58213201820941,55.569992412746586,83.45030349013656,76.6578148710167,100.0,76.6578148710167,11.0,3.0,2.0,5.0,,,,,New York City FC,NYC,New York City,False,New York City FC,NYC,-0.08163173807291213,0.22401228487874575,0.0929091860459055,0.36876992481203,1.1644897959183675,0.23703934102239577,0.15363014783132756,2000.0,4,0.0,100.0,11,76.7,0,-0.04218512898330573,2026-09-28T20:35:07Z,,
7VqGmob3Mv,2025,9z5k7Yg5A3,2321.0,4.9276,4.2406,75,0.1012,0.082,55,-0.1039,-0.1153,19,0.0755,0.0495,44,-0.4236,1.0243,614,0.151,0.0266,397,77,20,55,24.2406,0.1818,Andre Blake,andre-blake,Jamaica,1990-11-21,4.7278,1204,True,0.20381283929340804,3.102111158983197,0.004185781990521327,2.2748815165876777,-0.004297457992244722,0.7858681602757432,0.0031227919000430845,1.8199052132701423,-0.017520723825937095,25.395950021542436,0.006245583800086169,16.420508401551057,0.1955488151658768,49.799224472210255,0.8272296423955192,3.184834123222749,1.0026271434726413,71.42857142857143,4.240600000000001,0.17539750107712196,0.2143632821147956,0.5206251293346025,0.06570133333333333,3.6838414727829365,0.08493718054397872,0.04207304465520957,0.15917519736348693,0.39720317011999456,0.00184,2.6790509190755976,-0.00239338206696588,-0.0037796563816571956,0.10077132631624554,0.5172659059327154,-0.005468421052631579,0.9295257848733236,0.0002802936279523671,0.0008813310445987991,0.046610169491525424,0.666568472871789,0.0017159090909090909,1.8053751195946706,-0.0008287936364546528,-0.0010207633492695443,0.8228871636086442,0.893818055533782,-0.0006899022801302931,25.973855153196762,-0.015430227459346708,-0.0038651360198593975,0.07355938484343154,0.9287684766652509,0.00038035264483627203,16.687565539064963,0.0016093155428018996,0.0012331307176206086,0.06817438655196577,0.035521950666642835,0.017344416153351586,0.3702878773562626,qualified,Qualified,True,80.4860584218513,83.4706942336874,64.12888846737481,65.07919195751138,17.693949165402127,21.258061456752657,58.20039833080425,72.8295713201821,20.30586115326252,11.147097875569044,54.469366464339906,61.239093323217,75.55718892261002,83.10176403641881,75.55718892261002,12.0,16.0,7.0,15.0,4.0,11.0,11.0,-7.0,Philadelphia Union,PHI,Philadelphia,False,Philadelphia Union,PHI,-0.05560278565566461,0.19195155875959613,0.0752511775615106,0.011549081573817285,0.3788987357149824,0.1128348887020213,0.4447744086719483,2000.0,24,0.0,100.0,12,75.6,0,-0.042811077389970364,2026-09-28T20:35:07Z,2.0,Low-Involvement Keeper
p6qb4pwM0G,2025,a2lqR4JMr0,3564.0,3.443,2.388,150,-0.5327,-0.5622,100,0.1,0.0824,23,0.2249,0.185,67,0.3098,2.5331,1477,0.2223,0.0313,1250,153,50,100,52.388,0.1634,Rafael Cabral,rafael-cabral,Brazil,1990-05-20,3.7673000000000005,3067,True,0.09274074074074073,4.040404040404041,-0.014348821548821548,2.6936026936026938,0.0026936026936026937,0.6195286195286196,0.006057912457912458,1.804713804713805,0.008344781144781144,39.78451178451178,0.005987878787878787,33.670033670033675,0.10147609427609428,82.61279461279462,1.3468013468013469,4.121212121212121,1.411124579124579,65.359477124183,2.387999999999998,0.06432323232323227,0.35304638286079454,0.6251422823783456,0.022953333333333333,4.143574518747634,0.06419403594786112,0.04732364219455921,0.2560614749909064,0.5029382381463776,-0.005326999999999999,2.81874747698973,-0.006803335129247722,-0.003976742962899885,0.11945216282921428,0.6219836781403154,0.004347826086956522,0.794902173262739,0.0010764960864581958,0.0007536874975565953,0.06928645294725956,0.7542836600662428,0.0033567164179104476,1.7977388919983655,-0.0005279108071908096,-0.0010164458081821613,0.9178739959068383,0.928191388274997,0.0002097494922139472,39.14211420332224,0.007057422587801401,-0.005824687733429928,0.2,0.9524297782361288,0.00017784,33.02781747187338,0.0031272107179004132,0.0024405966325760265,0.0681239194035826,0.039700049820179856,0.014683989533694684,0.40987814275285084,qualified,Qualified,True,64.33232169954476,67.01631259484067,21.307852807283766,26.4007966616085,43.653262518968134,50.21433990895295,83.30993930197269,78.17716236722306,82.94669954476478,77.30747344461305,92.66028072837634,57.672610015174506,72.76650227617603,66.22344461305008,72.76650227617603,13.0,23.0,33.0,37.0,23.0,12.0,18.0,11.0,Real Salt Lake,RSL,Salt Lake,False,Real Salt Lake,RSL,-0.056312070071671355,0.19255990887883656,0.07565171002078644,-0.08661794325428061,0.28874785567550243,0.11419881479451703,0.4388481835923353,2000.0,35,0.0,100.0,13,72.8,0,-0.033497723823970205,2026-09-28T20:35:07Z,0.0,Sweeper-Keeper Receiver
kRQa2L2LMK,2025,NWMWlBK5lz,405.0,1.6024,1.4826,20,-0.0012,-0.0046,16,0.0316,0.0296,4,0.2708,0.2662,12,0.0118,0.2644,131,0.0162,-0.0055,69,21,4,16,5.4826,0.1905,Evan Louro,evan-louro,USA,1996-01-19,1.9316,252,True,0.37982814814814814,4.7407407407407405,-0.0002844444444444444,3.7925925925925927,0.007490370370370371,0.9481481481481482,0.06418962962962962,2.8444444444444446,0.002797037037037037,31.05185185185185,0.0038399999999999997,16.355555555555554,0.4578607407407408,59.733333333333334,0.9481481481481482,4.977777777777778,1.2995792592592592,76.19047619047619,1.4825999999999997,0.351431111111111,0.06782572885304053,0.1593169663067479,0.08012,4.383357136691071,0.07048671564159634,0.050062192391904174,0.05219696723060683,0.10312278216868177,-7.5e-05,3.0327395431956394,-0.00406718715567006,-0.004278647071142163,0.023048684349536382,0.15752295203466157,0.0079,1.0621450986725873,0.001177262750656815,0.0010070742141447733,0.013157894736842105,0.2586185645428298,0.022566666666666665,2.052562570625329,-0.0005357866239887011,-0.0011605237168922605,0.49780862887554633,0.5949536065585325,9.007633587786259e-05,30.9654519709061,-0.0009255473134337985,-0.004607929130198637,0.013612152298283685,0.6946729552618154,0.00023478260869565215,17.520102041787283,0.0013330206015706018,0.0012946511552568852,0.0674684779007312,0.04231681784307277,0.1517237298629362,0.0629867699564609,provisional,Provisional,True,71.09683232169954,96.16416919575114,46.630785280728375,49.90847875569044,51.39463201820941,84.62680197268588,78.65658194233689,99.43901745068285,69.7823406676783,71.9750569044006,39.64007966616085,48.69356980273141,70.88438922610015,98.8225531107739,70.88438922610015,14.0,7.0,12.0,6.0,6.0,13.0,2.0,-7.0,FC Cincinnati,CIN,Cincinnati,False,FC Cincinnati,CIN,-0.032851757226438585,0.167788713027901,0.06099037239196006,0.3505182266009852,0.6130421836228288,0.0765209542627682,0.6352750740801089,2000.0,4,7.70864946889226,100.0,14,70.9,0,-0.015610773899851438,2026-09-28T20:35:07Z,,
Vj58B64EQ8,2025,zeQZBOzQKw,788.0,3.2899,3.0567,27,-0.1004,-0.1069,22,0.0433,0.0394,18,0.1724,0.1636,21,-0.1984,0.2931,242,0.0482,0.0059,153,30,5,22,8.0567,0.1667,Pablo Sisniega,pablo-sisniega,Mexico,1995-07-07,3.255,483,True,0.4008,3.2893401015228427,-0.012231472081218275,2.6802030456852792,0.0052751269035533,2.1928934010152283,0.02100304568527919,2.5583756345177666,-0.024170558375634518,29.48223350253807,0.005872081218274112,18.639593908629443,0.3965482233502538,58.84263959390863,0.6091370558375635,3.654822335025381,0.9815269035532994,73.33333333333333,3.0566999999999993,0.3723898477157359,0.08944148215080365,0.26939230288499166,0.12184814814814814,4.039155212349239,0.0860248811914237,0.04613107238029767,0.0703929676573068,0.1828154756718146,-0.0045636363636363635,2.896894827958049,-0.0047299204547057595,-0.004086994743369563,0.09597660862308967,0.26675207256200806,0.0024055555555555553,1.37940350331687,0.0015008296102651216,0.001307883170413802,0.02280130293159609,0.4043072331142923,0.008209523809523809,2.0925153778774273,-0.0007644431751733715,-0.0011831131283119374,0.6467936498383963,0.7407927267718765,-0.0008198347107438017,29.833798853142067,-0.017387856013630625,-0.004439529283442827,0.02969144187851737,0.8157281007869032,0.00031503267973856207,18.92154043224415,0.0015336836328795822,0.0013982107022788637,0.06617717479105865,0.03912752909786601,0.05461754920447063,0.15735164700041893,provisional,Provisional,True,81.96035660091047,96.72989377845221,40.667678300455236,32.27238239757208,64.91843702579666,71.03091805766313,68.40762518968133,92.86703338391501,4.162556904400607,2.2477238239757207,48.97192716236722,55.60887708649469,70.31866464339909,97.29704097116844,70.31866464339909,15.0,9.0,4.0,9.0,2.0,14.0,4.0,-12.0,San Diego FC,SD,San Diego,False,San Diego FC,SD,-0.0617023356869872,0.19405668526910452,0.07774522214257905,0.18543861973537926,0.5848503778337532,0.12181030527856151,0.4073609121127973,2000.0,8,0.0,100.0,15,70.3,0,0.018664643399091574,2026-09-28T20:35:07Z,,
EGMP1vPx5a,2025,YgOMngl5wN,330.0,2.1925,2.0948,15,0.0343,0.0316,11,-0.2397,-0.2414,5,0.0101,0.0064,5,-0.0599,0.1459,100,0.0292,0.0115,65,15,4,11,6.0948,0.2,Blake Gillingham,blake-gillingham,USA,2002-10-11,1.9664999999999997,201,True,0.6378181818181818,4.363636363636363,0.009978181818181817,3.2,-0.0697309090909091,1.4545454545454546,0.002938181818181818,1.4545454545454546,-0.017425454545454546,29.090909090909093,0.008494545454545456,18.909090909090907,0.5720727272727272,58.472727272727276,1.1636363636363636,4.363636363636363,1.7730327272727275,73.33333333333333,2.0948,0.6093963636363637,0.05174673667242377,0.13376016966545692,0.14616666666666667,4.322051115884063,0.0794981681077464,0.04936201813899369,0.03648046803179622,0.0856618386423488,0.003118181818181818,2.9671836973052903,-0.0036959213125792177,-0.004186159627357448,0.02864579347398948,0.13220868353091042,-0.047939999999999997,1.1325205350666503,-0.0005122261542637858,0.0010738007728703374,0.0055248618784530384,0.22132605765074254,0.00202,1.7051089581906302,-0.0009397168643194924,-0.0009640726252076289,0.43074979199322455,0.5448013722470276,-0.000599,29.886429760732696,-0.010242931768555842,-0.004447361221192791,0.012833168805528134,0.6495958674264825,0.00044923076923076926,19.350796369517212,0.001523138498843671,0.0014299306485306583,0.06563051050687173,0.04226815608663682,0.1704749613363337,0.056449693080068836,limited,Limited Sample,False,79.38543247344462,100.0,47.691578148710164,86.68531866464339,7.679248861911987,0.0,47.865136570561454,71.72894537177542,39.32663125948407,12.24772382397572,48.59825493171472,83.45030349013656,69.94499241274659,99.01460546282246,69.94499241274659,16.0,6.0,21.0,9.0,,,,,Houston Dynamo FC,HOU,Houston,False,Houston Dynamo FC,HOU,-0.09676806765290545,0.2280290886666489,0.09873132519410469,-0.005035582822085884,1.3925169230769228,0.46945087084394027,0.044231292928740396,2000.0,4,0.0,100.0,16,69.9,0,0.04499241274658061,2026-09-28T20:35:07Z,,
gOMnlA96qw,2025,X0Oq66zq6D,2999.0,4.0378,3.1501,148,-0.2975,-0.3223,96,0.1731,0.1582,33,-0.1679,-0.2015,46,-0.307,1.5638,937,0.1383,-0.0225,594,149,52,96,55.1501,0.1342,Chris Brady,chris-brady,USA,2004-03-03,3.5768,1854,True,0.129252684228076,4.737579193064355,-0.00952317439146382,3.073024341447149,0.00554104701567189,1.0563521173724575,-0.005374591530510169,1.472490830276759,-0.009827275758586195,29.99399799933311,0.004427075691897299,19.014338112704234,0.11449576525508502,59.347782594198065,1.664554851617206,4.769589863287763,1.7653916638879628,64.42953020134227,3.150100000000002,0.10083681227075697,0.34998658439157393,0.5839058340098123,0.027282432432432432,4.5620084881476055,0.07742763689200716,0.05210256420026706,0.24836286242670802,0.45987359879811646,-0.0030989583333333333,3.0040758203532603,-0.005497729842973416,-0.0042382077416050325,0.16292619601763647,0.5806328566329381,0.005245454545454545,1.0677201835810455,0.0017599173465544468,0.0010123602379281458,0.048625792811839326,0.7209112315510282,-0.00365,1.5572883074113164,-0.0011140737203719983,-0.0008804944807306115,0.8763944056255581,0.9158019933391776,-0.00032764140875133404,30.065107025750535,-0.009185993206931163,-0.004473949955474903,0.10618519842688595,0.9439698769829218,0.00023282828282828285,19.079070435137425,0.0017318363416024152,0.001409851410748881,0.06512159380988743,0.044932123671133535,0.020320289462716114,0.3341818530717662,qualified,Qualified,True,77.9632966616085,76.15373672230652,34.751991654021246,39.619214719271625,81.19736342943854,75.79903262518968,39.35081562974203,31.4117033383915,40.74876707132018,40.74876707132018,58.1415971168437,50.67668816388468,68.52285660091047,69.3356411229135,68.52285660091047,17.0,22.0,51.0,41.0,40.0,15.0,17.0,25.0,Chicago Fire FC,CHI,Chicago,False,Chicago Fire FC,CHI,-0.06389748447958869,0.19414067209936353,0.07843803017973046,-0.09264696279695084,0.31746104558312094,0.12452810397860054,0.39675152602736813,2000.0,30,0.0,100.0,17,68.5,0,0.02285660091047248,2026-09-28T20:35:07Z,1.0,High-Volume Shot Stopper
4wM4J01Nqj,2025,zeQZkL1MKw,1503.0,2.5184,2.0735,55,-0.1282,-0.1406,41,-0.0106,-0.0181,8,-0.0111,-0.028,21,-0.0094,0.9282,558,-0.1426,-0.2232,441,56,14,41,16.0735,0.2143,Rocco Rios Novo,rocco-rios-novo,Argentina,2002-06-04,2.2165000000000004,1124,True,0.1608558882235529,3.512974051896208,-0.008188423153692614,2.6187624750499,-0.0006770459081836327,0.5109780439121756,-0.0007089820359281437,1.341317365269461,-0.0006003992015968065,35.64071856287425,-0.009108183632734532,28.16766467065868,0.1415728542914172,71.79241516966067,0.8942115768463074,3.5768463073852295,1.0266506986027943,73.21428571428571,2.0734999999999992,0.13243912175648698,0.16673065500018033,0.41290050244502235,0.04578909090909091,3.9842128042853875,0.06833398959970469,0.04550357676057197,0.12366859479416989,0.2990832180047746,-0.003126829268292683,2.8476884148331294,-0.004621900026553492,-0.004017573392673386,0.04505882213062215,0.4096423877658176,-0.001325,0.848946999137939,0.0007179763309183878,0.0008049301673338962,0.02280130293159609,0.5641864639639881,-0.0005285714285714286,1.530900787683164,-0.0008642892748294749,-0.000865574914860737,0.8085159820750051,0.8449871155900166,-1.6845878136200717e-05,34.89631951577155,-0.0014696463677070979,-0.0051928764800373,0.0810512773387245,0.8941063093143656,-0.0003233560090702948,27.32072548347228,0.0011392050469330715,0.002018870022861198,0.06323533530846608,0.03825135216319565,0.03023977013901428,0.2522082589094809,qualified,Qualified,True,70.19205235204856,78.28860015174507,45.001422610015176,42.47866084977238,26.318759484066767,28.539927921092566,56.38704476479515,53.275322458270104,68.50863050075873,68.50863050075873,31.79011760242792,11.109161608497724,66.38799317147192,75.70039833080425,66.38799317147192,18.0,19.0,8.0,11.0,5.0,16.0,14.0,-11.0,Inter Miami CF,MIA,Miami,False,Inter Miami CF,MIA,-0.0738139773809162,0.20028464799784834,0.08332006605040158,-0.09863724046759925,0.38722411399061607,0.14744687797386932,0.3193214175575825,2000.0,16,0.0,100.0,18,66.4,0,-0.012006828528086544,2026-09-28T20:35:07Z,0.0,Sweeper-Keeper Receiver
BLMva87Qxe,2025,wvq9B9wQWn,2567.0,1.567,0.8071,131,-1.0408,-1.062,89,0.1299,0.1173,29,0.0474,0.0186,42,0.4772,2.0785,945,0.2938,0.1562,729,133,42,89,42.8071,0.1429,Roman Bürki,roman-burki,Switzerland,1990-11-14,1.4745000000000001,1965,True,0.05860225944682508,4.899104012465914,-0.038923568367744445,3.3283989092325674,0.004857966497857421,1.0845344760420725,0.001772652902220491,1.5707051032333466,0.017846201791975068,35.34086482275029,0.010987456174522788,27.26295286326451,0.055142968445656415,73.4865601869887,1.5707051032333466,4.973899493572263,1.6008888196338136,66.9172932330827,0.8070999999999984,0.03018371640046741,0.32276078102603223,0.54569393414141,0.011961832061068703,4.634028112136,0.05373405544185621,0.05292509819867662,0.23449981322855012,0.4215551691117279,-0.01169438202247191,3.106838843587175,-0.0118753096764762,-0.004383187784275693,0.1460620923907226,0.5423559618831341,0.004479310344827586,1.0840426512640025,0.0015869514415262009,0.0010278364062362806,0.044585987261146494,0.6885705846068947,0.0011285714285714284,1.634742049932848,-0.0008008190395607306,-0.0009242870093700278,0.8773124223317117,0.9030066879742952,0.000504973544973545,34.90416974134689,0.014825985301109663,-0.005194044662020925,0.1272473381043812,0.9351520477631463,0.0004030178326474623,26.802966761948316,0.003103117886244813,0.001980610147127224,0.060573981354699956,0.04543202529637347,0.024594433370393003,0.2931298026514035,qualified,Qualified,True,50.80092943854325,50.43199924127466,1.2172799696509864,2.1685318664643396,68.38344081942337,67.22828148710167,63.5826062215478,64.7823406676783,95.7980842185129,95.7980842185129,89.75294006069802,95.05737860394538,64.45798558421852,54.19243171471927,64.45798558421852,19.0,28.0,45.0,31.0,34.0,17.0,22.0,17.0,St. Louis City SC,STL,St. Louis,False,St. Louis City SC,STL,-0.0760886554433036,0.19723661815270352,0.08308498380024253,-0.17044157486028477,0.3136651767051332,0.14615570365536382,0.323156981394121,2000.0,25,0.0,100.0,19,64.5,0,-0.04201441578148035,2026-09-28T20:35:07Z,0.0,Sweeper-Keeper Receiver
odMXEAde5Y,2025,pzeQZ6xQKw,96.0,0.7991,0.7707,5,-0.0124,-0.0132,3,0.0005,0.0,0,0.008,0.0069,1,0.0203,0.0802,27,0.006,0.0009,18,5,2,3,2.7707,0.2,Adam Beaudry,adam-beaudry,USA,2006-04-18,0.8215,54,True,0.7991000000000001,5.0,-0.012400000000000001,3.0,0.0005,0.0,0.008,1.0,0.0203,27.0,0.006,18.0,0.8214999999999999,54.0,2.0,5.0,2.7707,60.0,0.7707000000000002,0.7707000000000002,0.017865223570609462,0.042989524996042236,0.15982000000000002,4.345050494344787,0.06114421232696613,0.049624693361087074,0.010220377951308484,0.02653137735160019,-0.0041333333333333335,2.9468211374577504,-0.004239427400558821,-0.004157431737668369,0.0,0.04243930705865313,,1.0374785049470738,0.0009836865522115826,0.0009836865522115826,0.0011098779134295228,0.07637153320966035,0.008,1.7170384273291925,-0.0009544944619847728,-0.0009708175751854598,0.16964771928921832,0.25825519000376856,0.0007518518518518517,29.847219531663836,0.00011897984201577616,-0.004441526397373719,0.0035870864886408927,0.35035453225470276,0.0003333333333333333,19.40950392986681,0.0014523318644790444,0.0014342688544753289,0.05850528872312894,0.042472873057546434,0.6666240249851898,0.015068915854277777,limited,Limited Sample,False,59.39491654021244,100.0,46.43873292867981,31.898710166919575,37.81676783004552,29.252655538694995,44.51062215477997,79.86722306525039,69.97439301972686,99.23463581183611,44.640553869499236,59.36267071320182,63.240705614567524,100.0,63.240705614567524,20.0,2.0,58.0,49.0,,,,,Colorado Rapids,COL,Colorado,False,Colorado Rapids,COL,,,,,,,,,1,,,20,63.2,0,0.04070561456752131,2026-09-28T20:35:07Z,,
kRQaonbo5K,2025,mvzqoLZQap,2825.0,1.3921,0.5559,108,0.3422,0.3189,70,0.0161,0.0022,23,-0.5628,-0.5945,73,0.3171,2.0794,1050,0.2337,0.0823,819,108,38,70,38.5559,0.1852,Patrick Schulte,patrick-schulte,USA,2001-03-13,1.7384,2143,True,0.0473067610619469,3.6700884955752215,0.011628743362831859,2.3787610619469026,0.0005471150442477877,0.7815929203539822,-0.019125238938053096,2.48070796460177,0.010775787610619468,35.68141592920354,0.007941663716814158,27.83150442477876,0.059074831858407076,72.82407079646018,1.2913274336283185,3.6700884955752215,1.3102181946902656,64.81481481481481,0.5559000000000012,0.018890761061946943,0.2820776100341754,0.5693151659965464,0.012889814814814814,3.9481133201484377,0.04672709992459792,0.04509128561847336,0.19415794329611574,0.4450671224968269,0.004888571428571429,2.6931919755971556,-0.0005056264426860007,-0.0037996068552165127,0.11945216282921428,0.5660127214022842,0.0007,0.9125993005501964,0.0008382307218065575,0.0008652821771519215,0.0750256937307297,0.7087282689472373,-0.00770958904109589,2.2755419258107747,-0.0025062816946440714,-0.0012865967700470863,0.8882096513907848,0.9110771462399886,0.00030199999999999997,35.25077386993623,0.008869233472007444,-0.005245622377155667,0.14074583261728818,0.9407233851679467,0.0002853479853479853,27.37733568960896,0.002837832887578424,0.0020230532444314477,0.05626048886866027,0.03764779503763746,0.016913197915323874,0.3761772910822868,qualified,Qualified,True,47.08317526555387,46.5065440060698,92.05187784522003,88.9847306525038,30.59227996965099,30.59227996965099,8.394821699544766,7.233971927162368,85.9763846737481,85.9763846737481,87.19603566009104,76.69907056145675,61.90108118361153,56.74933611532625,61.90108118361153,21.0,26.0,30.0,40.0,20.0,18.0,21.0,2.0,Columbus Crew,CLB,Columbus,False,Columbus Crew,CLB,-0.06213276034747977,0.1746537380848003,0.0719779847927299,-0.10281563485497376,0.22883888263607094,0.10261386547458734,0.4920251143414651,2000.0,28,0.0,100.0,21,61.9,0,0.0010811836115323104,2026-09-28T20:35:07Z,0.0,Sweeper-Keeper Receiver
4JMAk3z9qK,2025,APk5LGOMOW,815.0,1.065,0.8238,38,0.2919,0.2852,26,0.1416,0.1375,11,-0.3565,-0.3657,14,-0.0311,0.4773,275,0.0601,0.0164,228,38,12,26,12.8238,0.2105,Thomas Gillier,thomas-gillier,Chile,2004-05-28,1.171,592,True,0.1254478527607362,4.476073619631902,0.03438331288343559,3.0625766871165645,0.016679263803680983,1.2957055214723927,-0.04199263803680982,1.6490797546012272,-0.0036633128834355827,32.392638036809814,0.007079263803680982,26.856441717791412,0.13793374233128836,69.73251533742331,1.4134969325153375,4.476073619631902,1.5105334969325153,68.42105263157895,0.8238000000000003,0.09703656441717795,0.12145489473822643,0.27607445916820533,0.028026315789473684,4.359924198768244,0.05858766266705269,0.04979456549999965,0.08214039699337834,0.1879024401966357,0.011226923076923077,2.967394864328622,-0.0011060964371503745,-0.004186457545841061,0.06092640343875346,0.27339324535258336,0.012872727272727274,1.1414863375643005,0.0019116161090604123,0.001082301709809916,0.015317286652078774,0.41244670678153267,-0.025464285714285714,1.7238447447209098,-0.0016321115385894926,-0.0009746658830864354,0.6754212174007764,0.7472091875237586,-0.00011309090909090908,31.999777152315772,-0.003989865052390712,-0.004761845731771049,0.04361132364192808,0.8207384738025734,0.00026359649122807016,25.65775740590915,0.002108254529112207,0.001895984691620696,0.055879460277094735,0.04284988274073172,0.07091446120655558,0.12573733474341425,provisional,Provisional,True,59.00844081942337,74.34512518968134,87.64083839150227,98.6281297420334,83.95722685887709,99.61352427921094,16.68199924127466,0.3864757207890744,51.663031107739,53.85954097116844,73.67460166919575,70.19300075872535,60.17498103186646,74.60119499241274,60.17498103186646,22.0,20.0,38.0,25.0,28.0,19.0,15.0,9.0,CF Montréal,MTL,Montréal,False,CF Montréal,MTL,-0.09450165824718881,0.20626057880137827,0.09142522849840823,-0.21686314805759307,0.49869351164659625,0.21522193981624388,0.18045088903169587,2000.0,8,0.0,100.0,22,60.2,0,-0.025018968133544206,2026-09-28T20:35:07Z,,
xW5pxyxB5g,2025,NPqxKXZ59d,200.0,1.0209,0.9617,11,0.13,0.1284,9,0.0215,0.0206,4,0.049,0.0467,4,-0.0366,0.0881,62,0.0124,0.0017,39,11,2,9,2.9617,0.0909,David Bingham,david-bingham,USA,1989-10-19,1.1972,129,True,0.49003199999999997,5.28,0.0624,4.32,0.01032,1.92,0.02352,1.92,-0.017568,29.759999999999998,0.005952000000000001,18.72,0.5746560000000001,61.92,0.96,5.28,1.421616,81.81818181818183,0.9617,0.461616,0.03847857778164305,0.08557606323957884,0.0928090909090909,4.398156752215503,0.06400492200760807,0.05023121836368927,0.03004695145364374,0.053729395056133944,0.014444444444444446,3.019229718351215,-0.002821219060680956,-0.004259587151330741,0.023048684349536382,0.08452892814076393,0.005375,1.1541716350613662,0.0012120929303743725,0.0010943292906216296,0.004424778761061947,0.14694938210339023,0.01225,1.7974403148672975,-0.0009143525634324723,-0.0010162769919682807,0.31933523348824333,0.4204106454584882,-0.0005903225806451613,30.385112184573483,-0.008805594835588886,-0.0045215695120872056,0.007739630879142687,0.5290891104138532,0.0003179487179487179,19.40265643556819,0.0014704122301923493,0.0014337628576276407,0.054146260708472484,0.04296187685655231,0.34063139415373794,0.029070997083107522,limited,Limited Sample,False,62.642261001517454,99.01460546282246,59.83592564491654,100.0,51.58668437025796,98.85811836115326,51.142830045523525,97.6564871016692,42.170902883156295,10.046471927162367,44.640553869499236,55.98254931714719,59.78850531107739,99.01460546282246,59.78850531107739,23.0,5.0,15.0,2.0,,,,,Charlotte FC,CLT,Charlotte,False,Charlotte FC,CLT,-0.060740315397280704,0.16903283681422568,0.0698460789156329,0.4437942857142857,0.7194947368421053,0.09670385459634247,0.5216707540759165,2000.0,2,0.0,100.0,23,59.8,0,-0.011494688922610408,2026-09-28T20:35:07Z,,
2lqRjZp2qr,2025,mKAqBBmqbg,389.0,0.2557,0.1405,13,0.0903,0.0871,11,0.0496,0.0476,7,0.945,0.9406,17,0.0104,0.2531,122,0.0161,-0.0048,42,13,2,11,2.1405,0.0769,Jacob Jackson,jacob-jackson,USA,2000-04-25,1.3670999999999998,212,True,0.06310334190231362,3.2082262210796912,0.022284832904884318,2.7146529562982002,0.012240616966580976,1.7275064267352187,0.23321336760925448,4.195372750642674,0.0025665809768637532,30.10796915167095,0.003973264781491003,10.36503856041131,0.3373820051413881,52.31876606683804,0.493573264781491,3.2082262210796912,0.5282467866323907,84.61538461538461,0.14049999999999985,0.034673521850899704,0.04515874749141993,0.15399219009953177,0.01966923076923077,4.145098248517792,0.04888501544055359,0.0473410446672595,0.03648046803179622,0.09945396983875826,0.008209090909090909,2.922425872939394,-0.003097421737883771,-0.00412301443094139,0.039649790974172074,0.15224727750854702,0.0070857142857142855,1.1815141349603322,0.001407779233216676,0.0011202541163661704,0.018538713195201745,0.25096565842085516,0.05558823529411765,2.383424985827906,0.0011335898753740887,-0.0013475941065437022,0.48002518184121873,0.5852041027540015,8.524590163934426e-05,30.411008289190526,-0.0011086821261398602,-0.004525423078149657,0.008330027766759222,0.6860571485090838,0.00038333333333333334,13.443126543171557,0.0010280336871723319,0.000993382302675567,0.04824831437229305,0.03945864947066649,0.10901274176469293,0.0855535690763712,provisional,Provisional,True,49.39918437025796,51.83374430955994,53.751422610015176,97.28139226100151,61.32729514415781,99.04258345978756,99.81553490136571,99.81553490136571,69.40582321699544,71.59853945371776,24.55187784522003,49.070087253414265,59.604040212443095,96.73890364188163,59.604040212443095,24.0,10.0,3.0,1.0,1.0,20.0,5.0,-19.0,FC Dallas,FCD,Dallas,False,FC Dallas,FCD,-0.10524129331130466,0.20173792205589075,0.09331505572182545,-0.05443152709359607,0.7649032258064516,0.2440334241196636,0.14621933757270938,2000.0,4,0.0,100.0,24,59.6,0,0.004040212443094049,2026-09-28T20:35:07Z,,
jYQJz0RGQG,2025,zeQZBOzQKw,3198.0,3.9175,2.9709,130,-0.5943,-0.6207,91,0.1066,0.0908,37,-0.0399,-0.0758,71,-0.5601,1.4349,1059,-0.688,-0.8594,729,137,39,91,41.9709,0.0803,CJ dos Santos,cj-dos-santos,USA,2000-08-24,2.1418,2117,True,0.11759849906191369,3.902439024390244,-0.017840150093808634,2.7317073170731705,0.0032,1.1106941838649156,-0.001197748592870544,2.131332082551595,-0.016813508442776737,31.78986866791745,-0.020652908067542212,21.883677298311444,0.06429418386491557,63.54971857410882,1.1707317073170733,4.112570356472796,1.2599144465290806,66.42335766423358,2.9709000000000003,0.08918273921200752,0.3210880623447689,0.5994262002474808,0.030134615384615385,4.067952400179027,0.07090318364838655,0.046459964211951824,0.2385125919915585,0.47586756322601564,-0.0065307692307692315,2.843695790277072,-0.007484583792243747,-0.004011940521429539,0.17913711330030763,0.5961908773207356,0.0028810810810810813,1.099696686185078,0.0014234591889956477,0.0010426787991786753,0.07312049433573635,0.7336523421194244,-0.0005619718309859155,2.036777515192181,-0.001151087900366407,-0.0011515988093329036,0.8890543059868085,0.9206254614185383,-0.0005288951841359773,31.714357651618652,-0.01543620964401556,-0.0047193728225164155,0.1272473381043812,0.9472725924856258,-0.000943758573388203,21.79330113446992,-0.0012116759031025673,0.0016104199863281386,0.047043085597653925,0.03923015084417978,0.015822834015105567,0.39193983536306465,qualified,Qualified,True,72.80538694992413,70.222875569044,11.35432473444613,12.14624430955994,63.028262518968134,55.91141881638847,36.412177541729896,44.79609256449165,17.68873292867982,20.681904400606978,1.5165022761760243,3.6380880121396055,57.90307283763278,59.605462822458264,57.90307283763278,25.0,25.0,22.0,34.0,12.0,21.0,20.0,-9.0,San Diego FC,SD,San Diego,False,San Diego FC,SD,-0.0840127531100935,0.17809892430540136,0.07967629259235441,-0.15710635770023332,0.27573764831965375,0.12966988028111331,0.377554817227117,2000.0,32,0.0,100.0,25,57.9,0,0.0030728376327786577,2026-09-28T20:35:07Z,0.0,Sweeper-Keeper Receiver
odMXRoXoqY,2025,Vj58weDM8n,3597.0,2.7463,1.6815,150,0.5268,0.4971,105,0.2814,0.2636,36,0.0857,0.0454,57,-0.5903,1.6536,1025,0.289,0.0962,641,150,45,105,46.6815,0.1533,Matt Freese,matt-freese,USA,1998-09-02,3.3389000000000006,2014,True,0.07329574645537949,4.0033361134278564,0.014059716430358634,2.8023352793994993,0.007510258548790659,0.9608006672226855,0.0022872393661384485,1.5212677231025855,-0.01575446205170976,27.356130108423685,0.007713094245204336,17.107589658048376,0.08911159299416181,53.751459549624684,1.2010008340283571,4.0033361134278564,1.2458782318598831,70.0,1.6814999999999998,0.044877397831526264,0.35304638286079454,0.6272996043779979,0.018308666666666668,4.119728072359367,0.057069137464561125,0.04705129263468422,0.265465770897669,0.505242243649048,0.005017142857142857,2.8731036952455677,0.0008492455749384879,-0.004053429757372727,0.17514353475785974,0.6241482490154345,0.007816666666666666,1.0069023123745282,0.002165975080048571,0.0009546956966825043,0.05956112852664577,0.7559878671465141,0.0015035087719298245,1.583505468992515,-0.0007001876012953205,-0.0008953177257025336,0.8857944496755327,0.9288032788623432,-0.0005759024390243903,27.60406650556154,-0.014550820202398987,-0.004107725677068343,0.11363233469243042,0.9528456229846803,0.00045085803432137284,17.25197925236681,0.002013829616486299,0.0012748381725330412,0.04684717993234019,0.04022435334375617,0.01435194116530559,0.4154216951707941,qualified,Qualified,True,53.72391881638847,56.91625569044007,97.30889605462822,92.03006449165402,89.16966995447649,86.52456373292868,70.48700682852808,67.70533004552351,23.11219650986343,23.90411608497724,70.62262898330805,73.65373672230653,54.68086115326252,62.82767450682852,54.68086115326252,26.0,24.0,24.0,21.0,14.0,22.0,19.0,-8.0,New York City FC,NYC,New York City,False,New York City FC,NYC,-0.08398386686113063,0.17767822672581102,0.0795396288121604,-0.12815722214235556,0.2973477760220655,0.12908327350253967,0.3796882688453717,2000.0,36,0.0,100.0,26,54.7,0,-0.01913884673748356,2026-09-28T20:35:07Z,2.0,Low-Involvement Keeper
BLMv64wlMx,2025,zeQZBOzQKw,16.0,0.0047,0.0,0,0.0001,0.0,0,0.0001,0.0,0,0.2485,0.2483,3,0.0112,0.0211,6,0.0015,0.0006,3,0,0,0,0.0,0.0,Duran Michael Ferree,duran-michael-ferree,USA,2006-09-28,0.2661,12,True,0.028200000000000003,0.0,0.0006000000000000001,0.0,0.0006000000000000001,0.0,1.491,18.0,0.0672,36.0,0.009000000000000001,18.0,1.5966,72.0,0.0,0.0,0.0,,0.0,0.0,0.0,0.007431138425241169,,4.2835597000282455,0.04892240881538166,0.04892240881538166,0.0,0.004521872479508069,,2.93205317984412,-0.004136596820033559,-0.004136596820033559,0.0,0.007332541147508283,,1.0755152740829728,0.0010197511628132925,0.0010197511628132925,0.0033222591362126247,0.013593734133101254,0.08283333333333333,1.9968680563135643,-0.0005757572585529322,-0.0011290339071857983,0.043430005340125914,0.054846108470680506,0.0018666666666666666,31.12162906426733,-0.0019070278898050757,-0.004631169642839794,0.0005996402158704777,0.08247075881766026,0.0005,19.990718223129758,0.0014823256114269193,0.0014772177913268364,0.0448051036212303,0.04152257739946263,0.3643374051853071,0.027230969282968052,limited,Limited Sample,False,49.58364946889226,41.81240515933232,46.43873292867981,54.540971168437025,41.094461305007584,31.93190440060698,78.46452959028831,100.0,65.58421851289833,100.0,47.832890743550834,83.45030349013656,52.97515174506828,100.0,52.97515174506828,27.0,1.0,1.0,,,,,,San Diego FC,SD,San Diego,False,San Diego FC,SD,,,,,,,,,1,,,27,53.0,0,-0.024848254931718827,2026-09-28T20:35:07Z,,
gjMNeXBpQK,2025,NWMWlBK5lz,3424.0,3.1918,2.1783,144,-0.2167,-0.245,101,-0.045,-0.0619,51,-1.3113,-1.3497,56,-0.4979,1.6381,1073,0.1077,-0.0758,656,148,43,101,45.1783,0.1149,Roman Celentano,roman-celentano,USA,2000-09-14,1.2286000000000004,2081,True,0.08948971962616822,4.037383177570093,-0.00607570093457944,2.831775700934579,-0.0012616822429906542,1.4299065420560748,-0.036765420560747664,1.570093457943925,-0.013959813084112151,30.084112149532714,0.003019626168224299,18.39252336448598,0.034446728971962624,58.34579439252336,1.205607476635514,4.149532710280374,1.266681308411215,68.24324324324324,2.1783,0.06107383177570094,0.3437793294976205,0.6157052896376445,0.02216527777777778,4.144311860469834,0.06263978690933719,0.04733206335259043,0.2579615495920208,0.49292023234040255,-0.0021455445544554456,2.889377971990319,-0.004624016226063009,-0.004076389818906899,0.23124459283110085,0.6125164554592485,-0.0008823529411764705,1.2956641256280967,0.0006800384659414309,0.0012284855739043542,0.058577405857740586,0.7467808921176141,-0.02341607142857143,1.6223159262922755,-0.0030887845177157425,-0.0009172612497657657,0.890343137601305,0.9254741039633653,-0.0004640260950605778,30.140336803095035,-0.012944079479117309,-0.004485144802002891,0.11598302687411598,0.950580856536074,0.0001641768292682927,18.480347489384236,0.0015591189477812638,0.001365608668808829,0.04422206410016382,0.04044736172462806,0.015224830232124927,0.4011588083929458,qualified,Qualified,True,61.018588770864945,63.70257966616085,42.66502276176024,44.81506069802732,23.982359635811836,23.982359635811836,1.6236722306525038,2.3966236722306524,31.970789074355082,34.13125948406677,50.96927162367223,43.069992412746586,51.35147951441578,46.79059180576631,51.35147951441578,28.0,31.0,26.0,26.0,16.0,23.0,25.0,-7.0,FC Cincinnati,CIN,Cincinnati,False,FC Cincinnati,CIN,-0.08756109413638455,0.1760052223367122,0.08011847146936046,-0.18155722988495177,0.24718942796858012,0.13160251629797265,0.37062688848821695,2000.0,34,0.0,100.0,28,51.4,0,-0.04852048558421984,2026-09-28T20:35:07Z,1.0,High-Volume Shot Stopper
7VqG3Onxqv,2025,a2lqRX2Mr0,207.0,-0.2701,-0.3313,5,0.0591,0.0574,3,0.003,0.0019,1,-0.0042,-0.0065,3,0.0303,0.1594,69,0.0152,0.0041,51,5,2,3,1.6687,0.2,AJ Marcucci,aj-marcucci,USA,1999-07-31,-0.16670000000000004,132,True,-0.12526376811594203,2.318840579710145,0.027408695652173912,1.391304347826087,0.001391304347826087,0.46376811594202894,-0.0019478260869565216,1.391304347826087,0.014052173913043479,32.0,0.0070492753623188405,23.65217391304348,-0.07731014492753624,61.21739130434782,0.9275362318840579,2.318840579710145,0.7738898550724638,60.0,-0.33129999999999993,-0.15364637681159415,0.017865223570609462,0.0883067324646983,-0.05402,4.139299815687696,0.04243549280334867,0.04727482093716871,0.010220377951308484,0.055505544107348405,0.0197,2.8591124172693414,-0.003416806924501289,-0.004033690594255727,0.005863531095428258,0.08722937144122948,0.003,1.029404472554574,0.00098841599463737,0.0009760311482212821,0.0033222591362126247,0.15131436613576332,-0.0014,1.7180681943725615,-0.0009761635808705663,-0.0009713998078997296,0.34302190717661296,0.42881527038831113,0.0004391304347826087,31.336593638778776,0.0016566808833555543,-0.004663158245033707,0.01009701049297169,0.5376509451681123,0.0002980392156862745,22.04203272945311,0.0016786852431977417,0.0016288000531808212,0.04236630441916748,0.04021140349138165,0.14590605252218455,0.06533414260157291,limited,Limited Sample,False,44.375,11.848444613050075,49.684180576631256,97.4658573596358,37.81676783004552,38.132587253414265,44.51062215477997,41.058421851289836,73.12689681335357,90.77295144157816,56.71946130500759,69.80652503793627,49.727807283763276,21.087822458270107,49.727807283763276,29.0,45.0,9.0,49.0,,,,,New York Red Bulls,NYRB,New York,False,New York Red Bulls,NYRB,-0.04853188846044428,0.13326449729877923,0.05526217743066546,-0.17009708737864074,0.014492307692307691,0.06602417506526535,0.7005675522937274,2000.0,2,2.5569044006069803,95.78053869499242,29,49.7,0,0.02780728376327346,2026-09-28T20:35:07Z,,
7VqG07YAQv,2025,lgpMOvnQzy,4015.0,0.7674,-0.421,139,-0.5454,-0.5786,95,-0.1893,-0.2091,53,-0.6189,-0.6639,119,0.6597,3.1643,1423,0.131,-0.0842,1117,144,44,95,43.5789,0.1667,Yohei Takaoka,yohei-takaoka,Japan,1996-03-16,0.2044999999999999,2946,True,0.01834879202988792,3.3235367372353677,-0.013040697384806975,2.2714819427148196,-0.0045262266500622666,1.2672478206724782,-0.01479810709838107,2.8453300124533,0.015773648816936485,34.02440846824409,0.003132254047322541,26.70784557907846,0.004889663760896635,70.43985056039851,1.052054794520548,3.443088418430884,1.0419861519302613,65.97222222222221,-0.4211000000000027,-0.01006864259028649,0.3358515338595428,0.6526224553290434,0.0055208633093525175,3.668167569327334,0.034625339199197976,0.04189403346678543,0.24641324823133187,0.5326800758947943,-0.005741052631578947,2.586404088188612,-0.006408711177895665,-0.0036489484570302396,0.23815333486556145,0.6495656025089371,-0.003571698113207547,1.2028421720215545,-0.0001542836829909693,0.0011404763215898486,0.11678115799803729,0.7756935893176559,-0.005200840336134454,2.6055459562908623,-0.0028836467483863803,-0.0014731818269525627,0.9150223129722588,0.9357392225622904,0.00046359803232607163,33.81968229233732,0.013918731157941244,-0.0050326634778444035,0.1826058525420958,0.957546431771613,0.00011727842435094002,26.43027588884529,0.0021624516224942924,0.0019530700866717706,0.0412598803703605,0.034832786113219834,0.010841984890024685,0.4847203878186961,qualified,Qualified,True,38.247818664643404,39.11655918057663,27.094556145675263,29.994783763277695,12.937689681335357,18.253509104704097,5.1512708649468895,17.03860015174507,92.67687784522003,92.67687784522003,75.9650037936267,46.59759104704097,47.82388088012139,43.262993171471926,47.82388088012139,30.0,33.0,18.0,36.0,9.0,24.0,26.0,-15.0,Vancouver Whitecaps FC,VAN,Vancouver,False,Vancouver Whitecaps FC,VAN,-0.06593217317234337,0.14845193391306435,0.06516814134995809,-0.14515546466078472,0.1377263534865084,0.0853058275328714,0.5835972930681305,2000.0,39,0.0,100.0,30,47.8,0,0.02388088012139633,2026-09-28T20:35:07Z,0.0,Sweeper-Keeper Receiver
a35rymlLML,2025,zeQZkL1MKw,216.0,-0.0605,-0.1245,13,-0.0992,-0.101,8,0.0011,0.0,0,0.0156,0.0132,6,0.0011,0.1358,66,0.0005,-0.0111,54,13,5,8,4.8755,0.0,Drake Callender,drake-callender,USA,1997-10-07,-0.14140000000000003,147,True,-0.026888888888888886,5.777777777777778,-0.044088888888888886,3.5555555555555554,0.000488888888888889,0.0,0.006933333333333333,2.6666666666666665,0.000488888888888889,29.333333333333336,0.00022222222222222223,24.0,-0.06284444444444445,65.33333333333334,2.2222222222222223,5.777777777777778,2.166888888888889,61.53846153846154,-0.12450000000000028,-0.055333333333333456,0.04515874749141993,0.09179372067907882,-0.004653846153846153,4.4498457504179685,0.04759133115654941,0.050821556885480346,0.02679786731638517,0.05777939052465651,-0.0124,2.9806278223417184,-0.005082881839461031,-0.004205126856620589,0.0,0.09067804892947272,,0.9852137679277032,0.0009341316759267457,0.0009341316759267457,0.006622516556291391,0.15686127922699314,0.0026,1.9159874677265318,-0.0010431391214509827,-0.0010833038317012492,0.3330753963290382,0.43926960755574274,1.6666666666666667e-05,30.17735027912778,-0.0028274045769891573,-0.004490652729824562,0.010684606252473288,0.5482119993237301,9.259259259259259e-06,22.269494277227558,0.0016302288439055757,0.001645608365992033,0.04120226613848056,0.04362221350925272,0.34469582474696553,0.028738061674282663,limited,Limited Sample,False,49.21471927162367,24.998103186646432,39.52864188163885,0.9512518968133536,34.8548937784522,29.252655538694995,41.53831562974204,79.86722306525039,55.7701062215478,69.22135811836115,55.569992412746586,30.147003034901367,45.91995447647951,23.578338391502278,45.91995447647951,31.0,43.0,62.0,47.0,,,,,Inter Miami CF,MIA,Miami,False,Inter Miami CF,MIA,-0.09435535329233492,0.17675988556929606,0.08241318094173695,-0.1348736842105263,0.10822499999999999,0.1425888486305487,0.3340582716732028,2000.0,3,0.0,100.0,31,45.9,0,0.019954476479512095,2026-09-28T20:35:07Z,,
kRQa22wjMK,2025,jYQJ8EW5GR,3366.0,2.5046,1.5082,162,0.0728,0.045,111,0.0929,0.0762,34,-0.5764,-0.6141,66,-0.6286,1.4712,808,0.2916,0.1112,408,165,51,111,52.5082,0.1455,Pedro Gallese,pedro-gallese,Peru,1990-02-23,1.7569000000000001,1589,True,0.07143244206773618,4.620320855614973,0.0020762923351158647,3.1657754010695185,0.002649554367201426,0.9696969696969697,-0.01643921568627451,1.8823529411764706,-0.01792798573975045,23.0445632798574,0.008316577540106953,11.636363636363637,0.050107664884135476,45.31907308377897,1.4545454545454546,4.705882352941177,1.497560071301248,67.27272727272727,1.5082000000000022,0.043014616755793295,0.37081684969068757,0.6116550116927577,0.015460493827160493,4.50199558867381,0.05816080286151746,0.05141715864790974,0.27644176769358764,0.48865061830716455,0.0006558558558558559,3.053072143369397,-0.002563065877489799,-0.004307332693149282,0.16703865732044024,0.6084539416092475,0.0027323529411764705,1.0142403526214523,0.0012639279835131743,0.0009616532687922558,0.06832298136645963,0.7435366538781527,-0.008733333333333334,1.855161370836068,-0.0020841991365890896,-0.0010489126131057235,0.8594342767713676,0.9242871660263154,-0.000777970297029703,23.634667591129972,-0.016296853569663174,-0.003517044523621163,0.07544378698224852,0.9497720800905382,0.0007147058823529412,12.06497290994282,0.0014748267447942862,0.0008915433870616348,0.03995543900608286,0.044397065473887456,0.01767670244321727,0.36587393896146003,qualified,Qualified,True,57.025796661608496,53.61437784522003,61.43209408194233,57.55690440060698,53.7556904400607,46.92811077389985,11.330614567526554,13.53850531107739,8.450303490136571,8.450303490136571,46.23672230652504,81.85413505311078,44.323786039453715,51.37898330804249,44.323786039453715,32.0,29.0,40.0,29.0,30.0,25.0,23.0,5.0,Orlando City SC,ORL,Orlando City,False,Orlando City SC,ORL,-0.10415956825876391,0.18407044627092964,0.08761570334450437,-0.2301509839715049,0.3533251473610899,0.17617604547933172,0.24732623621678296,2000.0,33,0.0,100.0,32,44.3,0,0.023786039453717933,2026-09-28T20:35:07Z,1.0,High-Volume Shot Stopper
gOMn2jBXMw,2025,kRQand1MKZ,187.0,0.1042,0.0488,9,0.008,0.0064,6,0.0009,0.0,0,0.0091,0.007,3,-0.0266,0.09,51,0.012,0.002,19,9,3,6,3.0488,0.3333,Alec Smir,alec-smir,USA,1999-04-13,0.10759999999999999,88,True,0.05349304812834225,4.620320855614973,0.004106951871657754,3.080213903743316,0.00046203208556149736,0.0,0.004671657754010695,1.540106951871658,-0.013655614973262033,26.18181818181818,0.006160427807486631,9.754010695187166,0.05523850267379679,45.17647058823529,1.540106951871658,4.620320855614973,1.5651593582887702,66.66666666666666,0.048799999999999955,0.025052406417112275,0.03170427919827921,0.0804611799455239,0.011577777777777777,4.340145548551074,0.049590250992416054,0.049568674120048895,0.020233957212455075,0.05041304744271741,0.0013333333333333333,2.9521695780298756,-0.0040010580146549206,-0.004164977420132412,0.0,0.07947119276990329,,0.9973559459215311,0.00094564429729686,0.00094564429729686,0.0033222591362126247,0.13872271135327952,0.0030333333333333336,1.74355857706916,-0.0009649662616696821,-0.0009858121303767248,0.2784552107252078,0.4041274189929972,-0.0005215686274509804,28.95663296565333,-0.007314609244837612,-0.0043089993545151455,0.003785614664275752,0.5123173166007982,0.0006315789473684211,14.83353810169886,0.0011274432271097844,0.0010961270199287244,0.03938270499566049,0.0421506565322502,0.31708288356264336,0.031162706829349438,limited,Limited Sample,False,49.58364946889226,49.21471927162367,46.82283763277694,63.97856600910471,34.8548937784522,29.252655538694995,44.51062215477997,73.93019726858877,42.94669954476479,39.32663125948407,31.077389984825494,60.138467374810325,42.72761760242792,55.40971168437026,42.72761760242792,33.0,27.0,43.0,32.0,,,,,Minnesota United FC,MIN,Minnesota,False,Minnesota United FC,MIN,-0.12157147234555388,0.20033688233687486,0.09785319184747002,-0.45505882352941174,0.6674823529411764,0.39568638076060964,0.06115722735774029,2000.0,2,0.0,100.0,33,42.7,0,0.027617602427916665,2026-09-28T20:35:07Z,,
gpMOaPn1qz,2025,mvzqoLZQap,294.0,-0.0666,-0.1536,23,0.1585,0.156,13,0.006,0.0046,2,0.0052,0.0019,8,-0.0467,0.1367,68,0.0075,-0.0083,37,23,10,13,9.8464,0.0435,Nicholas Hagen,nicholas-hagen,Guatemala,1996-08-02,0.0639,151,True,-0.021746938775510205,7.510204081632653,0.05175510204081632,4.244897959183674,0.0019591836734693877,0.6530612244897959,0.0016979591836734694,2.6122448979591835,-0.015248979591836733,22.20408163265306,0.0024489795918367346,12.081632653061224,0.020865306122448978,49.30612244897959,3.2653061224489797,7.510204081632653,3.2151510204081633,56.52173913043478,-0.15360000000000085,-0.05015510204081661,0.07721402356707965,0.12093280488370127,-0.0028956521739130435,4.701958577330621,0.0485031779601031,0.053700930035279336,0.04282920233817279,0.07703681426167117,0.012192307692307693,3.0454831326642875,-0.0025222937768335603,-0.00429662597140025,0.011658701034806627,0.11950957665099635,0.003,1.032023037493557,0.0010032018865044452,0.0009785139438688911,0.00881057268722467,0.20206006864169104,0.00065,1.9452332417335392,-0.0010790091434961656,-0.0010998394612794808,0.33973953319754197,0.5160381257132072,-0.0006867647058823529,26.38283185915648,-0.008747851395195183,-0.003925995318110077,0.007345642247369466,0.6228705904134952,0.0002027027027027027,15.131862231816585,0.0011324891101974982,0.0011181717362652348,0.03828971464128014,0.04647515496462366,0.32755530652713505,0.030196474716502563,limited,Limited Sample,False,49.21471927162367,27.68304248861912,63.028262518968134,100.0,37.81676783004552,41.963201820940824,41.53831562974204,63.56506069802731,42.170902883156295,28.58213201820941,31.077389984825494,38.38106980273141,42.72761760242792,45.16691957511381,42.72761760242792,34.0,32.0,67.0,54.0,,,,,Columbus Crew,CLB,Columbus,False,Columbus Crew,CLB,-0.12736827803657141,0.2039477073191317,0.1007129085205903,-1.9366356164383565,1.9519135135135133,1.3603832551211137,0.005480847538155576,2000.0,3,0.0,100.0,34,42.7,0,0.027617602427916665,2026-09-28T20:35:07Z,,
4JMAaogDMK,2025,YgOMngl5wN,136.0,-0.2941,-0.3344,5,-0.0596,-0.0607,4,0.0043,0.0037,2,0.0467,0.0452,5,0.0026,0.0875,42,0.0103,0.0031,36,5,1,4,0.6656,0.2,Jimmy Maurer,jimmy-maurer,USA,1988-10-14,-0.28979999999999995,94,True,-0.2076,3.5294117647058822,-0.04207058823529412,2.8235294117647056,0.0030352941176470588,1.4117647058823528,0.03296470588235294,3.5294117647058822,0.0018352941176470587,29.647058823529413,0.007270588235294117,25.411764705882355,-0.2045647058823529,66.35294117647058,0.7058823529411764,3.5294117647058822,0.469835294117647,80.0,-0.33440000000000003,-0.23604705882352944,0.017865223570609462,0.05983013168539083,-0.05882,4.268590216916458,0.04339491424855435,0.04875144279089856,0.013580903280263162,0.037175156207497846,-0.0149,2.940842266515823,-0.004687744996309951,-0.004148996631956173,0.011658701034806627,0.059077678443190715,0.00215,1.102855279953053,0.0010611268266671598,0.0010456736238412014,0.0055248618784530384,0.10485632282175848,0.00934,1.9601497106984533,-0.0010010021543778785,-0.0011082732680017754,0.241166788029094,0.33031728831556173,6.19047619047619e-05,30.444975343399644,-0.002983352543030473,-0.004530477671853126,0.007148530579825258,0.43310976664868567,0.0002861111111111111,22.440061636158532,0.001692254764941673,0.0016582124722787665,0.03747619614644487,0.04166758131520745,0.34108806046383877,0.029033205354128636,limited,Limited Sample,False,44.375,5.801403641881639,41.04135053110774,0.9512518968133536,41.963201820940824,54.39491654021245,44.51062215477997,99.2469650986343,54.818854324734446,69.22135811836115,56.71946130500759,70.57947647951441,42.72761760242792,9.079097116843702,42.72761760242792,35.0,55.0,5.0,3.0,,,,,Houston Dynamo FC,HOU,Houston,False,Houston Dynamo FC,HOU,-0.12530848425576,0.20026087654864974,0.09896605869046446,-0.9230545454545456,0.47300571428571425,0.4968139660847831,0.03968121468784959,2000.0,2,0.0,100.0,35,42.7,0,0.027617602427916665,2026-09-28T20:35:07Z,,
ljqE2keVQx,2025,kaDQ0wRqEv,303.0,-0.8378,-0.9275,7,0.0765,0.074,4,0.0141,0.0126,4,0.0175,0.0141,7,0.0575,0.2465,112,0.0254,0.0092,89,8,3,4,2.0725,0.0,JT Marcinkowski,jt-marcinkowski,USA,1997-05-09,-0.6468,223,True,-0.26544158415841584,2.2178217821782176,0.02423762376237624,1.2673267326732673,0.004467326732673267,1.2673267326732673,0.005544554455445545,2.2178217821782176,0.018217821782178217,35.48514851485148,0.008047524752475247,28.198019801980198,-0.20492673267326736,70.65346534653466,0.9504950495049505,2.5346534653465347,0.6566336633663366,50.0,-0.9275000000000002,-0.29386138613861396,0.02483384809948689,0.12417513013166291,-0.11968571428571428,4.0551341656271305,0.03311052313829637,0.04631356753373226,0.013580903280263162,0.07920828956688512,0.019125,2.8124566977653536,-0.003183487773782494,-0.003967867811004969,0.023048684349536382,0.1227190707060142,0.003525,1.1060237681951381,0.0011143678699993365,0.0010486778299618272,0.007717750826901874,0.20696539395595115,0.0025,1.8677017516422003,-0.001011816864309777,-0.0010560029739807846,0.4587281218635134,0.5235644193076027,0.0005133928571428571,33.27134043597842,0.005155785746229123,-0.0049510654305884695,0.017488701120062882,0.6299269461746879,0.0002853932584269663,25.226936837141416,0.001957459192149908,0.0018641491266374979,0.037142831308582466,0.03925145827475735,0.0966627520605905,0.09544097766895368,limited,Limited Sample,False,32.77219271623672,2.479135053110774,53.56695751138088,97.4658573596358,47.83383915022762,63.791729893778445,41.53831562974204,76.48710166919575,75.61741274658573,97.01536418816389,65.11001517450683,78.03869499241274,42.72761760242792,9.079097116843702,42.72761760242792,36.0,56.0,13.0,60.0,,,,,LA Galaxy,LAG,LA Galaxy,False,LA Galaxy,LAG,-0.09902017823785945,0.17330584085502437,0.08278123199891063,-0.3999272727272729,-0.0033825503355704696,0.14452095506632115,0.3280968986347885,2000.0,3,0.0,100.0,36,42.7,0,0.027617602427916665,2026-09-28T20:35:07Z,,
gjMNvV70MK,2025,wvq9B9wQWn,916.0,-0.2009,-0.4721,46,-0.0009,-0.0084,32,0.0145,0.0099,9,0.097,0.0868,18,-0.0122,0.5592,291,0.0281,-0.021,150,46,14,32,13.5279,0.0652,Ben Lundt,ben-lundt,Germany,1995-09-24,-0.0744,546,True,-0.021055021834061133,4.820960698689956,-9.432314410480349e-05,3.353711790393013,0.001519650655021834,0.9432314410480349,0.010165938864628821,1.8864628820960698,-0.0012786026200873363,30.497816593886462,0.002944978165938865,15.720524017467248,-0.007797379912663755,57.222707423580786,1.467248908296943,4.820960698689956,1.4177711790393013,69.56521739130434,-0.4720999999999993,-0.04947772925764185,0.14335874186151723,0.30002271783089424,-0.004367391304347826,4.467240509053574,0.04090907117505793,0.051020221910088356,0.09921520182288641,0.20638266835976676,-2.8125e-05,3.029646077306054,-0.0038586629323554378,-0.004274282750177692,0.05040726340745393,0.2972044065541505,0.0016111111111111111,1.041783305050666,0.0010225824598204477,0.000987768153856022,0.0196078431372549,0.44101797060319153,0.005388888888888889,1.824899333264026,-0.0008187439126513385,-0.0010318023857117103,0.6876939802830353,0.7686334797352321,-4.1924398625429554e-05,30.576649334058498,-0.0023025750114883925,-0.004550071909257331,0.02912621359223301,0.8372880891001955,0.00018733333333333332,16.44444996840887,0.0012694985016879182,0.0012151656479160978,0.03622117028007113,0.04336699866671375,0.06780608053935039,0.1307477719180297,qualified,Qualified,True,43.94062974203338,28.117412746585735,47.25720789074355,50.53490136570562,41.528831562974204,38.56695751138088,61.155159332321695,84.71832321699544,65.14984825493173,65.14984825493173,38.06240515933232,41.011949924127464,42.29324734446131,33.99848254931715,42.29324734446131,37.0,36.0,41.0,22.0,31.0,26.0,29.0,5.0,St. Louis City SC,STL,St. Louis,False,St. Louis City SC,STL,-0.11907404918785017,0.19151638974799243,0.09441278974309851,-0.4340175383895003,0.43453562087757286,0.2659632547218667,0.12601387978038875,2000.0,9,0.0,100.0,37,42.3,0,-0.006752655538690533,2026-09-28T20:35:07Z,1.0,High-Volume Shot Stopper
KPqjonZyQ6,2025,WBLMvYAQxe,1497.0,-0.7416,-1.1847,71,0.0124,0.0001,49,-0.084,-0.0914,18,-0.0337,-0.0505,17,0.1558,1.0896,530,0.0797,-0.0005,358,71,22,49,20.8153,0.0986,Maxime Crépeau,maxime-crepeau,Canada,1994-05-11,-0.6114,1043,True,-0.047557515030060116,4.55310621242485,0.0007951903807615231,3.1422845691382766,-0.005386773547094189,1.154308617234469,-0.0021611222444889782,1.0901803607214429,0.00999118236472946,33.987975951903806,0.005111022044088176,22.95791583166333,-0.03920801603206413,66.88577154308618,1.4108216432865732,4.55310621242485,1.3348488977955912,69.01408450704226,-1.1846999999999994,-0.07597274549098193,0.20527745096914812,0.41193118544301505,-0.010445070422535212,4.413453705996563,0.03059567344876706,0.050405924421013985,0.1443166260993461,0.298245361575594,0.0002530612244897959,3.0041001027794723,-0.0035168806477644814,-0.004238241999717314,0.09597660862308967,0.4086753952587082,-0.004666666666666667,1.112413961029,0.00045526662425679785,0.0010547366993521182,0.018538713195201745,0.5632026909929795,-0.0019823529411764707,1.3898877023914435,-0.0008223559663419121,-0.0007858457839610462,0.8004188356395504,0.8444624560265512,0.0002939622641509434,33.49812092412699,0.006886996477037461,-0.004984812343712239,0.06681597611048899,0.8937269904787458,0.00022262569832402234,22.661598535208817,0.0018997843063984525,0.0016745829820853531,0.03549848424235337,0.043126343975060856,0.039116480924068324,0.20681114978187434,qualified,Qualified,True,31.286513657056148,24.288220789074355,48.401460546282244,55.250853566009106,20.873008345978754,15.639700303490137,60.010906676783,36.99402503793627,77.31268968133536,82.94148330804248,64.40013277693475,53.759958270106225,41.148994688922606,27.398046282245826,41.148994688922606,38.0,40.0,37.0,23.0,27.0,27.0,32.0,0.0,Portland Timbers FC,POR,Portland,False,Portland Timbers FC,POR,-0.10693724385590102,0.17793421234060774,0.08659477410135918,-0.30492186785846537,0.2422584048994622,0.1682912329884226,0.26476488332902565,2000.0,15,0.0,100.0,38,41.1,0,0.04899468892260472,2026-09-28T20:35:07Z,1.0,High-Volume Shot Stopper
4wM4an045j,2025,eVq3ya6MWO,101.0,-0.1301,-0.16,1,0.0008,0.0,0,0.0087,0.0082,1,0.0093,0.0082,1,-0.0217,0.0413,23,0.0117,0.0063,17,1,1,0,0.84,0.0,David Ochoa,david-ochoa,USA,2001-01-16,-0.1213,43,True,-0.12365940594059406,0.9504950495049505,0.0007603960396039605,0.0,0.008269306930693068,0.9504950495049505,0.008839603960396038,0.9504950495049505,-0.020625742574257425,21.861386138613863,0.01112079207920792,16.15841584158416,-0.11529504950495051,40.87128712871287,0.9504950495049505,0.9504950495049505,0.7984158415841585,0.0,-0.16000000000000003,-0.1520792079207921,0.0036248517435692345,0.04512752053375302,-0.1301,4.163769557097462,0.045418306424417326,0.047554289131074665,0.0,0.027874701472863753,,2.863270416450943,-0.0040395567791907585,-0.0040395567791907585,0.005863531095428258,0.044551212499878944,0.0087,1.077536047256961,0.001070644629515053,0.0010216671614454026,0.0011098779134295228,0.08003087967968145,0.0093,1.7102356503102336,-0.0009482452281573198,-0.0009669712690195892,0.14824045040452435,0.2680998263788889,-0.0009434782608695652,28.431768985117778,-0.0075802191412900274,-0.00423089501980128,0.0033884791708192145,0.3619965837381058,0.000688235294117647,18.71759756737004,0.0014221043304403196,0.0013831403068561706,0.035343034235734594,0.04072167353136461,0.12460183429648138,0.07565969401181717,limited,Limited Sample,False,45.743550834597876,11.848444613050075,46.82283763277694,54.540971168437025,41.963201820940824,93.01593323216996,44.51062215477997,84.28395295902882,42.94669954476479,4.536229135053111,42.15003793626707,96.27465857359635,40.43911229135053,15.955993930197268,40.43911229135053,39.0,49.0,13.0,66.0,,,,,Los Angeles FC,LAFC,Los Angeles FC,False,Los Angeles FC,LAFC,,,,,,,,,1,,,39,40.4,0,0.03911229135053418,2026-09-28T20:35:07Z,,
aDQ0N1Kv5E,2025,EKXMeX3Q64,807.0,-1.956,-2.1948,42,-0.1286,-0.1353,23,0.0141,0.0102,5,-0.0247,-0.0337,17,0.2766,0.7801,268,0.0476,0.0043,152,42,19,23,16.8052,0.1905,Kim Joon-Hong,kim-joon-hong,South Korea,2003-06-03,-1.7710000000000001,507,True,-0.2326840148698885,4.996282527881041,-0.01529814126394052,2.7360594795539033,0.0016773234200743495,0.5947955390334573,-0.002938289962825279,2.0223048327137545,0.032904089219330857,31.881040892193308,0.005662453531598513,18.081784386617098,-0.2106765799256506,60.312267657992564,2.2602230483271373,4.996282527881041,1.9991315985130111,54.761904761904766,-2.1948000000000008,-0.26109144981412646,0.13254506815271772,0.27410733844227925,-0.04657142857142857,4.502201665565408,0.01681285973790694,0.05141951224600201,0.07335792609087881,0.18640180622411975,-0.005591304347826087,2.906355585403445,-0.004991639236429291,-0.004100342161292526,0.02864579347398948,0.27143806585204777,0.00282,0.9508177090866554,0.0009525024182117088,0.0009015190093802296,0.018538713195201745,0.4100582943773398,-0.0014529411764705883,1.877192704407411,-0.0010922561861999665,-0.0010613691810516734,0.6697432652521681,0.7453413763505263,0.001032089552238806,31.615559876798283,0.020300033143295926,-0.004704670852559015,0.029503105590062112,0.8192825546834707,0.0003131578947368421,18.459098304681262,0.0014943411027432214,0.0013640384564060498,0.033475840979528534,0.04381868751688507,0.0796760993825076,0.113479599574694,provisional,Provisional,True,19.932188922610013,5.418721547799697,39.91132397572079,24.328053869499243,35.237575872534144,39.38400986342943,41.155633535660094,33.21652124430956,99.61731790591806,99.61731790591806,48.21557283763278,54.85252276176025,40.05643019726859,5.418721547799697,40.05643019726859,40.0,58.0,63.0,56.0,48.0,28.0,44.0,20.0,D.C. United,DCU,D.C. United,False,D.C. United,DCU,-0.12623961274833712,0.19319129470739416,0.09710010136305196,-0.791039482029389,0.3811820806856802,0.3532605943612864,0.07555252372983783,2000.0,8,0.0,100.0,40,40.1,0,-0.043569802731411755,2026-09-28T20:35:07Z,,
KXMe39a6q6,2025,9z5k7Yg5A3,1443.0,0.7231,0.2959,42,0.0447,0.0327,24,-0.1028,-0.1099,8,0.1598,0.1436,13,-0.2221,0.678,362,0.1157,0.0384,177,44,18,24,18.2959,0.1364,Andrew Rick,andrew-rick,USA,2006-01-30,0.7184,626,True,0.0481064449064449,2.7941787941787943,0.0029738045738045733,1.5966735966735968,-0.006839085239085239,0.5322245322245323,0.010631185031185032,0.8648648648648649,-0.014775883575883575,24.08316008316008,0.007697297297297297,11.775467775467776,0.04779376299376299,41.646569646569645,1.1975051975051976,2.9272349272349274,1.2171908523908523,54.54545454545454,0.2958999999999996,0.01968565488565486,0.13254506815271772,0.40306112676893163,0.017216666666666665,3.702392008667454,0.045129053805227685,0.04228490977764052,0.07630403133434914,0.29061353388926836,0.0018624999999999998,2.5534218315425714,-0.0029646548022900696,-0.003602416457236568,0.04505882213062215,0.3998277776973637,-0.01285,0.8630606204289231,0.0002817226790706833,0.0008183120151512217,0.014238773274917854,0.5541447270422422,0.012292307692307693,1.2712454069338395,-0.0004860280605835099,-0.0007187651503786357,0.7325661402154602,0.8395756790953373,-0.00061353591160221,25.166887839725153,-0.012312953324529334,-0.00374505225055554,0.03418968514583736,0.8901867599832176,0.0006536723163841808,12.697260231148455,0.0011899565157750328,0.0009382663746846936,0.030837096812670488,0.03597525430930569,0.02490086340948267,0.29057070993165524,qualified,Qualified,True,45.05927541729894,48.53044385432474,54.62016312594841,59.83734825493171,19.47885053110774,10.891028072837633,85.68427541729893,85.836968892261,38.642355842185125,29.266407435508345,33.187120637329286,71.26375189681336,38.98947268588771,49.098539453717756,38.98947268588771,41.0,30.0,23.0,58.0,13.0,29.0,24.0,-16.0,Philadelphia Union,PHI,Philadelphia,False,Philadelphia Union,PHI,-0.08862816327083176,0.15030235689617275,0.07262972112414667,-0.1260978163948987,0.22385539242507774,0.10452923428497539,0.48278438515571376,2000.0,15,0.0,100.0,41,39.0,0,-0.010527314112287911,2026-09-28T20:35:07Z,2.0,Low-Involvement Keeper
p6qborPBQ0,2025,jYQJ8EW5GR,204.0,-0.0378,-0.0982,7,-0.0017,-0.0034,5,0.0118,0.0108,5,0.0134,0.0111,5,-0.0848,0.0424,43,0.0194,0.0084,11,7,2,5,1.9018,0.1429,Javier Otero,javier-otero,Spain,2002-11-18,-0.07970000000000001,76,True,-0.017788235294117646,3.294117647058824,-0.0007999999999999999,2.3529411764705883,0.005552941176470588,2.3529411764705883,0.006305882352941177,2.3529411764705883,-0.03990588235294117,20.235294117647058,0.009129411764705882,5.176470588235294,-0.03750588235294118,35.76470588235294,0.9411764705882353,3.294117647058824,0.8949647058823529,71.42857142857143,-0.09820000000000007,-0.04621176470588238,0.02483384809948689,0.08713844520242559,-0.0054,4.226616766321828,0.04650648305823045,0.04827206525137946,0.016918686339627054,0.05474515447661097,-0.00033999999999999997,2.9129390707612903,-0.004056856977961891,-0.004109630268610364,0.02864579347398948,0.08607399185812793,0.00236,1.1927291182903057,0.001179125789733042,0.0011308876169470183,0.0055248618784530384,0.1494491405682104,0.00268,1.8625021474821501,-0.001019667697458631,-0.0010530631055292463,0.24549918181213426,0.42524332197826215,-0.001972093023255814,26.32958236366882,-0.015703582225191165,-0.003918071329089781,0.002195170624625823,0.5340200091900194,0.0017636363636363637,12.162992652357879,0.0009439024001245586,0.0008987865739136841,0.027849404347476365,0.04122097473901078,0.21009127601020483,0.046297956217225975,limited,Limited Sample,False,45.743550834597876,31.323027314112288,46.82283763277694,49.71642640364188,51.58668437025796,77.2211684370258,41.53831562974204,79.86722306525039,10.046471927162367,1.1494688922610015,24.367412746585735,83.45030349013656,38.30519726858877,28.107928679817906,38.30519726858877,42.0,39.0,11.0,15.0,,,,,Orlando City SC,ORL,Orlando City,False,Orlando City SC,ORL,-0.08644974174190946,0.1421485504368622,0.06948894682351764,-0.16841142857142857,0.10133333333333333,0.09576261936603642,0.5265497679683111,2000.0,2,0.0,99.01460546282246,42,38.3,0,0.0051972685887733405,2026-09-28T20:35:07Z,,
7vQ7rKGYqD,2025,jYQJ19EqGR,835.0,0.1714,-0.0758,45,-0.3235,-0.3304,29,-0.1544,-0.1586,12,0.1455,0.1361,12,-0.151,0.3698,200,-0.2201,-0.2649,106,48,16,29,15.9242,0.1042,Andrew Thomas,andrew-thomas,USA,1998-09-01,-0.5321,404,True,0.019705868263473054,5.173652694610778,-0.03719281437125749,3.3341317365269463,-0.017751377245508983,1.3796407185628743,0.016728143712574847,1.3796407185628743,-0.01736047904191617,22.994011976047904,-0.02530491017964072,12.186826347305388,-0.061175568862275445,46.44790419161677,1.8395209580838323,5.518562874251497,1.8308062275449104,60.416666666666664,-0.0757999999999992,-0.008714730538922064,0.14068067801680412,0.28094593066036816,0.003808888888888889,4.556687798973197,0.0471621637574462,0.05204179676635729,0.09075795497889048,0.1916299177680062,-0.011155172413793104,3.019869814796234,-0.00693119535051083,-0.004260490211663064,0.06609906029550501,0.2782355892698718,-0.012866666666666667,1.1658678634258497,4.081094499589298e-05,0.0011054190842885597,0.013157894736842105,0.41833397637395653,0.012124999999999999,1.6103800980167078,-0.0006416130807278068,-0.0009105127043168786,0.6021315458562925,0.7517610024843809,-0.000755,24.941330554814485,-0.0128152449904151,-0.0037114873607342995,0.020759890325107718,0.8242776659561002,-0.0020764150943396223,13.58958692514022,0.0003975630660315804,0.0010042050194761223,0.027212484346819943,0.04526893059340774,0.07950546789283107,0.11369545499352098,provisional,Provisional,True,48.81875948406677,41.41644537177542,19.221832321699544,3.781771623672231,15.237575872534142,2.5886760242792106,78.06856980273142,91.32160470409711,37.562120637329286,12.643683611532625,12.673084218512898,1.725625948406677,37.909237481031866,23.97429817905918,37.909237481031866,43.0,42.0,55.0,48.0,44.0,30.0,34.0,14.0,Seattle Sounders FC,SEA,Seattle,False,Seattle Sounders FC,SEA,-0.1289920941550246,0.1834170628486645,0.0949656407810438,-0.5277481884057972,0.3787418456605985,0.2791316644137233,0.11574834646130404,2000.0,9,0.0,100.0,43,37.9,0,0.00923748103186739,2026-09-28T20:35:07Z,,
jYQJz3rWQG,2025,YgOMngl5wN,330.0,-0.7285,-0.8261,15,0.0374,0.0346,8,0.0035,0.0019,2,0.138,0.1343,3,-0.0376,0.1683,97,0.0295,0.0118,71,15,7,8,6.1739,0.0,Andrew Tarbell,andrew-tarbell,USA,1993-10-07,-0.5577000000000001,196,True,-0.21192727272727274,4.363636363636363,0.01088,2.327272727272727,0.0010181818181818183,0.5818181818181818,0.04014545454545455,0.8727272727272727,-0.010938181818181819,28.21818181818182,0.008581818181818182,20.654545454545456,-0.16224000000000002,57.01818181818182,2.0363636363636366,4.363636363636363,1.796043636363636,53.333333333333336,-0.8261000000000003,-0.24032000000000006,0.05174673667242377,0.13376016966545692,-0.04856666666666667,4.322051115884063,0.035945660661217765,0.04936201813899369,0.02679786731638517,0.0856618386423488,0.004675,2.8924242744901494,-0.003608970876944823,-0.0040806876008572,0.011658701034806627,0.13220868353091042,0.00175,1.0171384112578559,0.0009739098001603694,0.000964401066741377,0.0033222591362126247,0.22132605765074254,0.046000000000000006,1.576337433739289,-0.0006474018224217184,-0.0008912649016698152,0.4232973556706199,0.5448013722470276,-0.00038762886597938146,29.41096674495347,-0.00734981981353647,-0.004376608180584836,0.014001183198580161,0.6495958674264825,0.00041549295774647886,20.484636429025258,0.0016116893341698295,0.001513715967783792,0.026925067282644953,0.042491574490407004,0.16947908333901313,0.05676256936234141,limited,Limited Sample,False,40.15174506828528,5.801403641881639,47.691578148710164,87.64510622154779,37.81676783004552,35.209597875569045,77.6726100151745,99.2469650986343,42.94669954476479,39.32663125948407,55.569992412746586,83.45030349013656,37.51327769347496,11.848444613050075,37.51327769347496,44.0,52.0,59.0,59.0,,,,,Houston Dynamo FC,HOU,Houston,False,Houston Dynamo FC,HOU,-0.13700696252772243,0.19085709709301235,0.09966359760251765,-1.051640816326531,0.9064153846153846,0.6169453551136499,0.026096347235016935,2000.0,4,0.0,100.0,44,37.5,0,0.013277693474961438,2026-09-28T20:35:07Z,,
NPqxeGOZQ9,2025,0KPqjA456v,2831.0,-0.6454,-1.4834,146,0.2795,0.2561,98,0.2253,0.2113,41,-0.0677,-0.0994,63,-0.0696,1.6964,864,-0.3291,-0.4808,505,148,48,98,46.5166,0.1284,Daniel,daniel,Brazil,1994-05-06,-0.607,1717,True,-0.02188569410102437,4.950900741787354,0.009477922995407983,3.3232073472271284,0.007639985870717061,1.3903214411868596,-0.0022957258919109854,2.1363475803602965,-0.002360155422112328,29.298481102084068,-0.01115987283645355,17.124690921935713,-0.02058353938537619,58.22394913458142,1.627693394560226,5.018721299894031,1.5773908866125042,66.21621621621621,-1.4834000000000032,-0.050302507947721765,0.3468977054547335,0.5698353060690374,-0.004420547945205479,4.67762958661497,0.02771768739662405,0.05342306935089368,0.2522319833650953,0.445591191452099,0.002852040816326531,3.113731978033026,-0.0010449358740504604,-0.004392912750461431,0.19473207243302856,0.5665338131744068,0.005495121951219512,1.257307290304887,0.002305388949136814,0.0011921174921437007,0.06542056074766354,0.7091660506989667,-0.0010746031746031745,2.031641596896832,-0.0012163734062589787,-0.0011486949490194234,0.8673363539297785,0.911248882413305,-8.055555555555556e-05,29.43516333862889,-0.0026376928930306326,-0.004380208844607222,0.09173478655767484,0.9408415834812537,-0.0006516831683168317,17.304825937708863,0.00012692065833204495,0.001278743288043579,0.025250994830752837,0.04597211358699289,0.02256181570903189,0.31131680441718174,qualified,Qualified,True,26.91625569044006,26.340572837632774,89.3697837632777,85.34284901365706,95.67479135053111,89.57274279210927,31.33203717754173,34.94167298937785,60.09531487101669,59.14406297420334,10.210072078907436,9.053964339908953,36.170808042488616,32.22164264036419,36.170808042488616,45.0,37.0,48.0,35.0,37.0,31.0,30.0,6.0,San Jose Earthquakes,SJE,San Jose,False,San Jose Earthquakes,SJE,-0.11372864278711982,0.16423063244862549,0.08449362027978384,-0.2792342175325174,0.22880348833614786,0.15426050260846055,0.3000118114349022,2000.0,29,0.0,100.0,45,36.2,0,-0.02919195751138659,2026-09-28T20:35:07Z,1.0,High-Volume Shot Stopper
BLMv7wr75x,2025,kRQand1MKZ,226.0,-0.956,-1.0229,10,0.0249,0.0231,4,0.0217,0.0206,5,-0.0006,-0.0031,5,-0.018,0.123,76,0.0188,0.0066,39,10,6,4,4.9771,0.1,Wessel Speel,wessel-speel,Netherlands,2001-10-17,-0.9091999999999999,139,True,-0.40608849557522125,4.2477876106194685,0.010576991150442477,1.6991150442477876,0.009217699115044248,2.1238938053097343,-0.0002548672566371681,2.1238938053097343,-0.007646017699115044,32.283185840707965,0.007985840707964601,16.56637168141593,-0.38620884955752205,59.044247787610615,2.5486725663716814,4.2477876106194685,2.114166371681416,40.0,-1.0229,-0.4345061946902654,0.035103318508003134,0.09563700052013199,-0.09559999999999999,4.309141524076064,0.033026033058001975,0.049214578072250485,0.013580903280263162,0.06029308002040758,0.006225,2.870231118598924,-0.003751730311031293,-0.004049377071185622,0.02864579347398948,0.0944794764452846,0.00434,1.1817594488300556,0.0012353090571516183,0.0011204867110209678,0.0055248618784530384,0.16294008887737868,-0.00011999999999999999,1.8329602101379416,-0.00103184950074892,-0.0010363600245018776,0.3651154599358627,0.4504456503112215,-0.00023684210526315788,31.489276219779374,-0.0056980181323641466,-0.004685878743779457,0.007739630879142687,0.5593946448180378,0.00048205128205128207,18.15399583938311,0.0013988409189359605,0.0013414928537475803,0.025178585089945194,0.041904941797552074,0.24284056460700212,0.04030590830334551,limited,Limited Sample,False,32.77219271623672,1.3296661608497724,47.691578148710164,87.64510622154779,52.159522003034894,95.1507966616085,41.53831562974204,57.22211684370257,45.08156297420334,42.94669954476479,42.15003793626707,78.03869499241274,34.82833839150228,1.3296661608497724,34.82833839150228,46.0,61.0,64.0,65.0,,,,,Minnesota United FC,MIN,Minnesota,False,Minnesota United FC,MIN,-0.13056496197674586,0.18092213215663625,0.0946853535700064,-0.7877446808510639,-0.04219826086956521,0.27224590846475905,0.1209603089444291,2000.0,3,0.0,100.0,46,34.8,0,0.028338391502281013,2026-09-28T20:35:07Z,,
9YqdoDvL5v,2025,KAqBN0Vqbg,818.0,-0.9599,-1.202,45,0.2733,0.2666,31,-0.0878,-0.0919,13,0.1426,0.1334,20,-0.0813,0.429,259,0.0522,0.0083,167,45,14,31,12.798,0.0667,Jayden Hibbert,jayden-hibbert,Jamaica,2004-08-05,-0.6608999999999999,535,True,-0.11265330073349633,5.281173594132029,0.03207432762836186,3.6381418092909534,-0.010304156479217605,1.5256723716381417,0.01673545232273839,2.34718826405868,-0.009541320293398532,30.3960880195599,0.006126161369193155,19.599022004889974,-0.07756283618581906,62.78728606356968,1.6430317848410758,5.281173594132029,1.501965770171149,68.88888888888889,-1.202,-0.14106601466992666,0.14068067801680412,0.276809383554625,-0.02133111111111111,4.582901340527767,0.031225073182493325,0.052341180850212415,0.09641365489808358,0.18846375175989585,0.008816129032258065,3.075933815107958,-0.0013066619481685664,-0.00433958637779064,0.07121504469237473,0.2741237349274273,-0.006753846153846154,1.2046807527371621,0.00048145448217618584,0.0011422195742128907,0.021739130434782608,0.4133373830919703,0.00713,2.0122857523420046,-0.0008011130975004978,-0.0011377511088715864,0.6621444277625962,0.7479025722385113,-0.0003138996138996139,30.507629844384013,-0.0078747128209338,-0.004539801207659908,0.03232049545190633,0.8212784137361162,0.00031257485029940124,19.701005721623392,0.001607787819431503,0.001455809432866767,0.02333182761749815,0.044922071162969944,0.08334831563118272,0.10902493750948188,provisional,Provisional,True,32.38429438543247,12.236342943854325,86.86646433990896,97.85375569044005,21.970789074355082,9.818854324734447,61.97742792109256,92.10546282245828,42.55880121396054,42.55880121396054,52.980842185128985,59.75056904400608,34.44044006069803,20.699924127465856,34.44044006069803,47.0,46.0,49.0,24.0,38.0,32.0,36.0,6.0,Atlanta United FC,ATL,Atlanta,False,Atlanta United FC,ATL,-0.13290640037074353,0.17957005560573985,0.09498609821621189,-0.5201303703703704,0.37527692307692306,0.2796524425626999,0.11536733562113029,2000.0,8,0.0,100.0,47,34.4,0,0.04044006069803174,2026-09-28T20:35:07Z,,
KPqjo08PQ6,2025,mvzqoLZQap,604.0,-1.1868,-1.3656,15,0.0273,0.0223,10,0.0279,0.0249,9,-0.0351,-0.0419,19,-0.0199,0.3568,212,0.0805,0.0482,150,16,5,10,3.6344,0.0625,Evan Bush,evan-bush,USA,1986-03-06,-1.1060999999999999,415,True,-0.18863046357615895,2.3841059602649004,0.00433907284768212,1.589403973509934,0.004434437086092716,1.4304635761589404,-0.005578807947019867,3.0198675496688745,-0.0031629139072847684,33.6953642384106,0.012794701986754968,23.841059602649004,-0.17580397350993376,65.96026490066225,0.794701986754967,2.543046357615894,0.5776529801324504,62.5,-1.3656000000000001,-0.21704900662251658,0.05174673667242377,0.22034932319766865,-0.07912000000000001,3.890019783980497,0.026202281312382423,0.04442780105774215,0.0332744133172052,0.1463760823876288,0.0027300000000000002,2.7468905207303345,-0.0034968900731999677,-0.003875365791843353,0.05040726340745393,0.2180462987499509,0.0031000000000000003,1.1591226793137888,0.0012247522827635911,0.0010990236294703762,0.020674646354733407,0.342207136798377,-0.0018473684210526316,2.201875957066158,-0.001303304807357627,-0.001244945857631819,0.6160044943031203,0.6865779215925806,-9.38679245283019e-05,32.79997346575271,-0.003770847024468021,-0.004880921917257636,0.02912621359223301,0.772370459166328,0.0005366666666666666,23.00533854510647,0.0020100676347262862,0.0016999837131918603,0.020866059324846687,0.03722557483367158,0.05237782317743947,0.16298351872186131,provisional,Provisional,True,25.28736722306525,11.562025796661608,49.397761760242794,66.46623672230653,51.87310318664643,63.50531107738998,25.297799696509866,26.72040971168437,54.532435508345976,54.532435508345976,68.63050075872535,98.75379362670714,33.766122913505306,11.562025796661608,33.766122913505306,48.0,53.0,6.0,46.0,3.0,33.0,41.0,-30.0,Columbus Crew,CLB,Columbus,False,Columbus Crew,CLB,-0.11989257229700422,0.1616246909466976,0.08557517183962773,-0.4540573492537315,0.09197623762376236,0.1611539804662269,0.2819768702700912,2000.0,6,0.0,100.0,48,33.8,0,-0.0338770864946909,2026-09-28T20:35:07Z,,
EGMP4WVMaY,2025,eVq3ya6MWO,3537.0,1.2573,0.2103,113,-0.3584,-0.3876,77,-0.1994,-0.2168,32,-0.0738,-0.1134,54,-0.6199,1.5866,948,-0.0952,-0.2848,593,115,36,77,36.2103,0.2,Hugo Lloris,hugo-lloris,France,1986-12-26,-0.08939999999999998,1817,True,0.03412519083969466,3.0670059372349447,-0.009727565733672602,2.0899067005937235,-0.005412044105173876,0.8685326547921968,-0.002003053435114504,1.465648854961832,-0.01682510602205259,25.730279898218832,-0.0025838846480067857,16.094995759117896,-0.0024264631043256994,49.31636980491942,0.9770992366412214,3.121289228159457,0.9828071246819338,66.95652173913044,0.2102999999999966,0.005707888040712376,0.29133220804632765,0.6233585361331939,0.011126548672566372,3.53728943489317,0.040095868747269094,0.040399278159011745,0.2095060119861864,0.5010371206354073,-0.004654545454545455,2.5167520175235416,-0.0052610167166020315,-0.003550681980827649,0.1587729254953307,0.6201940333515606,-0.00623125,0.950163262210874,-0.00018218742131633468,0.0009008984947500244,0.05660377358490566,0.7528715010610432,-0.0013666666666666669,1.542426468725946,-0.0009420476722006641,-0.0008720915620971762,0.8776531727804501,0.927682872098154,-0.0006539029535864979,26.09969483219386,-0.015453793114436313,-0.003883862060839855,0.10602538887895584,0.9520840465625958,-0.00016053962900505905,16.290236749259087,0.0007988592223167634,0.0012037700337894244,0.019055683045030514,0.034197311083786514,0.011220953060783035,0.47614456638186387,qualified,Qualified,True,41.82900227617603,43.48966236722306,37.8513846737481,36.519821699544764,9.35650606980273,13.252560698027313,46.187879362670714,39.38116464339909,14.494973444613048,17.488144916540215,20.55529210925645,24.11561077389985,31.8024468892261,39.6818095599393,31.8024468892261,49.0,34.0,16.0,30.0,7.0,34.0,27.0,-27.0,Los Angeles FC,LAFC,Los Angeles FC,False,Los Angeles FC,LAFC,-0.1013419299334484,0.13945329602350942,0.07319655143702687,-0.17839895939403805,0.16709658143951606,0.10624053593965206,0.4746797826972114,2000.0,35,0.0,99.01460546282246,49,31.8,0,0.002446889226099813,2026-09-28T20:35:07Z,2.0,Low-Involvement Keeper
gOMn6lylMw,2025,vzqoOgNqap,3766.0,0.5288,-0.5859,150,0.0002,-0.0309,98,-0.553,-0.5716,43,0.0143,-0.0279,66,-0.5382,1.8111,1229,0.3725,0.1706,839,154,52,98,51.4141,0.1299,Joe Willis,joe-willis,USA,1988-08-10,-0.17540000000000006,2425,True,0.013479766330323953,3.823685608072225,5.098247477429634e-06,2.4981412639405205,-0.014096654275092938,1.0961232076473713,0.0003645246946362188,1.682421667551779,-0.013719383961763143,31.328730748805096,0.009495485926712692,21.387148167817312,-0.00447116303770579,61.81625066383431,1.3255443441317047,3.925650557620818,1.3106090281465745,63.63636363636363,-0.5859000000000023,-0.01493531598513017,0.35304638286079454,0.6379696496241065,0.0035253333333333334,4.001784315255549,0.03454918212533079,0.0457042604683724,0.2522319833650953,0.5167145217830512,2.0408163265306125e-06,2.714281275552786,-0.0028620757637955606,-0.0038293600437783355,0.20230943520584024,0.6348559983040624,-0.012860465116279071,1.0914992357603814,-0.0020143204932302817,0.0010349063762255784,0.06832298136645963,0.7643576545930525,0.00021666666666666666,1.7045499216269453,-0.0008726768387945493,-0.0009637565446164445,0.9029107669172354,0.9317802861650694,-0.00043791700569568754,31.29529029772999,-0.012826302859359212,-0.004657011947909672,0.14368898784038361,0.9548661790780033,0.00044398092967818834,21.332197868055612,0.002710734215632573,0.0015763466758455754,0.01868454038578376,0.0388653849841391,0.013127050241646034,0.43723621145519925,qualified,Qualified,True,34.558042488619115,35.426783004552355,57.09028831562974,52.755121396054626,3.978566009104704,4.770485584218513,52.92867981790592,59.00796661608497,35.38031107738998,37.54078148710167,84.07056145675266,85.23615326251897,28.339339908952958,36.218702579666164,28.339339908952958,50.0,35.0,32.0,43.0,22.0,35.0,28.0,-13.0,Nashville SC,NSH,Nashville,False,Nashville SC,NSH,-0.10249444399809507,0.1398635247696626,0.07367159152172524,-0.18281948380833507,0.17256842840166198,0.10770895284806704,0.4678390796872109,2000.0,37,0.0,99.01460546282246,50,28.3,0,0.03933990895295736,2026-09-28T20:35:07Z,2.0,Low-Involvement Keeper
odMX7wpAQY,2025,EKXMeX3Q64,276.0,-1.1098,-1.1915,13,0.0593,0.057,7,-0.0331,-0.0345,3,0.1286,0.1255,13,-0.0463,0.1259,86,-0.1448,-0.1596,44,14,6,7,4.8085,0.0714,Jordan Farr,jordan-farr,USA,1994-10-05,-1.1461,166,True,-0.38601739130434776,4.521739130434783,0.02062608695652174,2.4347826086956523,-0.011513043478260869,1.0434782608695652,0.04473043478260869,4.521739130434783,-0.016104347826086957,29.913043478260867,-0.050365217391304354,15.304347826086955,-0.3986434782608695,57.73913043478261,2.0869565217391304,4.869565217391305,1.6725217391304348,50.0,-1.1914999999999996,-0.4144347826086955,0.04515874749141993,0.11437559817022834,-0.08536923076923077,4.339203626620294,0.03059158606922785,0.049557916457497936,0.023526942888573044,0.07266299249810602,0.00847142857142857,2.9082708386261897,-0.0034268739483575813,-0.004103044237245728,0.017386698392937137,0.11301961849437533,-0.011033333333333332,1.0789410906638786,0.0007982360098364945,0.0010229993551227345,0.014238773274917854,0.19206508593594812,0.009892307692307692,2.3036254383442545,-0.0009594539950186089,-0.0013024752542478456,0.3942181342181954,0.5002489041525391,-0.0005383720930232558,30.375563002066965,-0.009185013264198186,-0.004520148510505097,0.008723235527359239,0.6079185917451363,-0.0032909090909090913,17.211942740746963,0.0007666750648178997,0.0012718796671603292,0.018585155936307867,0.04192712747778233,0.2139592165283318,0.045499066253328814,limited,Limited Sample,False,30.576631259484067,1.3296661608497724,49.684180576631256,97.09692716236722,29.252655538694995,9.430955993930198,44.51062215477997,99.2469650986343,42.170902883156295,22.198406676783005,18.878034901365705,0.0,26.553490136570563,1.3296661608497724,26.553490136570563,51.0,62.0,60.0,60.0,,,,,D.C. United,DCU,D.C. United,False,D.C. United,DCU,-0.14434028868300036,0.18151060055561608,0.09905163725803572,-1.0630235294117645,0.24668571428571437,0.5079927148289866,0.03801967051955361,2000.0,3,0.0,100.0,51,26.6,0,-0.046509863429438525,2026-09-28T20:35:07Z,,
raMyAW6BMd,2025,APk5LGOMOW,301.0,-1.5818,-1.6709,20,0.0646,0.0621,11,0.0288,0.0273,9,0.0573,0.0539,6,-0.0245,0.1633,91,0.0278,0.0117,62,20,9,11,7.3291,0.15,Sebastian Breza,sebastian-breza,Canada,1998-03-15,-1.4278000000000002,199,True,-0.5044943521594685,6.37873754152824,0.020603322259136216,3.508305647840532,0.009185382059800665,2.870431893687708,0.018275083056478403,1.9136212624584716,-0.007813953488372095,29.023255813953487,0.008866445182724253,19.77408637873754,-0.455378073089701,63.46843853820598,2.870431893687708,6.37873754152824,2.337520265780731,55.00000000000001,-1.6708999999999996,-0.5329116279069767,0.06782572885304053,0.12345668207509945,-0.07909000000000001,4.570334185722278,0.02414049567735634,0.052197651746360714,0.03648046803179622,0.07872662297667042,0.005872727272727273,2.98968965815236,-0.003423529451163511,-0.004217911468255757,0.05040726340745393,0.12200787349246832,0.0031999999999999997,1.3014844542162811,0.0013817350178311548,0.0012340041257917899,0.006622516556291391,0.20588054084233628,0.00955,1.8045938279633176,-0.0008994329120119972,-0.001020321605139075,0.4077913544118947,0.5219122096950014,-0.0002692307692307692,29.89112257175181,-0.005915925073351237,-0.0044480595523722554,0.012248123271434215,0.6283817822867209,0.00044838709677419355,19.92108539320631,0.0015634467555990553,0.0014720722605822566,0.016846790014259806,0.04521743550696767,0.27241484883654127,0.03608807382920552,limited,Limited Sample,False,22.229704097116844,1.3296661608497724,49.684180576631256,97.09692716236722,61.142830045523525,95.1507966616085,51.142830045523525,92.49336115326253,45.08156297420334,42.94669954476479,52.59294385432474,83.45030349013656,26.553490136570563,1.3296661608497724,26.553490136570563,52.0,63.0,65.0,55.0,,,,,CF Montréal,MTL,Montréal,False,CF Montréal,MTL,-0.14791925983170792,0.18161283986022755,0.10017064578167253,-1.5329616161616162,0.5938150819672132,0.7879522356660378,0.016161481261836787,2000.0,3,0.0,100.0,52,26.6,0,-0.046509863429438525,2026-09-28T20:35:07Z,,
wvq9XwJ35W,2025,kRQabn8MKZ,309.0,-1.4807,-1.5722,9,-0.0664,-0.0689,6,0.0365,0.0349,7,-0.1607,-0.1642,10,-0.0108,0.1819,107,0.0173,0.0007,62,9,3,6,1.4278,0.0,Luka Gavran,luka-gavran,Canada,2000-05-09,-1.6647999999999998,201,True,-0.46002330097087374,2.796116504854369,-0.020629126213592232,1.8640776699029125,0.011339805825242718,2.174757281553398,-0.04992621359223302,3.106796116504854,-0.003355339805825243,33.24271844660194,0.005374757281553398,19.262135922330096,-0.5172194174757281,62.44660194174757,0.9320388349514562,2.796116504854369,0.44358834951456316,66.66666666666666,-1.5722,-0.4884504854368932,0.03170427919827921,0.12632342522800546,-0.1645222222222222,4.123679625233636,0.0240939110257745,0.04709642320334872,0.020233957212455075,0.08065027213041642,-0.011066666666666667,2.8581651115545483,-0.00459077099886979,-0.004032354117197824,0.039649790974172074,0.12484576603900682,0.005214285714285714,1.219703659171345,0.0013627780694562077,0.001156463561884898,0.01098901098901099,0.2102022415642715,-0.01607,2.0559951982502844,-0.001512765393119876,-0.0011624645326447404,0.44741170258508023,0.5284532333483619,-0.00010093457943925234,32.10903740492802,-0.004090346730458897,-0.0047781046096087715,0.012248123271434215,0.6344862914071411,0.0002790322580645161,19.593845118981317,0.0014971211819267095,0.0014478907804709254,0.016759927154708854,0.0397278542862532,0.11944548065754682,0.07866890944097155,limited,Limited Sample,False,22.229704097116844,1.3296661608497724,45.7141502276176,10.629742033383916,61.142830045523525,98.85811836115326,17.068474962063732,0.0,51.27655538694993,54.24601669195751,48.59825493171472,54.469840667678305,26.553490136570563,1.3296661608497724,26.553490136570563,53.0,64.0,10.0,32.0,,,,,Toronto FC,TOR,Toronto,False,Toronto FC,TOR,-0.08260973019053301,0.11612958449995071,0.060412462134534786,-0.6115324675324675,-0.4234529032258064,0.0753888083208925,0.6421541817085428,2000.0,3,0.0,90.5861153262519,53,26.6,0,-0.046509863429438525,2026-09-28T20:35:07Z,,
0x5gZ9mM7O,2025,KAqBN0Vqbg,2626.0,-2.0557,-2.8331,134,0.1834,0.1617,85,0.0779,0.065,18,-0.2132,-0.2426,42,0.0879,1.726,846,0.0354,-0.1053,536,135,49,85,46.167,0.1185,Brad Guzan,brad-guzan,USA,1984-09-09,-1.8842999999999994,1661,True,-0.07515125666412795,4.898705255140898,0.006704645849200304,3.1073876618431076,0.0028478293983244477,0.658035034272658,-0.007794059405940594,1.5354150799695354,0.0032134044173648137,30.927646610814925,0.0012941355674028943,19.594821020563593,-0.06888530083777605,60.72201066260472,1.7913175932977912,4.935262757044935,1.6877501904036558,62.96296296296296,-2.8329999999999984,-0.10356740289413552,0.32772984454742987,0.5513213712890226,-0.015341044776119401,4.637091733484869,0.012289495814689844,0.052960087727615346,0.2263460284268681,0.42710595999259543,0.0021576470588235293,3.0145697261232454,-0.0018181201860730624,-0.004253012744985006,0.09597660862308967,0.5479904974744205,0.004327777777777778,0.8503310653667375,0.0010820601853308348,0.0008062424714733529,0.044585987261146494,0.6934225183468188,-0.005076190476190476,1.6092734855773259,-0.0012335407939024984,-0.0009098870230345197,0.8648950744819285,0.9049788268661925,0.00010390070921985817,30.919179904687795,0.0021568731757579773,-0.004601043443464849,0.0968208092485549,0.9365165335158626,6.604477611940299e-05,19.631313219430226,0.0014357380692037864,0.0014506594926288663,0.01391250626500688,0.0454530464802332,0.023980658919543638,0.2983936246728507,qualified,Qualified,True,16.169385432473447,20.418247344461303,79.09332321699544,79.92886949924127,46.58858118361153,53.14965857359636,28.744309559939303,24.237481031866466,74.37215477996965,73.41236722306526,43.395295902883156,37.13581183611533,25.308232169954476,22.33308042488619,25.308232169954476,54.0,44.0,53.0,45.0,42.0,36.0,35.0,6.0,Atlanta United FC,ATL,Atlanta,False,Atlanta United FC,ATL,-0.12580914266888985,0.15363415519890358,0.08494473112921504,-0.3210923894371372,0.1896339267918742,0.15705819355365866,0.2925173942646848,2000.0,26,0.0,100.0,54,25.3,0,0.008232169954474955,2026-09-28T20:35:07Z,1.0,High-Volume Shot Stopper
XVqKneW501,2025,jYQJ19EqGR,2922.0,-0.6094,-1.4743,116,0.1966,0.1724,83,0.1711,0.1567,27,0.0413,0.0085,23,-0.5254,1.2974,840,0.0354,-0.1212,519,118,33,83,31.5257,0.2034,Stefan Frei,stefan-frei,USA,1986-04-20,-0.6904,1608,True,-0.020021355236139633,3.811088295687885,0.006459137577002054,2.726899383983573,0.00562135523613963,0.8870636550308009,0.0013568788501026696,0.7556468172484598,-0.01726160164271047,27.597535934291578,0.0011630390143737167,17.05133470225873,-0.022682546201232032,52.829568788501035,1.0841889117043122,3.876796714579055,1.0357519507186859,70.33898305084746,-1.4742999999999995,-0.04843696098562626,0.2967713186085738,0.5775728425156998,-0.005253448275862069,4.0242203047006315,0.026046690378040704,0.045960501241158344,0.22220364925235891,0.45341993217683296,0.002368674698795181,2.8463120385109084,-0.0016252494010492108,-0.004015631574579223,0.13737263320816295,0.574286369217378,0.006337037037037037,0.9706721656801534,0.001638918498189915,0.0009203440374259806,0.024918743228602384,0.7156480017095204,0.0017956521739130437,1.0458794855948503,-0.0005298089183414983,-0.0005913427270936337,0.8640612250001664,0.9137745376291687,-0.0006254761904761904,27.87699328840681,-0.015630033508794754,-0.004148339561027335,0.09403877514042398,0.94257816468652,6.820809248554913e-05,17.230394146378757,0.001264028200508808,0.0012732431371652608,0.011164545248553964,0.03939877455304939,0.016750894830102635,0.37844278265961456,qualified,Qualified,True,23.61532625189681,29.93740515933232,85.09294385432473,77.29798937784523,70.98634294385432,78.60679059180576,80.2342564491654,62.17943854324734,11.432094081942337,14.4252655538695,36.242412746585735,31.532625189681333,22.677352048558422,29.493550834597876,22.677352048558422,55.0,38.0,19.0,20.0,10.0,37.0,31.0,-27.0,Seattle Sounders FC,SEA,Seattle,False,Seattle Sounders FC,SEA,-0.11272145219240805,0.13505054268951597,0.07531733860567208,-0.2135814813977558,0.16438814781002734,0.11305830177146228,0.44379766772224566,2000.0,29,0.0,95.78053869499242,55,22.7,0,-0.022647951441577163,2026-09-28T20:35:07Z,2.0,Low-Involvement Keeper
4JMAaDp2MK,2025,19vQ2095K6,2444.0,-0.4006,-1.124,101,-0.5606,-0.5808,66,0.0266,0.0145,18,0.0583,0.0309,29,-0.4822,1.0424,636,0.1643,0.0333,345,101,35,66,33.876,0.1188,Aljaž Ivačič,aljaz-ivacic,Slovenia,1993-12-29,-1.1942,1195,True,-0.01573551554828151,3.9672667757774143,-0.022020294599018005,2.592471358428805,0.0010448445171849427,0.707037643207856,0.002290016366612111,1.1391162029459903,-0.01894075286415712,24.98199672667758,0.0064536824877250406,13.551554828150573,-0.04690801963993453,46.93944353518822,1.3747954173486088,3.9672667757774143,1.3306448445171848,65.34653465346535,-1.1240000000000023,-0.044150572831423984,0.26870753017425836,0.5334960733497379,-0.0039663366336633666,4.129779467435356,0.030090750921374983,0.04716608932097045,0.1851170289136498,0.4096301850831398,-0.008493939393939394,2.800813112290385,-0.007623884257335095,-0.0039514408174631584,0.09597660862308967,0.5301456454915157,0.0014777777777777777,0.8839012268636777,0.000883002314756808,0.0008380720624120063,0.031216361679224973,0.6779448754915512,0.002010344827586207,1.3443334533016509,-0.0006519975601507219,-0.000760089304119452,0.8279596956566638,0.8986201504166195,-0.0007581761006289308,25.575732532020858,-0.016709658049622225,-0.00380589190402246,0.06454630495790459,0.932109990818717,0.000476231884057971,14.000857437092867,0.001398189059688,0.0010345959294236005,0.007386402428711749,0.04052133528720099,0.020853743287921275,0.32844095446373567,qualified,Qualified,True,29.417678300455236,32.481980273141126,8.678869499241275,9.470789074355084,33.09085735963581,36.368550834597876,76.51365705614568,70.56999241274659,5.695182094081942,5.695182094081942,40.99108497723824,66.73273899848256,20.13277693474962,25.529210925644918,20.13277693474962,56.0,41.0,34.0,38.0,24.0,38.0,33.0,-14.0,New England Revolution,NER,New England,False,New England Revolution,NER,-0.1299274153223224,0.1447002201797459,0.0834808737098858,-0.27994494567724826,0.19826812965319146,0.14834359751198362,0.3166914638827781,2000.0,24,0.0,100.0,56,20.1,0,0.03277693474962007,2026-09-28T20:35:07Z,2.0,Low-Involvement Keeper
gOMnRnO8Mw,2025,eVq3ya6MWO,156.0,-2.2901,-2.3363,10,0.0024,0.0011,5,0.0148,0.014,3,-0.0985,-0.1002,5,-0.015,0.0823,48,0.0124,0.0041,24,12,5,5,2.6637,0.1667,Thomas Hasal,thomas-hasal,Canada,1999-07-09,-2.3739999999999997,95,True,-1.4092923076923074,6.153846153846153,0.0014769230769230768,3.0769230769230766,0.009107692307692308,1.8461538461538463,-0.06061538461538461,3.0769230769230766,-0.00923076923076923,29.53846153846154,0.00763076923076923,14.76923076923077,-1.4609230769230768,58.46153846153845,3.0769230769230766,7.384615384615385,1.6392,41.66666666666667,-2.3363,-1.4377230769230769,0.035103318508003134,0.06803011418467751,-0.22901,4.440683814425155,0.01323788062955882,0.050716918685112126,0.016918686339627054,0.042410236946353756,0.00047999999999999996,2.9509508972847605,-0.004068856642276071,-0.004163258081980726,0.017386698392937137,0.0671819030866373,0.004933333333333334,1.134699025886318,0.001154488652615147,0.0010758663116870021,0.0055248618784530384,0.11844986771216107,-0.019700000000000002,1.9303831114768812,-0.0012955155611467334,-0.0010914431626192452,0.2664396996658434,0.3613408414634572,-0.0003125,30.368770628685457,-0.005843636956542863,-0.00451913774614754,0.004777070063694267,0.4670544605083457,0.0005166666666666667,17.647360635321256,0.001341381774236856,0.0013040549523775963,0.004525741896445156,0.043323000958429225,0.5085859981326254,0.01965937584689562,limited,Limited Sample,False,17.41464339908953,0.0,46.43873292867981,55.960735963581186,47.83383915022762,95.1507966616085,25.58421851289833,0.0,45.08156297420334,42.94669954476479,39.83213201820941,70.57947647951441,18.973823975720787,0.0,18.973823975720787,57.0,67.0,66.0,64.0,,,,,Los Angeles FC,LAFC,Los Angeles FC,False,Los Angeles FC,LAFC,-0.16054964993281534,0.16960113372570568,0.10035871235402036,-2.341920000000001,0.11228571428571427,0.898939131634653,0.012463774668853815,2000.0,2,0.0,100.0,57,19.0,0,-0.02617602427921284,2026-09-28T20:35:07Z,,
0Oq6woOxQ6,2025,mKAqBBmqbg,2251.0,-1.8145,-2.4809,105,-0.373,-0.3916,62,0.1954,0.1842,31,-0.2234,-0.2486,44,-0.1601,1.2441,690,-0.0667,-0.1873,383,107,43,62,40.5192,0.1682,Maarten Paes,maarten-paes,Netherlands,1998-05-14,-2.4423,1315,True,-0.07738427365615283,4.478009773434029,-0.01590759662372279,2.6441581519324746,0.008333362949800088,1.3220790759662373,-0.009527498889382497,1.8764993336294982,-0.006827898711683696,29.426921368280766,-0.002844602398933807,16.33407374500222,-0.10415850733007553,56.081741448245225,1.8338516215015548,4.563305197689916,1.7280511772545535,57.943925233644855,-2.480800000000002,-0.10580044424700141,0.27640791206740695,0.5129780327257851,-0.01728095238095238,4.398927131095238,0.015341398687572306,0.05024001683812091,0.17587094882915452,0.38989446277638895,-0.0060161290322580645,2.827930251507754,-0.006280152635751692,-0.003989698197181264,0.15457823528089704,0.5096156966851262,0.006303225806451613,1.2050639224621356,0.002140108248274547,0.0011425828770706113,0.046610169491525424,0.659727875312124,-0.005077272727272727,1.8424137426179532,-0.0014291629202866616,-0.0010417050740552864,0.8392595056300964,0.8908764077117058,-0.00023202898550724637,29.58096261867695,-0.006467940133544974,-0.004401905048180374,0.07114991640349248,0.9267157019072961,-0.00017415143603133159,16.615161330914226,0.0009345477830382581,0.0012277803953733844,0.004238799029301781,0.043177071791147985,0.025649468761834476,0.28450286763134275,qualified,Qualified,True,18.4820751138088,18.10555766312595,30.06591426403642,19.90563353566009,86.39652883156297,94.08336494688922,22.268114567526556,21.92479135053111,44.01413125948407,44.01413125948407,23.299981031866466,21.370921851289832,17.906392261001518,19.24459408194234,17.906392261001518,58.0,47.0,54.0,53.0,43.0,39.0,37.0,4.0,FC Dallas,FCD,Dallas,False,FC Dallas,FCD,-0.13723336368609804,0.14571096174470158,0.08600896794321167,-0.3740279262446234,0.1678392198384654,0.16410852199738246,0.2746788399521952,2000.0,22,0.0,100.0,58,17.9,0,0.006392261001519017,2026-09-28T20:35:07Z,1.0,High-Volume Shot Stopper
4wM4JxWpqj,2025,APk5LGOMOW,2312.0,-2.6304,-3.3148,113,-0.3889,-0.408,74,-0.5599,-0.5713,24,0.2606,0.2346,45,0.0607,1.5029,901,0.3056,0.1817,737,115,39,74,35.6852,0.113,Jonathan Sirois,jonathan-sirois,Canada,2001-06-27,-2.9522999999999993,1894,True,-0.10922076124567473,4.692041522491349,-0.016148096885813153,3.0726643598615917,-0.023248442906574393,0.9965397923875432,0.010820761245674741,1.8685121107266436,0.0025204152249134948,37.411764705882355,0.012689273356401383,30.602076124567475,-0.12258685121107263,78.64359861591694,1.619377162629758,4.775086505190311,1.4817384083044984,64.34782608695652,-3.314799999999998,-0.13763875432525946,0.29133220804632765,0.5196554114665397,-0.023277876106194688,4.5112341606881206,0.005919095047560602,0.05152267210601596,0.20300044582449503,0.3962733039338369,-0.005255405405405406,2.995814428421316,-0.00656464393301676,-0.004226552411534741,0.12400172321169375,0.5162957061663299,-0.023329166666666665,1.038583367270965,-0.0021418476268125377,0.0009847341288166636,0.047619047619047616,0.6657044151046182,0.0057911111111111115,1.837695292407106,-0.0004827832093774351,-0.0010390372511810755,0.8720873959549201,0.8934487591934754,6.736958934517203e-05,36.71137980337907,0.0014580900807709956,-0.005462973269846521,0.12846435419208646,0.9285110141714131,0.0004146540027137042,29.85627263170315,0.0035132038764978863,0.002206234744643978,0.0017011142356227508,0.04398507804691427,0.026217769953194272,0.2800630623587015,qualified,Qualified,True,11.606600910470409,13.720599393019729,24.09427162367223,14.759104704097117,1.0963581183611533,1.0963581183611533,87.46490895295904,87.6176024279211,71.07075113808801,70.3177162367223,98.90364188163885,97.37101669195751,15.742602427921092,14.859635811836117,15.742602427921092,59.0,50.0,47.0,42.0,36.0,40.0,39.0,-4.0,CF Montréal,MTL,Montréal,False,CF Montréal,MTL,-0.14005079981747057,0.14345302828871606,0.08617904468038684,-0.39562807266702865,0.14924781922097513,0.1652992905525379,0.27180745973660225,2000.0,23,0.0,99.01460546282246,59,15.7,0,0.04260242792109281,2026-09-28T20:35:07Z,0.0,Sweeper-Keeper Receiver
2lqRkwRnQr,2025,EKXMeX3Q64,2342.0,-2.4978,-3.191,122,0.1884,0.169,83,-0.0288,-0.0404,29,-0.0472,-0.0735,53,-0.1421,1.3189,812,-0.2118,-0.3373,460,122,39,83,35.809,0.1066,Luis Barraza,luis-barraza,USA,1996-11-08,-2.7393,1559,True,-0.10238633646456019,5.000853970964988,0.0077226302305721615,3.402220324508967,-0.001180529461998292,1.188727583262169,-0.0019347566182749787,2.1725021349274125,-0.005824765157984629,33.284372331340734,-0.008681810418445773,18.855678906917163,-0.11228556789069172,63.90435525192143,1.5986336464560205,5.000853970964988,1.4678326216908624,68.0327868852459,-3.1910000000000025,-0.1308010247651581,0.30740285148933494,0.522872649481105,-0.020473770491803277,4.673914750103498,0.007555084748969646,0.05338064231281706,0.22220364925235891,0.39936175852404476,0.0022698795180722893,3.127819615361706,-0.0018546546726950822,-0.004412787859199637,0.1460620923907226,0.519514640353973,-0.0009931034482758621,1.1381479485835804,0.0007564217035709614,0.001079136412089793,0.055613850996852045,0.668567341369671,-0.000890566037735849,2.041197011662077,-0.001191009802415379,-0.001154097603057118,0.8600297975126757,0.8946698717247883,-0.000175,33.026752840184166,-0.005658605690737087,-0.004914668664650594,0.08424908424908426,0.9293620707714175,-0.00046043478260869564,18.948495173671976,0.0005472017145476476,0.0014002025278427761,0.0001544380012407072,0.04537842712584228,0.02755464387627035,0.2701458974159729,qualified,Qualified,True,13.813543247344462,15.927541729893779,76.73748103186647,82.88979514415782,28.142071320182094,26.71661608497724,33.78509104704097,42.169006069802734,46.192147192716234,46.192147192716234,14.784711684370258,16.210166919575116,13.535660091047042,17.066578148710168,13.535660091047042,60.0,48.0,46.0,27.0,35.0,41.0,38.0,-6.0,D.C. United,DCU,D.C. United,False,D.C. United,DCU,-0.14608300497372198,0.1463918809762034,0.08890605263618885,-0.4243375808444732,0.19286506336823211,0.18743326193606838,0.22499316754164592,2000.0,24,0.0,100.0,60,13.5,0,0.03566009104704193,2026-09-28T20:35:07Z,1.0,High-Volume Shot Stopper
a35ryXm2ML,2025,kaDQ0wRqEv,2019.0,-1.2995,-1.8971,99,-0.7666,-0.7833,63,-0.2767,-0.2867,40,-0.2208,-0.2434,31,-0.4385,0.821,613,0.1386,0.0304,423,100,36,63,34.1029,0.09,Novak Mićović,novak-micovic,Serbia,2001-10-25,-2.8635,1269,True,-0.0617890044576523,4.707280832095097,-0.03645052005943536,2.9955423476968797,-0.013156612184249628,1.901931649331352,-0.010498662704309063,1.4739970282317978,-0.02084992570579495,29.147102526002968,0.006590193164933134,20.11292719167905,-0.13615453194650817,60.338781575037146,1.7117384843982169,4.75482912332838,1.621534621099554,63.0,-1.8971000000000018,-0.09020386329866278,0.26479555053487425,0.4857917190188775,-0.013126262626262626,4.5058905983300805,0.022173363108937715,0.05146164343815152,0.17820208397813175,0.3643511744115732,-0.012168253968253967,2.963651482348265,-0.009862488200991473,-0.00418117631079984,0.1908891496840021,0.4824310627194602,-0.0069175,1.4783160376387263,-0.0008179762423911217,0.001401667214510735,0.03329752953813104,0.6349030911988754,-0.007122580645161291,1.5843770472486924,-0.001241739976719344,-0.0008958105181035533,0.8226494771775532,0.879843857150022,-0.0007153344208809135,29.350339518938746,-0.018046372967600248,-0.004367586320962091,0.07800110639867232,0.9189770155049439,0.0003276595744680851,20.117523122814603,0.0018847923691883975,0.0014865880626573152,-0.005910421909576076,0.044905325565454096,0.03002894266682783,0.2535300377687348,qualified,Qualified,True,21.272287556904402,22.620921851289832,4.34322837632777,5.135147951441578,6.721832321699544,7.513751896813353,26.541635053110774,19.899943095599394,2.83146813353566,3.5788125948406675,62.732833839150224,68.84910849772382,11.4676593323217,12.805861153262518,11.4676593323217,61.0,51.0,52.0,44.0,41.0,42.0,40.0,-1.0,LA Galaxy,LAG,LA Galaxy,False,LA Galaxy,LAG,-0.1375223213191804,0.12570147750002825,0.08001435349537957,-0.3532746420650806,0.0876212852217768,0.13114259212418256,0.3722616294637044,2000.0,20,0.0,95.78053869499242,61,11.5,0,-0.032340667678299795,2026-09-28T20:35:07Z,1.0,High-Volume Shot Stopper
gpMO4XD5zy,2025,zeQZkL1MKw,2316.0,-4.8502,-5.5357,116,-0.2882,-0.3073,76,0.0461,0.0347,16,0.5082,0.4823,48,-0.0893,1.3555,887,0.0662,-0.0579,705,117,40,76,34.4643,0.1197,Óscar Ustari,oscar-ustari,Argentina,1986-07-03,-4.607199999999999,1848,True,-0.20104455958549222,4.808290155440415,-0.011946113989637306,3.1502590673575135,0.001910880829015544,0.6632124352331605,0.02106528497409326,1.9896373056994818,-0.003701554404145078,36.766839378238345,0.0027440414507772016,29.222797927461144,-0.19097202072538855,76.60103626943004,1.6580310880829017,4.8497409326424865,1.4285720207253887,64.95726495726495,-5.5356999999999985,-0.22945906735751292,0.2967713186085738,0.5200868811019534,-0.04181206896551724,4.571855959884646,-0.02001132826730016,0.052215031884122194,0.20734932260541902,0.39668693172427305,-0.003792105263157895,3.026647886606358,-0.005764484631965086,-0.0042700528452771,0.08623212622378157,0.5167273870918528,0.00288125,0.8663064712583869,0.0009657987157620087,0.0008213895727065864,0.05063291139240506,0.6660889930139653,0.0105875,1.9184109036164663,-1.3398966695060094e-06,-0.001084674048067311,0.8703302742360981,0.8936132075459196,-0.00010067643742953778,36.136146968154605,-0.00386359504750754,-0.005377373610569209,0.12357581069237511,0.9286256713518265,9.390070921985815e-05,28.57663564238557,0.002182322866270389,0.002111675734509329,-0.026492626261409892,0.04441599668742449,0.026807542428319266,0.275599702003248,qualified,Qualified,True,7.53793626707132,6.8996585735963585,32.23160091047041,33.7443095599393,36.7185128983308,40.8649468892261,96.31354324734446,94.33896054628225,53.147761760242794,52.37481031866464,78.9671851289833,39.47932473444613,9.411987860394538,10.177352048558422,9.411987860394538,62.0,54.0,50.0,39.0,39.0,43.0,42.0,-4.0,Inter Miami CF,MIA,Miami,False,Inter Miami CF,MIA,-0.1587995912031547,0.10581433868033494,0.08043692333473776,-0.40413080721220546,0.0274951033936054,0.1330283496977543,0.36561372838600337,2000.0,25,0.0,87.61380880121396,62,9.4,0,0.011987860394537364,2026-09-28T20:35:07Z,0.0,Sweeper-Keeper Receiver
0x5gP9Jjq7,2025,0KPqjA456v,638.0,-4.9454,-5.1343,26,0.045,0.0397,13,0.0073,0.0041,3,0.1727,0.1656,13,-0.0277,0.3703,177,-0.2208,-0.255,98,26,13,13,7.8657,0.1154,Earl Edwards Jr.,earl-edwards-jr,USA,1992-01-24,-4.9689000000000005,330,True,-0.7441354231974922,3.9122257053291536,0.00677115987460815,1.9561128526645768,0.001098432601880878,0.45141065830721006,0.025986206896551723,1.9561128526645768,-0.004168025078369906,26.63322884012539,-0.03322382445141066,14.746081504702193,-0.7476714733542321,49.65517241379311,1.9561128526645768,3.9122257053291536,1.183553605015674,50.0,-5.1343,-0.7725592476489028,0.08641509741904668,0.22990144839275717,-0.19020769230769233,4.222886569707596,-0.02534910157482862,0.0482294627860229,0.04282920233817279,0.1533522173379603,0.003461538461538461,2.793666726091807,-0.003358378447456357,-0.003941358558851007,0.017386698392937137,0.22752772343034935,0.0024333333333333334,0.9396510880825868,0.000915195421845446,0.0008909313635996493,0.014238773274917854,0.3546389307814015,0.013284615384615384,1.8400865590655109,-0.0006775108459347109,-0.001040389278987783,0.5725314301154959,0.6982404531248406,-0.00015649717514124294,27.902222610115395,-0.004274916274675677,-0.004152093903981714,0.01922322479403688,0.7818549285472808,-0.002253061224489796,15.929206456803502,0.00046455264510410774,0.0011770916340805909,-0.032280159075945815,0.04116364404188264,0.0790779695483086,0.11423988011232408,provisional,Provisional,True,6.1371396054628224,0.3025417298937785,49.98672230652504,81.47666919575114,34.55235204855842,37.83004552352048,75.05216236722306,97.95902883156297,50.97401365705615,50.97401365705615,13.371585735963581,1.027124430955994,8.01119119878604,0.3025417298937785,8.01119119878604,63.0,66.0,57.0,60.0,46.0,44.0,48.0,2.0,San Jose Earthquakes,SJE,San Jose,False,San Jose Earthquakes,SJE,-0.19485420849177013,0.1302938903398785,0.09883800414314056,-1.46789494949495,0.11064912662432365,0.4813368607987872,0.04216476571521519,2000.0,7,0.0,95.78053869499242,63,8.0,0,0.011191198786040246,2026-09-28T20:35:07Z,,
Xj5Y43JyMb,2025,X0Oq66zq6D,764.0,-4.1655,-4.3916,20,-0.075,-0.0813,9,0.0811,0.0774,11,-0.2706,-0.2792,12,-0.2074,0.2692,215,-0.3064,-0.3473,138,20,11,9,6.6084,0.05,Jeffrey Gal,jeffrey-gal,USA,1993-04-06,-4.9437999999999995,405,True,-0.5234136125654449,2.513089005235602,-0.009424083769633506,1.130890052356021,0.010190575916230366,1.382198952879581,-0.034002094240837694,1.507853403141361,-0.026060732984293195,27.015706806282722,-0.03850052356020942,17.340314136125656,-0.6212104712041884,50.890052356020945,1.382198952879581,2.513089005235602,0.8303748691099477,45.0,-4.3916,-0.5518240837696335,0.06782572885304053,0.26334819139838506,-0.208275,3.8409338990757753,-0.013366714450387394,0.043867192616039385,0.03004695145364374,0.17823992871792005,-0.008333333333333333,2.621958682438888,-0.0042444781383501285,-0.003699109560015791,0.06092640343875346,0.26074605667782036,0.007372727272727273,1.1613548468900157,0.0015557249043408885,0.0011011400619714323,0.013157894736842105,0.3968804638483435,-0.02255,1.6697755383562154,-0.0014271127021622796,-0.0009440950263253414,0.6193228738398148,0.7348094403413062,-0.0009646511627906977,28.029486941571534,-0.018333487704329337,-0.004171031945664522,0.026858699883223043,0.8110333159870489,-0.0022202898550724636,17.874964538666866,0.0002194394293989443,0.0013208737845798607,-0.035596628661489306,0.03747496993058502,0.042754459785779284,0.19260292335165669,provisional,Provisional,True,10.147951441578149,0.9673748103186646,46.07644157814871,41.40364188163885,66.80386949924127,98.49582701062215,23.697837632776935,4.382587253414264,1.511760242792109,1.511760242792109,11.914833080424886,0.3622913505311077,7.346358118361153,0.9673748103186646,7.346358118361153,64.0,65.0,35.0,63.0,25.0,45.0,47.0,-20.0,Chicago Fire FC,CHI,Chicago,False,Chicago Fire FC,CHI,-0.18409436620749414,0.11290110888451554,0.09028021416430564,-0.9615093893903072,-0.31680946161959467,0.2014448317822097,0.2008504929023253,2000.0,8,0.0,90.5861153262519,64,7.3,0,0.046358118361153444,2026-09-28T20:35:07Z,,
gpMOoO8rMz,2025,Z2vQ1xlqrA,3456.0,-7.0318,-8.0548,187,-0.0304,-0.059,119,0.033,0.0159,40,-0.0417,-0.0804,57,-0.0742,2.0817,977,-0.326,-0.5112,485,199,68,119,59.9452,0.1357,John Pulskamp,john-pulskamp,USA,2001-04-19,-7.471099999999999,1865,True,-0.19532777777777777,5.194444444444445,-0.0008444444444444443,3.3055555555555554,0.0009166666666666666,1.1111111111111112,-0.0011583333333333333,1.5833333333333335,-0.002061111111111111,27.138888888888886,-0.009055555555555556,13.472222222222221,-0.2075305555555555,51.80555555555556,1.8888888888888888,5.527777777777778,1.6651444444444445,59.798994974874375,-8.0548,-0.22374444444444447,0.40487289275753663,0.6179039676587851,-0.03760320855614973,4.858652833490053,-0.04094673748686786,0.05549053050677582,0.2905761378907405,0.4952455006124863,-0.00025546218487394957,3.1237511719243676,-0.0033583448727485766,-0.004407048021224981,0.1908891496840021,0.6147219614270336,0.000825,1.1004576634082,0.0010175304984908525,0.0010434003206919932,0.05956112852664577,0.7485359254440851,-0.0007315789473684211,1.6318645005800756,-0.0009388116846786158,-0.0009226600361813846,0.880852061412944,0.9261131726117006,-7.59467758444217e-05,27.412244611868463,-0.002319846884002602,-0.004079180907478392,0.08842297174111212,0.9510160268830095,-0.0006721649484536082,13.800288892756871,0.00010938563740063794,0.0010197748800362476,-0.04643682479240616,0.0481448167426193,0.019302745037617322,0.3457081206664326,qualified,Qualified,True,1.6388467374810318,9.63676024279211,51.928110773899846,48.07757966616085,39.45561456752655,33.57075113808801,49.503983308042486,47.95144157814871,63.07663125948406,63.07663125948406,7.228755690440061,13.460735963581183,5.345220030349013,7.44025037936267,5.345220030349013,65.0,57.0,56.0,52.0,45.0,46.0,43.0,-1.0,Sporting Kansas City,SKC,Kansas City,False,Sporting Kansas City,SKC,-0.17860790782602787,0.08573425824121556,0.08035431300026981,-0.42666758871841354,0.0033377531686289126,0.13265566458009437,0.36691611411779995,2000.0,34,0.0,82.33402883156297,65,5.3,0,0.04522003034901356,2026-09-28T20:35:07Z,1.0,High-Volume Shot Stopper
2vQ1L20Oqr,2025,"['a2lqRX2Mr0', 'kaDQ0wRqEv']",1212.0,-4.2707,-4.6295,62,0.1829,0.1729,35,0.0976,0.0917,14,-0.3289,-0.3425,19,-0.5426,0.2134,330,0.1226,0.0576,217,64,27,35,22.3705,0.0938,John McCarthy,john-mccarthy,USA,1992-07-04,-4.7391,677,True,-0.33827326732673263,4.910891089108911,0.014487128712871288,2.772277227722772,0.007730693069306931,1.1089108910891088,-0.026051485148514852,1.504950495049505,-0.042978217821782176,26.13861386138614,0.00971089108910891,17.18811881188119,-0.37537425742574254,53.62376237623762,2.1386138613861387,5.069306930693069,1.7719207920792082,54.6875,-4.6295,-0.3666930693069307,0.18404542740694088,0.3618880379208941,-0.06888225806451613,4.531047702976695,-0.015217394813820354,0.051748961987283654,0.10751656966639862,0.25600096303831865,0.005225714285714286,2.901059404510818,-0.0020228560808401596,-0.0040928702077858954,0.07627528292391508,0.35878645997423925,0.006971428571428572,1.0925912988956619,0.0015379079577224092,0.0010359418172638448,0.020674646354733407,0.510743121666072,-0.017310526315789474,1.6377236931233103,-0.0014929519873582088,-0.00092597283745993,0.7140487285736002,0.8146664993094623,-0.0016442424242424241,27.009668227484127,-0.03286053642555694,-0.004019274032859622,0.04159478627563734,0.8719373286403531,0.0005649769585253456,17.569941786887497,0.0016572254600162645,0.0012983340723664888,-0.048398605889836986,0.045045120798808534,0.05204930979382395,0.1638436589699678,qualified,Qualified,True,9.21092564491654,1.9044006069802732,69.26119119878604,94.31050834597876,65.86684370257967,91.4899468892261,17.64320940819423,5.319613050075873,0.5747344461305007,0.5747344461305007,56.14472685887709,89.80842185128984,3.131638846737481,1.9044006069802732,3.131638846737481,66.0,60.0,61.0,57.0,47.0,47.0,46.0,0.0,,,,True,New York Red Bulls,NYRB,-0.20107692487077927,0.10427971309110529,0.09282182721184817,-0.7520277050538525,0.019427480937571125,0.23559976489740442,0.15522101577835792,2000.0,12,0.0,87.61380880121396,66,3.1,0,0.031638846737481074,2026-09-28T20:35:07Z,1.0,High-Volume Shot Stopper
KAqBgD4Qbg,2025,YgOMngl5wN,2696.0,-6.6155,-7.4136,109,0.1538,0.1315,66,0.0912,0.0778,28,0.1343,0.104,48,-0.4081,1.2737,775,-0.508,-0.6525,567,110,43,66,35.5864,0.2091,Jonathan Bond,jonathan-bond,England,1993-05-19,-7.1523,1593,True,-0.235566765578635,3.881305637982196,0.005476557863501484,2.350148367952522,0.0032474777448071217,0.9970326409495549,0.004782195845697329,1.7091988130563798,-0.014531750741839763,27.596439169139465,-0.018089020771513354,20.189910979228486,-0.2546813056379822,56.724035608308604,1.5311572700296736,3.9169139465875373,1.2671715133531156,60.0,-7.413600000000002,-0.263985756676558,0.2839478164101641,0.5578197864145955,-0.060692660550458716,4.073355163076839,-0.03688642082056192,0.046521669007432466,0.1851170289136498,0.4335550238812371,0.00233030303030303,2.687309676779236,-0.001930223971302222,-0.0037913079953077076,0.1417393563414337,0.554498172180318,0.0032571428571428573,1.0355360927363686,0.0013207499084666365,0.0009818448516255836,0.05063291139240506,0.6989865194144046,0.002797916666666667,1.729405533837647,-0.0006833014836848846,-0.0009778099663640739,0.854320842584866,0.9072170828770012,-0.0005265806451612903,27.897251043131696,-0.013154869187115408,-0.004151354091485244,0.10185018861146039,0.9380627513446648,-0.0008959435626102293,20.188656131011378,-0.0005023558591342515,0.0014918444493506803,-0.05183642141333205,0.040074886255251706,0.018593287976248162,0.35422655313303136,qualified,Qualified,True,4.556145675265554,3.7575872534142643,74.34844461305008,74.63391502276177,56.63031107738998,58.70637329286799,73.4711684370258,75.20864946889226,29.06866464339909,31.229135053110774,4.3114567526555385,6.43304248861912,1.2784522003034902,3.7575872534142643,1.2784522003034902,67.0,59.0,42.0,49.0,32.0,48.0,45.0,-16.0,Houston Dynamo FC,HOU,Houston,False,Houston Dynamo FC,HOU,-0.17624909335588293,0.07257625052921884,0.07563753396746062,-0.440741055571056,-0.06617831304137083,0.11415007004608105,0.43905846760975925,2000.0,26,0.0,76.6578148710167,67,1.3,0,-0.021547799696509884,2026-09-28T20:35:07Z,2.0,Low-Involvement Keeper
