player_id,season,team_id,minutes,ga_shot_stopping,ga_raw_shot_stopping,opp_shot_stopping,ga_handling,ga_raw_handling,opp_handling,ga_claiming,ga_raw_claiming,opp_claiming,ga_sweeping,ga_raw_sweeping,opp_sweeping,ga_passing,ga_raw_passing,opp_passing,ga_fielding,ga_raw_fielding,opp_fielding,shots_faced,goals_conceded,saves,xgoals_faced,share_headed_shots,player_name,slug,nationality,birth_date,ga_total,opp_total,components_complete,ga_shot_stopping_p96,opp_shot_stopping_p96,ga_handling_p96,opp_handling_p96,ga_claiming_p96,opp_claiming_p96,ga_sweeping_p96,opp_sweeping_p96,ga_passing_p96,opp_passing_p96,ga_fielding_p96,opp_fielding_p96,ga_total_p96,opp_total_p96,goals_conceded_p96,shots_faced_p96,xgoals_faced_p96,save_pct,goals_prevented,goals_prevented_p96,reliability_shot_stopping,workload_reliability_shot_stopping,value_per_opportunity_shot_stopping,adj_opp_shot_stopping_p96,adj_shot_stopping_p96,baseline_shot_stopping_p96,reliability_handling,workload_reliability_handling,value_per_opportunity_handling,adj_opp_handling_p96,adj_handling_p96,baseline_handling_p96,reliability_claiming,workload_reliability_claiming,value_per_opportunity_claiming,adj_opp_claiming_p96,adj_claiming_p96,baseline_claiming_p96,reliability_sweeping,workload_reliability_sweeping,value_per_opportunity_sweeping,adj_opp_sweeping_p96,adj_sweeping_p96,baseline_sweeping_p96,reliability_passing,workload_reliability_passing,value_per_opportunity_passing,adj_opp_passing_p96,adj_passing_p96,baseline_passing_p96,reliability_fielding,workload_reliability_fielding,value_per_opportunity_fielding,adj_opp_fielding_p96,adj_fielding_p96,baseline_fielding_p96,adj_total_p96,baseline_total_p96,sampling_variance_total_p96,reliability_total,sample_status,sample_status_label,in_reference_pool,pct_adj_shot_stopping,pct_ga_shot_stopping,pct_adj_handling,pct_ga_handling,pct_adj_claiming,pct_ga_claiming,pct_adj_sweeping,pct_ga_sweeping,pct_adj_passing,pct_ga_passing,pct_adj_fielding,pct_ga_fielding,pct_adj_total,pct_ga_total,keeperiq,rank_adjusted,rank_observed,rank_goals_conceded,rank_save_pct,rank_goals_conceded_pool,rank_adjusted_pool,rank_observed_pool,rank_disagreement,team_name,team_abbreviation,team_short_name,changed_teams,current_team_name,current_team_abbreviation,adj_total_p96_low,adj_total_p96_high,adj_total_p96_se,observed_total_p96_low,observed_total_p96_high,observed_total_p96_se,bootstrap_reliability,bootstrap_resamples,appearances,keeperiq_low,keeperiq_high,previous_rank,previous_keeperiq,rank_change,keeperiq_change,comparison_snapshot,archetype_cluster,archetype_label
Vj58BnDLQ8,2026,19vQ2095K6,2735.0,12.4847,11.68,135,-0.2207,-0.243,101,-0.0292,-0.0426,32,0.4454,0.4145,38,0.183,1.889,925,-0.2625,-0.4091,651,139,34,101,45.68,0.1655,Matt Turner,matt-turner,USA,1994-06-24,12.6007,1882,True,0.4382198171846435,4.738574040219379,-0.007746691042047532,3.545155393053016,-0.0010249360146252287,1.123217550274223,0.015633784277879342,1.33382084095064,0.0064234003656307125,32.46800731261426,-0.009213893967093236,22.850457038391227,0.4422914808043875,66.05923217550274,1.193418647166362,4.878976234003656,1.6033930530164535,72.66187050359713,11.68,0.4099744058500914,0.32936139520152113,0.5613593321499302,0.09247925925925926,4.615953006313942,0.18118846114167073,0.06052544027346871,0.25789920340409794,0.43708548464892966,-0.0021851485148514853,3.2305666146245846,-0.01398755995220781,-0.016395320494799893,0.15871481396944606,0.5580432405764754,-0.0009125,1.1152309670490939,-0.001123300808962499,-0.0011432329619826093,0.04051172707889126,0.7019997347554016,0.011721052631578948,1.4765211929042033,0.00449222843323357,0.003951186367837285,0.8749877300754809,0.9084189639359809,0.00019783783783783784,32.38510257568906,0.004543934553324796,-0.008496051401122064,0.11520084940718457,0.938891980981731,-0.0004032258064516129,22.79831754264569,0.0021119501672494188,0.003583837750014192,0.1772257135343082,0.042025859533415616,0.0223073715903276,0.3137432784058487,qualified,Qualified,True,98.2888496815446,98.2888496815446,54.79372348811893,58.20100854636685,33.559192662387225,33.559192662387225,52.234818624322735,75.80427193212958,85.7896317429333,85.7896317429333,7.463368244553724,8.26419910657307,98.2888496815446,98.2888496815446,98.2888496815446,1.0,5.0,14.0,12.0,7.0,1.0,1.0,6.0,New England Revolution,NER,New England,False,New England Revolution,NER,0.035105573478401486,0.3193458535902149,0.0864029101947322,0.16465149293689885,0.7205564628368101,0.16690673618860044,0.2679840902812105,2000.0,27,45.38208391205876,100.0,1,98.3,0,-0.011150318455392494,2026-10-02T19:19:19Z,2.0,Busy Handler
p6qbeEd350,2026,gpMOLwl5zy,2558.0,10.0885,9.3358,154,-0.5398,-0.5607,113,-0.0716,-0.0842,33,-0.0052,-0.0342,38,0.2999,1.8956,1006,0.1747,0.0376,688,154,41,113,50.3358,0.1234,Brad Stuver,brad-stuver,USA,1991-04-16,9.946499999999999,2032,True,0.3786145426114152,5.779515246286161,-0.020258326817826425,4.240813135261924,-0.002687099296325254,1.238467552775606,-0.00019515246286161064,1.4261141516810008,0.011255043002345583,37.75449569976544,0.006556372165754496,25.82017200938233,0.37328537920250193,76.25957779515247,1.5387021110242378,5.779515246286161,1.8890683346364345,73.37662337662337,9.335799999999999,0.350366223612197,0.35907136441044896,0.5448230788381171,0.06550974025974025,5.178459125850953,0.16533098610741323,0.06790115022868885,0.27996223308814927,0.42069896884004304,-0.0047769911504424774,3.514071388592763,-0.01754088169424452,-0.017834124328768887,0.16286685868169584,0.5414840843747122,-0.0021696969696969695,1.1773377692669977,-0.0014263731900105137,-0.0012068991849953324,0.04051172707889126,0.6878169263545691,-0.0001368421052631579,1.5467936712241144,0.0039629736794681274,0.004139236264923855,0.8838845587216028,0.9026986341929726,0.00029811133200795226,37.15203003123402,0.0086576773774554,-0.009746628285758294,0.1209563994374121,0.9349387327668283,0.00025392441860465115,25.571446044876655,0.0043189458936886554,0.004019766523852225,0.16330332817377036,0.04727250121794242,0.029048775982357496,0.25985239394121007,qualified,Qualified,True,94.97728893727242,94.97728893727242,28.179235957305703,35.166485228424484,28.23554437729144,28.23554437729144,23.246618366555303,31.602787892438407,95.25757973897919,95.25757973897919,70.54443985635096,58.2954815621207,94.97728893727242,94.97728893727242,94.97728893727242,2.0,6.0,35.0,11.0,24.0,2.0,2.0,22.0,Austin FC,ATX,Austin,False,Austin FC,ATX,0.019942124052352767,0.306664532295188,0.08715742357303358,0.0900866715506715,0.6635504370293218,0.17254883604512017,0.25514361200336144,2000.0,25,35.46054031057222,100.0,2,95.0,0,-0.02271106272758061,2026-10-02T19:19:19Z,2.0,Busy Handler
7vQ7rKGYqD,2026,jYQJ19EqGR,2714.0,9.9321,9.1335,138,-0.6957,-0.7178,103,-0.0779,-0.0912,51,0.165,0.1343,51,-0.0749,1.6181,842,0.2176,0.0722,547,144,35,103,44.1335,0.125,Andrew Thomas,andrew-thomas,USA,1998-09-01,9.466199999999999,1732,True,0.3513196757553427,4.88135593220339,-0.02460840088430361,3.6433308769344146,-0.002755490051584377,1.803979366249079,0.005836403831982314,1.803979366249079,-0.002649373618275608,29.78334561532793,0.007696978629329402,19.34856300663228,0.3348397936624907,61.26455416359616,1.2380250552689755,5.093588798820928,1.5610965364775238,71.52777777777779,9.133499999999998,0.32307148120854823,0.3342342294915672,0.5594604947783857,0.07197173913043478,4.695303018437997,0.1539359465180992,0.061565895930825745,0.26166979295353293,0.43518995421950163,-0.006754368932038835,3.272232268305387,-0.018044674680339816,-0.016606776201247685,0.23116724537148226,0.5561413984779844,-0.0015274509803921569,1.4937964273019668,-0.001704770940067361,-0.001531303707161397,0.05362776025236593,0.7003847709389774,0.003235294117647059,1.8065864052250942,0.0048886295425836,0.004834444375705403,0.8643364581083182,0.9077756935567904,-8.895486935866983e-05,29.947449613906496,-0.0033684146175578487,-0.007856546714885589,0.09861186226789255,0.938448251804871,0.0003978062157221206,19.51159260530668,0.003530122073319219,0.003067172917957395,0.13923683789603697,0.043472886601193875,0.023207007964909335,0.3052939268322025,qualified,Qualified,True,91.67886682433024,85.60756785164608,17.949872993230475,28.76234092871354,24.937122264349263,24.937122264349263,57.031670357996425,49.17226622620969,66.08481299348074,64.6871128796126,55.91926623872268,70.98865072512733,91.67886682433024,85.60756785164608,91.67886682433024,3.0,9.0,16.0,14.0,9.0,3.0,5.0,6.0,Seattle Sounders FC,SEA,Seattle,False,Seattle Sounders FC,SEA,-0.0018664653210563875,0.2803401411131303,0.08578471729095288,0.06508146697353928,0.59995302988874,0.16257680934592436,0.2784214280166621,2000.0,27,18.10378267452482,100.0,3,91.7,0,-0.021133175669760362,2026-10-02T19:19:19Z,2.0,Busy Handler
jYQJagNWqG,2026,vzqoOgNqap,2639.0,10.1492,9.3727,90,-0.0679,-0.0894,70,-0.2878,-0.3008,33,0.023,-0.0069,57,-0.186,1.4602,924,0.1644,0.023,725,94,20,70,29.3727,0.1702,Brian Schwake,brian-schwake,USA,2001-08-24,9.7949,1899,True,0.369201667298219,3.2739674118984468,-0.002470026525198939,2.546419098143236,-0.010469420234937476,1.200454717696097,0.0008366805608184919,2.0735126942023494,-0.0067661993179234554,33.61273209549071,0.005980447139067828,26.373626373626376,0.35631314892004545,69.08071239105722,0.7275483137552103,3.4194770746494885,1.0685029177718832,74.46808510638297,9.372699999999998,0.3409546040166729,0.24665366149484994,0.5525426228472663,0.11276888888888889,3.804230726768833,0.14339252739963465,0.049881950558116554,0.19410698386343536,0.428314723304065,-0.00097,2.7978915524913135,-0.011970050036629334,-0.014199468447772286,0.16286685868169584,0.5492134022859854,-0.008721212121212121,1.1574910908911689,-0.002637400034156924,-0.0011865541824124582,0.05956112852664577,0.6944713324955716,0.00040350877192982455,1.993821029183157,0.005065617008232677,0.005335486214674954,0.8748693649183424,0.9054026318920093,-0.0002012987012987013,33.41880883924572,-0.006982438782158059,-0.008767238485625295,0.12663755458515283,0.9368094986114642,0.00022675862068965516,26.097079194431096,0.0043322853161533075,0.004102394723082643,0.13120054087107635,0.03516657038006411,0.01617516168791739,0.38669256385075484,qualified,Qualified,True,88.3297671334009,91.72579050765168,85.3591851545979,78.36818198881339,14.36928313124867,12.697548706783287,61.18160091094511,39.64675851195615,51.21375927524807,50.41292841322873,74.9684047198969,50.15641227773815,88.3297671334009,91.72579050765168,88.3297671334009,4.0,7.0,5.0,10.0,1.0,4.0,3.0,-3.0,Nashville SC,NSH,Nashville,False,Nashville SC,NSH,0.005765049017056073,0.2566360327250966,0.07625936432114103,0.16526749398182264,0.5419410212834981,0.11632556881966821,0.42976989654403003,2000.0,26,23.142760614137167,100.0,4,88.3,0,0.02976713340090953,2026-10-02T19:19:19Z,1.0,Sweeper-Keeper Receiver
ljqE2keVQx,2026,kaDQ0wRqEv,2213.0,8.1123,7.4612,115,-0.5952,-0.6132,85,0.0448,0.034,34,0.1195,0.0945,33,-0.0297,1.3508,768,0.2328,0.1142,565,118,30,85,37.4612,0.2203,JT Marcinkowski,jt-marcinkowski,USA,1997-05-09,7.8845,1600,True,0.35191179394487115,4.9887031179394485,-0.025819792137370085,3.6873023045639406,0.001943425214640759,1.474920921825576,0.005183913239945775,1.4315408947130592,-0.0012883868052417534,33.315860822413015,0.010098870311793944,24.509715318572077,0.3420298237686399,69.40804338002711,1.3014008133755084,5.118843199276999,1.6250678716674198,72.03389830508475,7.461199999999998,0.32366705829191134,0.2949594485809231,0.5087236878421111,0.07054173913043478,4.728485414574319,0.14209858430044753,0.06200099116094017,0.2262889931330535,0.3858521669530291,-0.00700235294117647,3.2567822046661163,-0.017948730669437887,-0.016528366196054113,0.16697812100427636,0.5053603018085046,0.0013176470588235293,1.2920158577279748,-0.0008190343589296653,-0.0013244566906774492,0.03536977491961415,0.6558955423472902,0.003621212121212121,1.562692785622795,0.0042340257289950126,0.0041817824636338026,0.853183854173287,0.8892102148098979,-3.8671875e-05,33.121633646527314,-0.002368548491923657,-0.008689276227930634,0.10152740341419586,0.9255510035275331,0.0004120353982300885,24.322662721141672,0.004452762017876489,0.0038234609496001757,0.1296490585270278,0.04346413545951195,0.029038039215581134,0.2599235004847129,qualified,Qualified,True,85.29411764705883,88.69014102130961,21.032446162894004,25.679767759050016,42.85508715292116,50.57809977852021,39.07992041743309,46.08969305654617,72.38822778632832,72.38822778632832,78.00405420623898,84.7160178685386,85.29411764705883,88.69014102130961,85.29411764705883,5.0,8.0,22.0,13.0,14.0,5.0,4.0,9.0,LA Galaxy,LAG,LA Galaxy,False,LA Galaxy,LAG,-0.011087678963817987,0.2703857960178736,0.08556186115308968,0.08622261642462624,0.6145882239239093,0.16107499873045472,0.2821656691982877,2000.0,22,10.199331806749502,100.0,5,85.3,0,-0.005882352941171121,2026-10-02T19:19:19Z,2.0,Busy Handler
NPqxeGOZQ9,2026,"['mKAqBBmqbg', '0KPqjA456v']",1840.0,6.1855,5.6441,73,-0.3013,-0.3163,56,0.1144,0.1054,14,0.16,0.1391,36,0.0199,1.1677,622,-0.0021,-0.1007,412,74,17,56,22.6441,0.1081,Daniel,daniel,Brazil,1994-05-06,6.176399999999999,1213,True,0.3227217391304348,3.8086956521739133,-0.015719999999999998,2.9217391304347826,0.0059686956521739125,0.7304347826086957,0.008347826086956523,1.8782608695652177,0.0010382608695652174,32.45217391304348,-0.00010956521739130434,21.495652173913044,0.32224695652173907,63.286956521739135,0.8869565217391304,3.860869565217391,1.1814313043478262,75.67567567567568,5.644100000000002,0.29447478260869575,0.2098399995653192,0.4626484153774595,0.08473287671232876,4.158151823922306,0.11701499519883496,0.0545226455994183,0.16155747388607253,0.34313268117260626,-0.005380357142857143,2.964145928851751,-0.015189419951371502,-0.015043219439240144,0.07624462918922209,0.45930485370916335,0.00817142857142857,0.9330396378995695,-0.00030223217932406145,-0.0009564670461990045,0.038461538461538464,0.6131263279699053,0.0044444444444444444,1.852889611600666,0.005084379658211025,0.00495835224692157,0.8247612075322555,0.8696781002358195,3.19935691318328e-05,32.33626202323868,-0.0006333337302397001,-0.00848323835403945,0.07612712490761271,0.9117901693231101,-5.097087378640777e-06,21.53989557374893,0.0031198912130678963,0.0033860170051656655,0.10909428020917862,0.038384090012026945,0.026808300640803483,0.27558444589725223,qualified,Qualified,True,82.75836180036788,82.75836180036788,37.91809001839408,38.929138981693505,84.24115019332558,90.54644193350602,67.28355669006595,55.242313900671945,74.92398363301925,78.37506412903387,42.904513432686414,26.376115219540274,82.75836180036788,82.75836180036788,82.75836180036788,6.0,10.0,7.0,6.0,2.0,6.0,6.0,-4.0,,,,True,FC Dallas,FCD,-0.02028304013475317,0.2384716005531104,0.07865582588445558,0.12221063420002513,0.5334382254502885,0.12540982962992975,0.39336764456693385,2000.0,19,9.398500944730158,100.0,6,82.8,0,-0.04163819963211779,2026-10-02T19:19:19Z,0.0,Low-Involvement Keeper
7VqG07YAQv,2026,lgpMOvnQzy,2511.0,3.9263,3.1874,73,-0.0708,-0.0912,49,0.0424,0.0301,19,0.5301,0.5017,60,0.4333,1.9996,883,0.2614,0.1268,830,76,24,49,27.1874,0.1711,Yohei Takaoka,yohei-takaoka,Japan,1996-03-16,5.1227,1914,True,0.1501094384707288,2.790919952210275,-0.002706810035842294,1.873357228195938,0.0016210274790919954,0.7264038231780167,0.020266666666666665,2.2939068100358426,0.016565830346475508,33.758661887694146,0.009993787335722822,31.732377538829148,0.19584994026284347,73.17562724014337,0.9175627240143369,2.9056152927120666,1.0394227001194742,64.47368421052632,3.1874000000000002,0.12185997610513741,0.2098399995653192,0.5402204873548083,0.053784931506849314,3.5578810481235834,0.07701741597990136,0.04665175676263466,0.14427640611446524,0.4161861996458412,-0.0014448979591836736,2.5231075758295503,-0.011483453713826286,-0.012804923186327878,0.10073190158401622,0.5368764299623247,0.0022315789473684212,0.9018085252831497,-0.0006286113648995081,-0.0009244517610810203,0.0625,0.6838211330421717,0.008835,2.1417532699594775,0.006555794189560525,0.0057313544595250935,0.8698156120558735,0.901057581120194,0.000490713476783692,33.541392692673384,0.01317093659780269,-0.008799397677254685,0.1423670668953688,0.9338015552722344,0.0003149397590361446,31.0879253907837,0.005585094201102899,0.004886943099055808,0.09021717588964168,0.03474128169655198,0.014575395061584886,0.41166311867588695,qualified,Qualified,True,66.90503897793961,73.72836818198881,95.20815345921393,75.14608906740744,49.8323260382647,47.62253337838007,90.38064491910357,90.5808526346084,98.42899508239799,98.42899508239799,93.31118535480562,81.76045146839847,80.03616251861307,77.01677990915576,80.03616251861307,7.0,12.0,9.0,25.0,4.0,7.0,8.0,-3.0,Vancouver Whitecaps FC,VAN,Vancouver,False,Vancouver Whitecaps FC,VAN,-0.04706767160010289,0.22750202337938624,0.08346326104159306,-0.045123607680307425,0.43871690051210493,0.14825252776543701,0.3169468826264907,2000.0,25,5.54700501770587,100.0,7,80.0,0,0.03616251861306807,2026-10-02T19:19:19Z,1.0,Sweeper-Keeper Receiver
EGMP4WVMaY,2026,eVq3ya6MWO,2413.0,6.5595,5.8495,96,-0.7084,-0.728,73,-0.4612,-0.4731,25,0.2305,0.2032,19,-0.5691,0.9361,614,0.1382,0.0089,313,97,23,73,28.8495,0.1237,Hugo Lloris,hugo-lloris,France,1986-12-26,5.189500000000001,1140,True,0.2609664318276005,3.8193120596767507,-0.028183340240364695,2.904268545379196,-0.018348611686697058,0.9946125155408205,0.009170327393286366,0.7559055118110236,-0.02264135930377124,24.427683381682556,0.005498217985909656,12.452548694571073,0.20646166597596358,45.354330708661415,0.9150435142975548,3.8590965602983838,1.147762950683796,75.25773195876289,5.849499999999999,0.23271943638624115,0.2588409674369602,0.5303177662918127,0.068328125,4.119774444696009,0.11289980724289643,0.05401943255304712,0.20075579310787056,0.4065467204024722,-0.009704109589041096,2.952949363067245,-0.01773059699890005,-0.014986396192306599,0.12845578763437407,0.5269647515096474,-0.018448,1.0468990287237625,-0.003416219889866995,-0.0010731852978145442,0.020674646354733407,0.6751514583360309,0.012131578947368422,1.0991973763262717,0.0031563465133254177,0.002941463833892059,0.8228823682806529,0.8974512785788438,-0.0009268729641693812,25.159374966275003,-0.020358293075411926,-0.006600421982113423,0.058912102390363257,0.931297723872281,0.00044153354632587855,13.108289483652772,0.0022801647031994287,0.0020605898922915504,0.0768312084952423,0.036361482806996165,0.02031720751562183,0.33420489277947163,qualified,Qualified,True,80.09747613148642,80.09747613148642,23.92669895016079,20.07645432135841,4.615413491497429,4.615413491497429,4.798103031895592,61.202872980717494,15.824542963324447,17.636422788643216,10.684209867737778,38.83341466771776,76.9554662962824,80.09747613148642,76.9554662962824,8.0,11.0,8.0,7.0,3.0,8.0,7.0,-5.0,Los Angeles FC,LAFC,Los Angeles FC,False,Los Angeles FC,LAFC,-0.05917666565983787,0.21283908265032248,0.08268691637775673,-0.03216487882634724,0.44013472880570287,0.14402789647533992,0.3295948041073244,2000.0,24,2.441282830937097,100.0,8,77.0,0,-0.04453370371760457,2026-10-02T19:19:19Z,0.0,Low-Involvement Keeper
gOMnRzymMw,2026,WBLMvYAQxe,2773.0,4.2016,3.3857,163,-0.0962,-0.1188,112,0.1004,0.0868,32,0.5269,0.4955,65,-0.4237,1.3061,843,0.1643,0.0157,551,165,51,112,54.3857,0.1091,James Pantemis,james-pantemis,Canada,1997-02-21,4.4733,1766,True,0.1454574828705373,5.642985935809593,-0.003330400288496213,3.8773891092679413,0.0034758023800937616,1.1078254597908404,0.018241038586368555,2.250270465200144,-0.014668301478543096,29.184276956364947,0.005687991345113596,19.07536963577353,0.15486361341507393,61.13811756220699,1.7655968265416515,5.71222502704652,1.8828082221420843,67.87878787878789,3.3857,0.11721139560043274,0.37224461660706043,0.5647540365621946,0.025776687116564417,5.1276722572151625,0.09140848211913753,0.06723522109550933,0.2781738786382573,0.440483346110614,-0.0008589285714285714,3.3788089526655414,-0.013184932271428928,-0.01714765930498796,0.15871481396944606,0.5614435591803532,0.0031375,1.106650624008693,-0.0004033088942533722,-0.001134437177720216,0.06735751295336788,0.7048782230722952,0.008106153846153846,2.1211281831968964,0.0064519873549431245,0.005676161508659633,0.864475577703514,0.909560450614793,-0.0005026097271648873,29.399384656491886,-0.0138191193746189,-0.007712764923907296,0.09926139434336155,0.9396788662082142,0.0002981851179673321,19.2516190902706,0.0032957250436280636,0.0030263057401295848,0.07374883397740752,0.04994282693768308,0.026217516244322635,0.28005530832751824,qualified,Qualified,True,76.85285984208616,70.42243827971521,62.45792509728844,68.36405270468111,81.35503084450117,71.78510204337,87.07471501682996,85.87722261846666,33.08244803984133,33.08244803984133,46.80168174481024,45.38270956116971,73.71085000688214,71.89897018156337,73.71085000688214,9.0,16.0,40.0,19.0,29.0,9.0,11.0,20.0,Portland Timbers FC,POR,Portland,False,Portland Timbers FC,POR,-0.06889555541293567,0.2163932233677507,0.08672163115958029,-0.11309306912779059,0.4533936571721562,0.16923955388475434,0.26257364453435017,2000.0,27,2.441282830937097,100.0,9,73.7,0,0.010850006882137109,2026-10-02T19:19:19Z,2.0,Busy Handler
0x5g2Z8ZM7,2026,NPqxKXZ59d,2755.0,2.5513,1.7407,153,-0.2754,-0.2979,116,-0.2,-0.2135,43,-0.3222,-0.3534,36,0.2751,1.9937,976,-0.075,-0.2226,659,153,37,116,38.7407,0.085,Kristijan Kahlina,kristijan-kahlina,Croatia,1992-07-24,1.9538,1983,True,0.08890192377495462,5.331397459165155,-0.009596515426497277,4.042105263157895,-0.006969147005444647,1.498366606170599,-0.011227295825771325,1.2544464609800363,0.00958606170598911,34.00943738656987,-0.002613430127041742,22.96333938294011,0.06808159709618875,69.09909255898367,1.2892921960072594,5.331397459165155,1.3499481669691469,75.81699346405229,1.7406999999999968,0.060655970961887365,0.35757346198487383,0.5631525926169137,0.01667516339869281,4.95030435367654,0.07121627055370786,0.06490953224266074,0.2852745200284458,0.4388789607832825,-0.0023741379310344827,3.4496697540643577,-0.01484929661939219,-0.017507282147678348,0.20223921996178187,0.559839428013152,-0.004651162790697674,1.3252866587543506,-0.0023304358097166774,-0.0013585628781209004,0.038461538461538464,0.7035216922937599,-0.00895,1.4199507904769098,0.003164866334742693,0.003799803371123134,0.880741086184482,0.909023314549068,0.0002818647540983607,33.78684554567996,0.007330493932582579,-0.008863790867019087,0.11645166990634388,0.9393086727584202,-0.00011380880121396054,22.904704443856694,0.002877708901446771,0.0036005615013153056,0.06740960729337103,0.04458026122228085,0.024885299183273115,0.290689689104658,qualified,Qualified,True,58.918002427518545,55.6020621394697,43.308057109250846,48.73994269054144,17.744034435727066,21.51544727654942,8.031457637298697,14.424340253012499,89.22444536206314,89.22444536206314,29.32229688301613,16.84935620706483,70.25226172153609,60.34698499693432,70.25226172153609,10.0,20.0,19.0,5.0,11.0,10.0,15.0,1.0,Charlotte FC,CLT,Charlotte,False,Charlotte FC,CLT,-0.07222055867935881,0.20703977326610087,0.08488911343790866,-0.1939788206929377,0.31781848087575704,0.15671655971334633,0.29340953100888034,2000.0,27,2.441282830937097,100.0,10,70.3,0,-0.04773827846391043,2026-10-02T19:19:19Z,2.0,Busy Handler
gOMn6lylMw,2026,vzqoOgNqap,100.0,1.2632,1.2337,3,0.0466,0.0457,3,-0.0002,-0.0007,1,-0.0043,-0.0054,2,0.0182,0.0806,41,-0.0049,-0.0103,33,3,0,3,1.2337,0.0,Joe Willis,joe-willis,USA,1988-08-10,1.3186000000000002,83,True,1.212672,2.88,0.044736000000000005,2.88,-0.000192,0.96,-0.004128,1.92,0.017472,39.36,-0.004704,31.68,1.265856,79.67999999999999,0.0,2.88,1.184352,100.0,1.2337,1.184352,0.01079586766122914,0.04470068598514822,0.4210666666666667,4.388442683619513,0.07686994872499321,0.05754227245763444,0.010217083379791197,0.027606333322638656,0.015533333333333335,2.9833637785974303,-0.014512581041000238,-0.015140751186264014,0.005860995097252142,0.04412957699158392,-0.0002,1.0987413319864643,-0.0011210158267355422,-0.0011263292936917768,0.0022172949002217295,0.0793013319140693,-0.00215,1.8211912230857947,0.004854039022817446,0.004873527023156228,0.23677840718996762,0.26615186045015843,0.0004439024390243903,33.637999914863066,-0.003199660821985,-0.008824742044268034,0.0065567256109676135,0.3597016747647554,-0.00014848484848484849,25.480133538496833,0.003954343233016567,0.004005412429222203,0.06684507329110644,0.04132938938578905,0.37746692942675963,0.026307473945318828,limited,Limited Sample,False,65.3340340603376,100.0,48.099903650036914,100.0,35.27034298084262,37.08847929727092,53.94596894277813,16.14800355368695,67.78282468060613,100.0,68.94402943053419,15.12569290639038,68.52859842086164,100.0,68.52859842086164,11.0,1.0,1.0,1.0,,,,,Nashville SC,NSH,Nashville,False,Nashville SC,NSH,,,,,,,,,1,,,11,68.5,0,0.028598420861641216,2026-10-02T19:19:19Z,,
4wM4JxWpqj,2026,mKAqBBmqbg,1109.0,1.3911,1.0648,67,-0.4974,-0.5064,47,0.163,0.1576,14,-0.1749,-0.1874,26,0.0673,0.7591,369,0.0671,0.0077,151,67,20,47,21.0648,0.1343,Jonathan Sirois,jonathan-sirois,Canada,2001-06-27,1.0162,674,True,0.12041983769161407,5.799819657348963,-0.04305716862037872,4.0685302073940495,0.014110009017132552,1.21190261496844,-0.015140126239855726,2.2506762849413886,0.005825788999098287,31.94229035166817,0.0058084761045987384,13.071235347159604,0.0879668169522092,58.34445446348061,1.7312894499549143,5.799819657348963,1.8234633002705143,70.1492537313433,1.0648000000000017,0.0921738503155998,0.19597284410977037,0.3416405135409169,0.02076268656716418,4.917095591473484,0.07184620230891013,0.0644740912945992,0.13920734198761853,0.2394546467721076,-0.010582978723404255,3.245443747299382,-0.01895924307195906,-0.016470822840779317,0.07624462918922209,0.33862038128949146,0.011642857142857144,1.141296355606413,-6.761534672250301e-05,-0.00116995281844827,0.028077753779697623,0.48854348607066467,-0.0067269230769230765,2.026660567539204,0.004888299910908045,0.00542336516751495,0.7362952094286859,0.8008808409340894,0.00018238482384823847,31.866715869095565,0.002074765010269212,-0.008360055534053763,0.029314696175499904,0.8616883997047192,0.00044437086092715235,14.305802861641766,0.00236926794349282,0.0022488359609830707,0.06215167675489863,0.04614546122981587,0.0673198307295721,0.13156240961915275,provisional,Provisional,True,61.33551059223945,62.82830937097238,12.2696047148917,6.856488606929689,92.70180312073776,99.30615513595356,54.63981380682458,12.006832088291603,83.38463656043145,83.38463656043145,18.682508102155985,47.81147940988776,67.8347535568152,66.18178860567839,67.8347535568152,12.0,18.0,39.0,17.0,28.0,11.0,13.0,17.0,FC Dallas,FCD,Dallas,False,FC Dallas,FCD,-0.0864738550432142,0.21077720855301146,0.0903579075530396,-0.2480092310406681,0.4299342181371421,0.2023319625598049,0.1994359023044196,2000.0,11,0.0,100.0,12,67.8,0,0.03475355681520398,2026-10-02T19:19:19Z,2.0,Busy Handler
Vj58WrY3M8,2026,eVq3ya6MWO,182.0,1.3563,1.3028,11,-0.2694,-0.2708,9,0.0009,0.0,0,-0.7881,-0.7901,6,-0.0034,0.1102,51,0.0091,-0.0007,23,12,2,9,3.3028,0.25,Cabral Carter,cabral-carter,USA,2004-07-05,0.30539999999999984,100,True,0.7154109890109891,5.802197802197802,-0.1421010989010989,4.747252747252747,0.0004747252747252747,0.0,-0.41570109890109885,3.164835164835165,-0.0017934065934065932,26.9010989010989,0.0048000000000000004,12.131868131868131,0.1610901098901098,52.74725274725275,1.054945054945055,6.32967032967033,1.7421362637362638,75.0,1.3028,0.6871912087912088,0.03847713072765465,0.07847864798487869,0.1233,4.564436527958416,0.07920182790475747,0.059849944329393515,0.030037459679253493,0.04913133120443441,-0.02993333333333333,3.072816321417037,-0.017889136802045735,-0.015594728238451403,0.0,0.0775109975468533,,1.0194855749923286,-0.0010450835280165927,-0.0010450835280165927,0.006622516556291391,0.13551619967676007,-0.13135,1.9959194965694254,0.0035695445991603975,0.00534110173565076,0.27844860015600487,0.3976183564567974,-6.666666666666666e-05,29.709189752587807,-0.006175299701057146,-0.007794040566453397,0.004578936890304599,0.5055440994850426,0.0003956521739130435,17.009850620953767,0.0026924779466505496,0.0026739054170750063,0.06035433041944894,0.04343109914919789,0.4116539730463247,0.02417550881359763,limited,Limited Sample,False,68.47604389554162,100.0,22.417007645432136,0.0,37.08847929727092,38.486179411139055,16.214322359447927,0.0,56.28214272307519,71.00366630379018,24.3477608018319,37.3237233629891,67.14090869276875,74.6449441295344,67.14090869276875,13.0,14.0,12.0,8.0,,,,,Los Angeles FC,LAFC,Los Angeles FC,False,Los Angeles FC,LAFC,-0.08236462482026091,0.20307328565915878,0.08676696397718016,-0.11332987012987014,0.3625142857142857,0.16957722494892924,0.2618024793358256,2000.0,2,0.0,100.0,13,67.1,0,0.04090869276875253,2026-10-02T19:19:19Z,,
0x5gP9Jjq7,2026,0KPqjA456v,123.0,0.5791,0.5429,8,-0.0484,-0.0494,7,0.0169,0.0163,4,0.0944,0.093,3,0.0075,0.0842,47,-0.0038,-0.0104,20,8,1,7,1.5429,0.25,Earl Edwards Jr.,earl-edwards-jr,USA,1992-01-24,0.6456999999999999,89,True,0.45198048780487804,6.2439024390243905,-0.03777560975609756,5.463414634146341,0.013190243902439022,3.1219512195121952,0.07367804878048781,2.3414634146341466,0.005853658536585366,36.6829268292683,-0.0029658536585365856,15.609756097560975,0.5039609756097561,69.46341463414635,0.7804878048780488,6.2439024390243905,1.2042146341463413,87.5,0.5428999999999999,0.42372682926829264,0.02828013281115895,0.05442231931033511,0.0723875,4.556163342171471,0.06737901793082823,0.059741464409529925,0.02351946082971949,0.03374154948063506,-0.006914285714285714,3.0698800283520273,-0.01571262198312762,-0.015579826373976745,0.023038887960854442,0.05373399029939235,0.004225,1.2135175500068827,-0.0010972043558312413,-0.0012439873928385774,0.0033222591362126247,0.09579343249367046,0.031466666666666664,1.863334571656506,0.0051645310600950695,0.0049863030707794145,0.262338737735065,0.30848302237928205,0.00015957446808510637,33.142235098913915,-0.005026310335282963,-0.008694680904293949,0.00398406374501992,0.40862679886258374,-0.00019,19.387132325193353,0.0030207906939452756,0.0030476080772882034,0.05372820301062676,0.042256880886488275,0.6555554287822692,0.0153187202098924,limited,Limited Sample,False,57.1943391268441,100.0,36.766895654241274,8.722799904901335,35.27034298084262,98.6123102719071,68.43475105421875,100.0,59.689427781323126,84.07848142447789,40.95248820651426,15.12569290639038,67.14090869276875,100.0,67.14090869276875,14.0,4.0,6.0,4.0,,,,,San Jose Earthquakes,SJE,San Jose,False,San Jose Earthquakes,SJE,-0.11187128665103771,0.2193276926722912,0.1006773412121726,-0.14312727272727271,3.1740000000000004,1.2853249794866264,0.006135325094251734,2000.0,2,0.0,100.0,14,67.1,0,0.04090869276875253,2026-10-02T19:19:19Z,,
KXMekmrPq6,2026,X0Oq66zq6D,100.0,0.7933,0.7638,2,-0.067,-0.0678,2,0.0023,0.0018,1,0.0157,0.0145,4,-0.006,0.0564,38,0.0221,0.0167,27,2,0,2,0.7638,0.0,Josh Cohen,josh-cohen,USA,1992-08-18,0.7604,74,True,0.761568,1.92,-0.06432,1.92,0.002208,0.96,0.015071999999999999,3.84,-0.00576,36.480000000000004,0.021216,25.92,0.729984,71.03999999999999,0.0,1.92,0.7332480000000001,100.0,0.7638,0.7332480000000001,0.007223238817606203,0.04470068598514822,0.39665,4.345530025073772,0.06901838256398532,0.05697959178297564,0.006834665702980917,0.027606333322638656,-0.0335,2.9568616986076974,-0.015580695720103345,-0.015006251531236473,0.005860995097252142,0.04412957699158392,0.0023,1.0987413319864643,-0.0011049165328357398,-0.0011263292936917768,0.004424778761061947,0.0793013319140693,0.003925,1.973449780360808,0.005291878810506388,0.005280972536829012,0.22332227192011309,0.26615186045015843,-0.00015789473684210527,32.871482556766615,-0.007856892132350213,-0.008623650481904773,0.0053709966182613885,0.3597016747647554,0.0008185185185185186,23.408251891851844,0.0037628628979357575,0.0036797178842226256,0.05353061988713818,0.04118405089719426,0.26054405448343004,0.03766861927114255,limited,Limited Sample,False,57.1943391268441,100.0,36.766895654241274,0.0,35.27034298084262,55.183502884242394,68.43475105421875,74.09312161367419,45.58604552222931,56.28214272307519,60.78181112904638,100.0,67.14090869276875,100.0,67.14090869276875,15.0,3.0,1.0,1.0,,,,,Chicago Fire FC,CHI,Chicago,False,Chicago Fire FC,CHI,,,,,,,,,1,,,15,67.1,0,0.04090869276875253,2026-10-02T19:19:19Z,,
4JMAaogDMK,2026,YgOMngl5wN,52.0,0.6667,0.6514,3,0.0258,0.0254,3,0.0022,0.002,1,-0.0455,-0.0461,1,-0.0016,0.0308,15,0.0072,0.0044,7,3,0,3,0.6514,0.0,Jimmy Maurer,jimmy-maurer,USA,1988-10-14,0.6547999999999999,30,True,1.2308307692307692,5.538461538461538,0.047630769230769227,5.538461538461538,0.004061538461538462,1.8461538461538463,-0.084,1.8461538461538463,-0.0029538461538461537,27.69230769230769,0.01329230769230769,12.923076923076923,1.2088615384615382,55.38461538461538,0.0,5.538461538461538,1.2025846153846154,100.0,0.6514,1.2025846153846154,0.01079586766122914,0.02375403102347474,0.2222333333333333,4.484667179297765,0.06892877106392585,0.05880399023466819,0.010217083379791197,0.014548070390362934,0.0086,3.0234273351369025,-0.01492164520869862,-0.01534407615305239,0.005860995097252142,0.023443974930021958,0.0022,1.1225187451326208,-0.0011294854886716743,-0.0011507037266680162,0.0011098779134295228,0.04286846526372835,-0.0455,1.8141156004624135,0.004757592745807505,0.00485459258199289,0.10193147822778408,0.1586694485151593,-0.00010666666666666667,30.948625982114773,-0.0076280925761180365,-0.008119199762409718,0.0013980427401637707,0.22607893768445828,0.0010285714285714286,19.94574901189653,0.0031597194762931382,0.0031354212049828174,0.05316686001253816,0.04218002437951377,1.3736245006450787,0.007369799565460355,limited,Limited Sample,False,57.1943391268441,100.0,41.5843938085764,100.0,31.84804234393183,79.47996045897618,53.94596894277813,0.0,48.76184040942478,62.989101192487205,44.05570779683922,93.21921493549557,67.14090869276875,100.0,67.14090869276875,16.0,2.0,1.0,1.0,,,,,Houston Dynamo FC,HOU,Houston,False,Houston Dynamo FC,HOU,,,,,,,,,1,,,16,67.1,0,0.04090869276875253,2026-10-02T19:19:19Z,,
KAqBjB97qb,2026,a2lqRX2Mr0,2731.0,2.0572,1.2536,144,-0.1846,-0.2068,93,-0.4037,-0.4171,36,0.6862,0.6553,68,-0.1689,1.5347,861,0.1974,0.051,534,152,51,93,52.2536,0.1645,Ethan Horvath,ethan-horvath,USA,1995-06-09,2.1835999999999998,1736,True,0.07231461003295496,5.06188209447089,-0.006489051629439765,3.26913218601245,-0.014190845844013183,1.2654705236177226,0.02412127425851337,2.3903332112779205,-0.00593716587330648,30.265836689857196,0.0069389967045038435,18.771146100329553,0.07675781764921273,61.02380080556573,1.7927499084584402,5.34309776638594,1.8368164042475281,61.18421052631579,1.2535999999999987,0.0440664957890882,0.3437705059829768,0.5609989118828171,0.01428611111111111,4.797227718259065,0.06483825573845389,0.06290235609906683,0.2424236924144641,0.43672541277185606,-0.0019849462365591395,3.1098190368670786,-0.01345290134753354,-0.01578251925202622,0.17508067854991505,0.5576822425000442,-0.01121388888888889,1.1945564006435483,-0.0033554698022862026,-0.0012245501537466637,0.07024793388429752,0.7016934662251116,0.010091176470588235,2.218015679840687,0.007090798025609285,0.005935433476981232,0.8669318237226175,0.9082971290152497,-0.00019616724738675956,30.384767029039388,-0.006228066724363045,-0.007971274504581214,0.09649439826526925,0.9388079550654034,0.0003696629213483146,18.96855628896205,0.003370697133441386,0.002981808985004705,0.05226331302332178,0.04684125465069866,0.02393117343519771,0.2988161815176788,qualified,Qualified,True,52.97058197880301,52.16975111678366,59.014352390605254,61.620806586833844,7.833752518237672,7.833752518237672,96.27926473716481,93.860505274222,54.5734950010636,54.5734950010636,52.51260682958569,61.604539709949066,65.43226097075716,63.77929601962036,65.43226097075716,17.0,19.0,42.0,37.0,31.0,12.0,14.0,19.0,New York Red Bulls,NYRB,New York,False,New York Red Bulls,NYRB,-0.07466337014643622,0.1791899961930798,0.07716594427023316,-0.11752953799914127,0.27329666818468856,0.11962182879366318,0.41613138755870027,2000.0,27,2.441282830937097,100.0,17,65.4,0,0.032260970757150176,2026-10-02T19:19:19Z,2.0,Busy Handler
4wM4J01Nqj,2026,zeQZkL1MKw,640.0,0.8347,0.6464,28,-0.055,-0.0603,20,0.0507,0.0476,9,0.3974,0.3902,19,-0.0417,0.3575,228,-0.0994,-0.1337,151,28,8,20,8.6464,0.0714,Rocco Rios Novo,rocco-rios-novo,Argentina,2002-06-04,1.0866999999999998,455,True,0.125205,4.199999999999999,-0.00825,3.0,0.007605,1.35,0.059609999999999996,2.8499999999999996,-0.006255,34.2,-0.014910000000000001,22.65,0.16300499999999996,68.25,1.2000000000000002,4.199999999999999,1.29696,71.42857142857143,0.6463999999999999,0.09695999999999999,0.09244460086379926,0.23045605424771118,0.029810714285714284,4.3993320745703635,0.06447623809644007,0.05768505666291309,0.06438613749843732,0.1537590290285581,-0.00275,2.988405046946035,-0.014718966747146893,-0.015166335927312688,0.050386438522101035,0.22807829893915454,0.005633333333333334,1.1609923389232133,-0.0008006360085522466,-0.0011901433422157421,0.020674646354733407,0.3553555953657079,0.02091578947368421,2.181297889188029,0.006659745846626887,0.0058371762798742075,0.6330560522804447,0.6988995143772461,-0.00018289473684210528,33.405921645075125,-0.007083669640243292,-0.008763857601966405,0.029314696175499904,0.7823882852610058,-0.0006582781456953643,22.507947885742837,0.0030001304326692404,0.0035381923757044193,0.05153284197979376,0.041940088446996884,0.08537938805644388,0.10670353301858317,provisional,Provisional,True,50.86151882578175,63.92256966602851,47.699488219027245,56.08944279690179,44.64006406646896,93.76478096024626,94.17020158414356,99.59958456899032,49.16225584043445,52.464431848042345,40.55207277550459,3.046911170339227,63.3231978177359,75.04535956054407,63.3231978177359,18.0,13.0,15.0,15.0,8.0,13.0,9.0,-5.0,Inter Miami CF,MIA,Miami,False,Inter Miami CF,MIA,-0.11115429617153166,0.2142199801311192,0.09890675721257672,-0.6582322630070708,0.9753358324846619,0.48974805458052023,0.04078556541041736,2000.0,6,0.0,100.0,18,63.3,0,0.023197817735905346,2026-10-02T19:19:19Z,,
a35rymlLML,2026,kRQand1MKZ,2680.0,3.7406,2.952,128,-1.4749,-1.4967,82,0.07,0.0569,18,-0.6882,-0.7185,51,-0.3814,1.2903,747,0.0938,-0.0498,383,130,46,82,48.952,0.0692,Drake Callender,drake-callender,USA,1997-10-07,1.3598999999999997,1409,True,0.13399164179104478,4.585074626865672,-0.052832238805970155,2.937313432835821,0.0025074626865671645,0.6447761194029851,-0.024651940298507466,1.8268656716417908,-0.013662089552238806,26.75820895522388,0.0033599999999999997,13.719402985074627,0.048712835820895514,50.471641791044775,1.6477611940298509,4.656716417910448,1.7535044776119402,63.07692307692307,2.951999999999998,0.10574328358208948,0.3177092346921557,0.5563510852700392,0.0292234375,4.52915339670668,0.08257058712053884,0.059387303776009016,0.22005986841254813,0.43209378594535125,-0.01798658536585366,2.9651322344734945,-0.023473080417237967,-0.015048224999782096,0.09593885959341784,0.5530272786670029,0.003888888888888889,0.8505491612823499,-0.0004709196172298418,-0.0008719053413102004,0.05362776025236593,0.6977326273149049,-0.013494117647058825,1.8225780042868958,0.0032967571770439455,0.0048772380643544826,0.8496769302988675,0.9067148282694458,-0.0005105756358768407,27.20640105111963,-0.012875722027324838,-0.007137447881464232,0.07114991640349248,0.9377160077653153,0.00024490861618798953,14.234978607666598,0.002326537958755872,0.0022377025677167467,0.05137416019454601,0.043444666185523714,0.022021474824835782,0.31652720962151454,qualified,Qualified,True,70.15278351289463,65.99972471439118,1.6767396173530038,3.3434688489307653,71.98343281154197,56.8602425015954,11.431860555326152,5.528235544377291,36.49411264186593,36.49411264186593,16.311923620756534,32.36858240424441,61.24604276937322,50.4661085876597,61.24604276937322,19.0,23.0,36.0,29.0,25.0,14.0,18.0,11.0,Minnesota United FC,MIN,Minnesota,False,Minnesota United FC,MIN,-0.07465176192950734,0.17740008231859938,0.07661832043797184,-0.14598408817267977,0.23939463556851312,0.1176117017490263,0.42438906699988016,2000.0,27,2.441282830937097,100.0,19,61.2,0,0.04604276937321572,2026-10-02T19:19:19Z,0.0,Low-Involvement Keeper
odMXRoXoqY,2026,Vj58weDM8n,2628.0,4.1514,3.3781,122,-0.798,-0.8194,88,0.0417,0.0288,16,0.02,-0.0097,22,-0.7972,0.8421,749,0.2977,0.1569,520,125,34,88,37.3781,0.136,Matt Freese,matt-freese,USA,1998-09-02,2.9155999999999995,1517,True,0.15164931506849316,4.45662100456621,-0.02915068493150685,3.2146118721461185,0.001523287671232877,0.5844748858447488,0.0007305936073059361,0.8036529680365296,-0.029121461187214613,27.360730593607308,0.010874885844748858,18.995433789954337,0.10650593607305933,55.41552511415526,1.2420091324200913,4.5662100456621,1.3654100456621006,70.39999999999999,3.3781000000000034,0.12340091324200927,0.3073945242716597,0.5515096898669299,0.034027868852459016,4.457699729227941,0.08711051046402885,0.05845038681056568,0.2324194062988338,0.4272922561774549,-0.009068181818181819,3.0838549124641768,-0.01851281050215412,-0.015650749754060955,0.0861978444043227,0.5481790683632985,0.00260625,0.8197252601063041,-0.0005837209506729431,-0.0008403074921807126,0.02386117136659436,0.6935843428073454,0.0009090909090909091,1.1128348502248373,0.0029310398804594053,0.0029779578586434166,0.8500181247816947,0.9050442746353812,-0.0010643524699599466,27.759736047686218,-0.026207017440950588,-0.007282612237880337,0.09420289855072464,0.9365617817567169,0.0005725000000000001,19.1858618930257,0.003766571641714501,0.0030159688753420583,0.04850457309242512,0.04067064406042915,0.021749370236917562,0.3192231173714804,qualified,Qualified,True,73.4737289938311,76.9435789631743,14.607655442521617,16.922557153046284,55.48881965038728,44.407322597194586,1.644205863583468,36.35146464456874,1.644205863583468,1.644205863583468,62.426016992629854,87.74478521466021,57.92509728843675,68.51983933330831,57.92509728843675,20.0,17.0,17.0,16.0,10.0,15.0,12.0,-5.0,New York City FC,NYC,New York City,False,New York City FC,NYC,-0.08666725107707088,0.18367639726192111,0.08217863407663938,-0.12573999677189257,0.3467742558297012,0.14139097377354,0.3378115278101669,2000.0,26,0.0,100.0,20,57.9,0,0.025097288436754184,2026-10-02T19:19:19Z,0.0,Low-Involvement Keeper
9z5kGga5A3,2026,EKXMeX3Q64,2641.0,2.9556,2.1785,133,-0.8971,-0.9186,91,0.2128,0.1998,32,-0.0295,-0.0594,41,-0.5514,1.096,754,0.1518,0.0103,357,136,42,91,44.1785,0.1691,Sean Johnson,sean-johnson,USA,1989-05-31,1.8421999999999998,1408,True,0.1074356683074593,4.83453237410072,-0.03260946611132147,3.3078379401741764,0.007735251798561151,1.1631957591821278,-0.001072321090496024,1.4903445664521016,-0.020043316925407045,27.407800075728893,0.00551790988262022,12.976902688375615,0.06696372586141612,51.18061340401363,1.526694433926543,4.943581976524044,1.6058826202196137,66.91176470588235,2.1784999999999997,0.07918818629307078,0.3260730169585808,0.5527299178713667,0.022222556390977442,4.66657971453811,0.07505195764707706,0.061189269346397505,0.23845343585477302,0.42850023430369555,-0.009858241758241758,3.124078102277248,-0.019418102271603253,-0.01585488486934478,0.15871481396944606,0.5494009544154983,0.00665,1.1370388587654534,0.00021949938583909872,-0.0011655884214148906,0.04357066950053135,0.6946320519239928,-0.0007195121951219512,1.588775676763394,0.004016528819055539,0.004251580556884202,0.8508643730192402,0.9054674973536958,-0.0007312997347480106,27.800577545334043,-0.018386239781959586,-0.00729332677745926,0.06664177711405637,0.9368543303379785,0.00042521008403361343,13.546496799321268,0.002371426745181168,0.0021294749719597095,0.04385507054359003,0.04325652480702248,0.023528598052909265,0.30238292909173403,qualified,Qualified,True,63.68169475831175,60.482125204900086,8.256691317241637,10.375139206927187,98.34766069797415,95.81753569328177,26.49936809439794,23.232228437003393,20.798453395397726,21.940888671997197,21.028692268228287,41.99544527447227,54.628552122827436,56.970982394234014,54.628552122827436,21.0,21.0,33.0,22.0,22.0,16.0,16.0,6.0,D.C. United,DCU,D.C. United,False,D.C. United,DCU,-0.09503992510126563,0.1827500661884457,0.0844421616139648,-0.19586034594470159,0.31314702296359304,0.1539566300945351,0.3008305180240975,2000.0,26,0.0,100.0,21,54.6,0,0.0285521228274348,2026-10-02T19:19:19Z,0.0,Low-Involvement Keeper
vzqo721jqa,2026,a2lqR4JMr0,102.0,0.082,0.0519,3,-0.0881,-0.0889,1,0.0117,0.0112,2,0.01,0.0088,1,0.0054,0.069,33,0.0104,0.005,17,3,2,1,2.0519,0.0,Mason Stajduhar,mason-stajduhar,USA,1997-12-02,0.031400000000000004,57,True,0.07717647058823529,2.8235294117647056,-0.08291764705882353,0.9411764705882353,0.011011764705882353,1.8823529411764706,0.009411764705882352,0.9411764705882353,0.005082352941176471,31.058823529411768,0.009788235294117646,16.0,0.029552941176470594,53.64705882352941,1.8823529411764706,2.8235294117647056,1.9311999999999998,33.33333333333333,0.051899999999999835,0.04884705882352926,0.01079586766122914,0.04555397382726262,0.027333333333333334,4.384522860028297,0.05816402686424634,0.05749087482678158,0.0034290510603283567,0.028142921531641923,-0.0881,2.92874258173941,-0.015697348832709613,-0.014863545316481673,0.011653687986351373,0.04497247620439232,0.00585,1.14009948373947,-0.0010773807003787346,-0.0011687258946898853,0.0011098779134295228,0.08075927219536061,0.01,1.7422986124371223,0.004676572242649016,0.004662409560558213,0.19980905347974343,0.2700374781153283,0.00016363636363636363,31.426668301879946,-0.005569736289987811,-0.008244611504155609,0.0033884791708192145,0.3642751009820834,0.0006117647058823529,19.81258342532011,0.0031450050684874433,0.003114487912195635,0.04364113835230664,0.040990889584208254,0.357127047984398,0.02776419512016941,limited,Limited Sample,False,50.46110339477208,53.87839883879525,36.766895654241274,0.0,35.27034298084262,98.6123102719071,53.94596894277813,62.71256428544615,59.689427781323126,82.690791696385,44.05570779683922,80.18944655079645,52.976212820801585,45.38208391205876,52.976212820801585,22.0,25.0,43.0,53.0,,,,,Real Salt Lake,RSL,Salt Lake,False,Real Salt Lake,RSL,,,,,,,,,1,,,22,53.0,0,-0.023787179198414776,2026-10-02T19:19:19Z,,
KAqBgD4Qbg,2026,YgOMngl5wN,2723.0,1.3693,0.5681,95,-0.2519,-0.2741,66,0.074,0.0607,35,0.1073,0.0765,46,-0.1522,1.5464,922,0.2084,0.0625,772,98,29,66,29.5681,0.0816,Jonathan Bond,jonathan-bond,England,1993-05-19,1.3549,1936,True,0.04827499081894969,3.349247153874403,-0.008880793242746972,2.3268453911127436,0.0026088872567021667,1.2339331619537275,0.003782886522218142,1.6217407271391848,-0.005365846492838781,32.50532500918105,0.00734719059860448,27.217040029379362,0.04776731546088872,68.25413147264047,1.02240176276166,3.4550128534704374,1.042430260741829,67.3469387755102,0.5681000000000012,0.020028497980168973,0.2568372072678567,0.5602762915328232,0.014413684210526315,3.8372433290833747,0.05159746292870024,0.05031481941248475,0.18506789743588056,0.4360038853138171,-0.003816666666666667,2.6987742607848757,-0.01306792934074313,-0.013696442211833653,0.17104919886248027,0.5569584742346192,0.0021142857142857144,1.1768753624341444,-0.0005744538091595446,-0.0012064251677300455,0.048625792811839326,0.7010790366773086,0.0023326086956521742,1.678816674665067,0.0044644980221690105,0.004492531221978136,0.8746319608994053,0.9080524840801194,-0.00016507592190889372,32.41865724284934,-0.005746864593196393,-0.008504854281282009,0.13374913374913375,0.9386392080875153,0.0002699481865284974,26.896747868694924,0.0046337119400533516,0.0042281006124303844,0.04130642514782353,0.03562772958604757,0.01596848567442825,0.38974679731244705,qualified,Qualified,True,43.914936746874886,45.58166597845265,65.896492611084,53.98538483676815,58.83666804309471,60.24062464807237,48.82002577674337,43.00148904488407,57.98578525219915,57.98578525219915,84.57336987124141,67.58699650887796,51.27257029167761,47.08572644118273,51.27257029167761,23.0,24.0,11.0,21.0,5.0,17.0,19.0,-12.0,Houston Dynamo FC,HOU,Houston,False,Houston Dynamo FC,HOU,-0.09811133663620572,0.1807241869318528,0.08475998086011875,-0.20507363960569547,0.29758330704780084,0.15590849299793294,0.2955576144400147,2000.0,27,0.0,100.0,23,51.3,0,-0.027429708322387114,2026-10-02T19:19:19Z,1.0,Sweeper-Keeper Receiver
gOMnlA96qw,2026,X0Oq66zq6D,2538.0,1.4421,0.6953,105,-0.0212,-0.0419,68,-0.2542,-0.2667,40,0.4677,0.439,31,-0.2048,1.3783,878,-0.0251,-0.161,579,110,37,68,37.6953,0.1636,Chris Brady,chris-brady,USA,2004-03-03,1.4044999999999999,1701,True,0.054547517730496445,3.9716312056737584,-0.0008018912529550828,2.5721040189125297,-0.009615130023640662,1.5130023640661938,0.01769078014184397,1.1725768321513002,-0.0077465721040189135,33.21040189125296,-0.0009494089834515367,21.900709219858157,0.053125295508274224,64.34042553191489,1.3995271867612293,4.160756501182033,1.42582695035461,61.81818181818181,0.6953000000000031,0.02629976359338073,0.27640008939614763,0.5428758404329049,0.013734285714285714,4.19443125099102,0.05571952391501141,0.054998349813304266,0.18961264543039036,0.4187871969328736,-0.00031176470588235297,2.812839029011597,-0.011734824784742503,-0.014275327793011952,0.1908219498922007,0.539534634281339,-0.0063549999999999995,1.3251989057100242,-0.0027062800539206415,-0.0013584729217120915,0.03329752953813104,0.6861289999548593,0.015087096774193549,1.373486859532154,0.004243070530110938,0.0036754653992556604,0.8691712354880452,0.9020070146933887,-0.00023325740318906607,33.04894320594367,-0.007834675789322154,-0.008670206295447775,0.10378203979207744,0.9344596379817586,-4.3350604490500865e-05,21.907034710138355,0.0029877729278391337,0.0034437303471277995,0.04067458674497617,0.037813538549515906,0.02017311601409991,0.3357904550278272,qualified,Qualified,True,48.87320595117434,48.87320595117434,88.59817060199957,91.76020120875408,11.130297683846992,15.936534154184967,42.05237934356895,82.55440019019733,47.173942965827045,47.173942965827045,35.342918277713125,20.16091695133701,47.981030318955916,53.73074564861044,47.981030318955916,24.0,22.0,25.0,36.0,17.0,18.0,17.0,-1.0,Chicago Fire FC,CHI,Chicago,False,Chicago Fire FC,CHI,-0.10454608277126276,0.1858952562612151,0.08828789826476806,-0.2361004148727985,0.3624383115697485,0.1818549294767749,0.23569599398218008,2000.0,25,0.0,100.0,24,48.0,0,-0.018969681044083586,2026-10-02T19:19:19Z,0.0,Low-Involvement Keeper
raMyAW6BMd,2026,APk5LGOMOW,808.0,1.1568,0.9191,33,-0.139,-0.1456,21,0.0262,0.0223,7,0.4722,0.4631,16,-0.2146,0.2894,264,0.0354,-0.0079,166,33,12,21,12.9191,0.0606,Sebastian Breza,sebastian-breza,Canada,1998-03-15,1.3370000000000002,507,True,0.13744158415841584,3.9207920792079207,-0.016514851485148516,2.495049504950495,0.0031128712871287133,0.8316831683168318,0.05610297029702971,1.900990099009901,-0.0254970297029703,31.366336633663366,0.004205940594059406,19.722772277227723,0.15885148514851488,60.23762376237624,1.4257425742574257,3.9207920792079207,1.5349425742574256,63.63636363636363,0.9191000000000003,0.10920000000000002,0.10718318903068294,0.27435381297137124,0.035054545454545456,4.31135964551476,0.06667120134376178,0.05653154188639053,0.06738850011165905,0.1865896886915661,-0.00661904761904762,2.8946363276294558,-0.014991632207523167,-0.014690454018974172,0.03963322486116743,0.2716830385253438,0.003742857142857143,1.0308512163705634,-0.0008619347335105863,-0.0010567345458250854,0.017467248908296942,0.41035790730277294,0.0295125,1.8489191343352163,0.005814425875684657,0.004947727207660064,0.666401315384924,0.7455763608181891,-0.0008128787878787879,31.416307908295828,-0.019767808581040058,-0.008241893512566087,0.03213317847464189,0.8194658365801426,0.00021325301204819277,20.13338817646247,0.0032011827279239437,0.003164917606201664,0.04006543442529656,0.04065510462288691,0.06273840157943261,0.13982631802286863,provisional,Provisional,True,56.688814645194384,68.1819888133939,39.574808864196605,37.27242013589099,40.96500118873331,63.622258092771254,72.11106523017631,98.69364465633095,17.839758749702817,12.370334221755071,44.56123227848893,34.550846503247115,45.887608393708476,74.13941964788468,45.887608393708476,25.0,15.0,28.0,27.0,18.0,19.0,10.0,-1.0,CF Montréal,MTL,Montréal,False,CF Montréal,MTL,-0.11364296402082036,0.19377383287141348,0.09344807106080519,-0.23290245594663012,0.5730642832094848,0.24647788669224538,0.14374235604904634,2000.0,8,0.0,100.0,25,45.9,0,-0.012391606291522805,2026-10-02T19:19:19Z,,
Vj58B64EQ8,2026,zeQZBOzQKw,108.0,0.4136,0.3819,8,-0.1304,-0.1312,5,0.0031,0.0026,1,-0.0102,-0.0114,2,-0.051,0.0163,70,-0.2541,-0.2599,49,8,3,5,3.3819,0.0,Pablo Sisniega,pablo-sisniega,Mexico,1995-07-07,-0.02899999999999997,135,True,0.36764444444444444,7.111111111111111,-0.1159111111111111,4.444444444444445,0.0027555555555555554,0.8888888888888888,-0.009066666666666667,1.7777777777777777,-0.04533333333333333,62.22222222222222,-0.22586666666666666,43.55555555555556,-0.025777777777777754,120.0,2.6666666666666665,7.111111111111111,3.0061333333333335,62.5,0.3818999999999999,0.3394666666666666,0.02828013281115895,0.048104715760470984,0.0517,4.586604028634449,0.06514582044515067,0.060140609710159755,0.016913269443565474,0.02974913881707011,-0.02608,3.029676876998791,-0.016452122640273764,-0.015375792955085659,0.005860995097252142,0.04749227801976034,0.0031,1.0948760187412419,-0.0010958958451818262,-0.00112236692747268,0.0022172949002217295,0.08510551998018141,-0.0051,1.8097102285654942,0.004811601263576894,0.004842803760086363,0.3462643591246831,0.28145130618479425,-0.0007285714285714286,40.19189588070205,-0.017032611079310853,-0.010544120171085337,0.009704892057833234,0.3776116065626405,-0.005185714285714286,30.137899042135693,0.0031748795157045652,0.004737601364279806,0.03855167165966569,0.04267873478088225,0.846805928363791,0.011900169730450598,limited,Limited Sample,False,54.67922970081459,90.07470250384773,36.766895654241274,0.0,35.27034298084262,63.11673361112153,53.94596894277813,16.14800355368695,23.593227974023048,0.0,44.05570779683922,0.0,45.38208391205876,33.65116308169726,45.38208391205876,26.0,31.0,52.0,30.0,,,,,San Diego FC,SD,San Diego,False,San Diego FC,SD,,,,,,,,,1,,,26,45.4,0,-0.01791608794123789,2026-10-02T19:19:19Z,,
jYQJz0RGQG,2026,zeQZBOzQKw,1202.0,1.2563,0.9027,59,-0.1427,-0.1525,42,-0.1382,-0.1441,19,0.0015,-0.0121,32,-0.3526,0.3972,388,-0.5141,-0.5785,260,61,17,42,17.9027,0.082,CJ dos Santos,cj-dos-santos,USA,2000-08-24,0.11019999999999985,800,True,0.10033677204658902,4.712146422628951,-0.011397004991680532,3.3544093178036603,-0.011037603993344424,1.5174708818635607,0.00011980033277870218,2.5557404326123128,-0.028161064891846926,30.988352745424294,-0.041059567387687186,20.76539101497504,0.00880133111480864,63.89351081530782,1.357737104825291,4.8718801996672205,1.4298329450915142,68.85245901639344,0.9026999999999994,0.07209584026622291,0.17670802379824668,0.35997700933743587,0.02129322033898305,4.5501436861688855,0.0662404327176863,0.05966253329187059,0.12626798977993406,0.25442614765699856,-0.0033976190476190473,3.0799553565912228,-0.014978602738241769,-0.01563095927271473,0.10073190158401622,0.35688264976434597,-0.007273684210526315,1.2522979755766723,-0.0020719765783881712,-0.001283741544311261,0.034334763948497854,0.5086726425546729,4.6875e-05,2.190654836234296,0.0056644635136248005,0.005862215569382181,0.745927655895976,0.8134123183405534,-0.0009087628865979382,31.09552751633846,-0.023151423590169973,-0.008157738562240632,0.049429657794676805,0.8710093437539941,-0.0019773076923076923,20.924285717331685,0.001081568097099365,0.0032892446956045754,0.03278446142161056,0.04374155417759072,0.05078428430883486,0.16723569713242983,provisional,Provisional,True,55.431259932179636,58.07775567150919,40.83236357721135,43.99689678040968,20.219727967766556,10.2944304716143,70.85351051716155,33.95522854962023,10.311948646720973,4.040441958531977,0.7520302313650412,0.7520302313650412,44.63005368069372,44.63005368069372,44.63005368069372,27.0,26.0,23.0,18.0,15.0,20.0,20.0,-5.0,San Diego FC,SD,San Diego,False,San Diego FC,SD,-0.10461381600505334,0.17018273884827448,0.08353222154676271,-0.24137957069788107,0.26307470223325063,0.1486400377534541,0.31581768765211266,2000.0,12,0.0,96.57769936308921,27,44.6,0,0.03005368069371883,2026-10-02T19:19:19Z,2.0,Busy Handler
p6qborPBQ0,2026,jYQJ8EW5GR,189.0,-0.2927,-0.3483,5,0.0309,0.0293,4,-0.0322,-0.0331,5,0.1744,0.1723,9,-0.0419,0.076,58,0.0205,0.0104,30,6,1,4,0.6517,0.3333,Javier Otero,javier-otero,Spain,2002-11-18,-0.14100000000000004,111,True,-0.14867301587301587,2.5396825396825395,0.015695238095238095,2.0317460317460316,-0.016355555555555554,2.5396825396825395,0.08858412698412699,4.571428571428571,-0.02128253968253968,29.46031746031746,0.010412698412698412,15.238095238095237,-0.07161904761904764,56.38095238095238,0.5079365079365079,3.0476190476190474,0.33102222222222216,66.66666666666666,-0.34830000000000005,-0.17691428571428575,0.017864537314927865,0.08125180629566583,-0.05854,4.303076097193161,0.05091484260830402,0.056422926090582914,0.01357654029166525,0.050924766958760366,0.007725,2.937687933450203,-0.014398430535674762,-0.014908943516157614,0.02863368786938584,0.08025294031941589,-0.0064399999999999995,1.2202723175757946,-0.0014401129212853194,-0.0012509117638105783,0.009900990099009901,0.1399986655445426,0.01937777777777778,2.198901682889266,0.0062479034654798924,0.005884284218472594,0.3050100293926057,0.40669182648849084,-0.0007224137931034482,30.707705704399736,-0.012365078079035266,-0.008055995668544159,0.005964214711729622,0.514974928824847,0.0006833333333333333,18.51644123407741,0.0029688420010255618,0.002910737643971998,0.03192796653881413,0.04100209700451515,0.18054608848912126,0.05346677625602354,limited,Limited Sample,False,42.21129421775092,12.769498354542838,48.099903650036914,100.0,26.635133951474653,6.1251047962260845,82.76962348436503,100.0,38.17085225921894,20.288549369971346,33.7550208341154,86.10057935107675,43.87802344932868,31.984433850119498,43.87802344932868,28.0,33.0,4.0,23.0,,,,,Orlando City SC,ORL,Orlando City,False,Orlando City SC,ORL,-0.06598372793285584,0.12983966101048408,0.059526083643893474,-0.16164571428571428,0.04102857142857142,0.07368798968458583,0.6525611333113621,2000.0,2,2.441282830937097,86.67867912959696,28,43.9,0,-0.021976550671318762,2026-10-02T19:19:19Z,,
gOMn2jBXMw,2026,kRQand1MKZ,53.0,-0.6412,-0.6567,4,0.0114,0.011,2,0.0003,0.0,0,0.0006,0.0,0,-0.0059,0.0271,13,0.0019,-0.001,6,4,2,2,1.3433,0.0,Alec Smir,alec-smir,USA,1999-04-13,-0.6329,25,True,-1.1614188679245283,7.245283018867925,0.020649056603773586,3.6226415094339623,0.0005433962264150943,0.0,0.0010867924528301885,0.0,-0.010686792452830189,23.547169811320757,0.0034415094339622643,10.867924528301888,-1.1463849056603774,45.283018867924525,3.6226415094339623,7.245283018867925,2.4331471698113205,50.0,-0.6567000000000001,-1.1894943396226416,0.014342875619283104,0.02419978465016961,-0.1603,4.526453053759078,0.04809356618139659,0.05935189625657167,0.006834665702980917,0.014823693741331566,0.0057,2.995731241551373,-0.014982899369136262,-0.015203516806981919,0.0,0.023884052580024046,,1.0787512103323733,-0.0011058372461570233,-0.0011058372461570233,0.0,0.043656868385225145,,1.733544695349459,0.00463898398561342,0.00463898398561342,0.08955778207929882,0.16122882083110426,-0.00045384615384615385,30.270404395831545,-0.008460423745763172,-0.007941272104316133,0.0011985617259288853,0.2294291269994305,0.00031666666666666665,19.443837087838144,0.0030602382944342294,0.003056521922294172,0.031243628100387784,0.04279677600702418,1.7362792944262997,0.005839466255180362,limited,Limited Sample,False,42.21129421775092,0.0,40.08033334584631,100.0,35.27034298084262,38.486179411139055,53.94596894277813,41.2978465157601,42.10493386888897,38.17085225921894,40.95248820651426,34.04532202159741,43.87802344932868,0.0,43.87802344932868,29.0,54.0,55.0,49.0,,,,,Minnesota United FC,MIN,Minnesota,False,Minnesota United FC,MIN,,,,,,,,,1,,,29,43.9,0,-0.021976550671318762,2026-10-02T19:19:19Z,,
0x5g2mYrM7,2026,mKAqBBmqbg,1332.0,0.5186,0.1266,49,-0.7471,-0.758,31,0.0905,0.084,21,-0.3353,-0.3503,41,-0.1427,0.6882,416,0.0845,0.0132,204,50,18,31,18.1267,0.2,Michael Collodi,michael-collodi,USA,2001-05-25,-0.5315000000000001,762,True,0.03737657657657657,3.531531531531531,-0.053845045045045045,2.234234234234234,0.006522522522522523,1.5135135135135134,-0.024165765765765766,2.954954954954955,-0.010284684684684684,29.98198198198198,0.00609009009009009,14.702702702702702,-0.03830630630630631,54.91891891891892,1.2972972972972974,3.6036036036036037,1.3064288288288288,62.0,0.1266999999999996,0.009131531531531501,0.1512886849407324,0.3839610217927949,0.010583673469387754,4.102904423858832,0.052228695342391385,0.05379822894954508,0.09638528133529395,0.2743926637190699,-0.0241,2.779937426438556,-0.019205988601668438,-0.01410835017474042,0.11016711824414802,0.3807831550013179,0.004309523809523809,1.260645835277733,-0.0005514160764008612,-0.0012922990078809025,0.04357066950053135,0.53429327102617,-0.008178048780487805,2.422990127681962,0.00533807009104236,0.006483947272758469,0.758905720193912,0.8284997203448353,-0.00034302884615384615,30.25308351305236,-0.009789180702201557,-0.007936728067129256,0.03920061491160646,0.8821144395934389,0.0004142156862745098,15.562621211865359,0.0026032022670254046,0.0024464046210395164,0.030623382320188294,0.03939120359359248,0.03459407614093081,0.2276827867101419,provisional,Provisional,True,46.45194389178773,43.04465883353979,10.742395235056371,0.833364615788881,65.99221692505975,92.5310009134477,69.26811567000763,8.038339777519177,39.00421687500782,39.00421687500782,23.51439618604302,52.640864897330985,43.04465883353979,32.81779846590838,43.04465883353979,30.0,32.0,21.0,35.0,13.0,21.0,24.0,-8.0,FC Dallas,FCD,Dallas,False,FC Dallas,FCD,-0.11421570343771137,0.17546246807808796,0.08805591181168275,-0.3386532374029027,0.2484158022829076,0.17985308081044038,0.23970730765614665,2000.0,13,0.0,96.57769936308921,30,43.0,0,0.04465883353979194,2026-10-02T19:19:19Z,0.0,Low-Involvement Keeper
zeQZJYDZQK,2026,KAqBN0Vqbg,2758.0,-0.9575,-1.769,111,-0.053,-0.0755,67,0.1248,0.1113,37,0.5041,0.4729,60,0.0149,1.7353,1030,0.2466,0.0988,826,112,44,67,42.231,0.1786,Lucas Hoyos,lucas-hoyos,Argentina,1989-04-29,-0.1200999999999999,2131,True,-0.033328498912255256,3.8636693255982593,-0.0018448150833937638,2.332124728063814,0.004344017403915881,1.2878897751994198,0.017546627991298042,2.088469905728789,0.0005186366932559826,35.85206671501088,0.008583611312545324,28.751269035532996,-0.004180420594633789,74.17548948513416,1.5315445975344453,3.898477157360406,1.4699695431472082,59.82142857142857,-1.7689999999999984,-0.06157505438723707,0.28765113454433,0.5634203178218892,-0.008626126126126126,4.1235900579496905,0.028284395432741895,0.054069463753922964,0.18734662548687023,0.43914699698993936,-0.000791044776119403,2.699019931664072,-0.011531466785772116,-0.013697689006368837,0.17907313500997915,0.5601075976439205,0.0033729729729729727,1.207502436266036,-0.000286818564727323,-0.0012378212474374987,0.0625,0.7037486461091867,0.008401666666666667,2.006766967161662,0.006088258272834219,0.0053701296819718405,0.8862824868472162,0.9091132798640442,1.4466019417475728e-05,35.46222445536246,-0.0006032896373105357,-0.009303317198601672,0.14177823549605217,0.9393706868850615,0.00029854721549636806,28.34177581017371,0.0050232335447078745,0.004455255343335848,0.026974312262474015,0.03965602132682265,0.018183311167499303,0.35933220558126266,qualified,Qualified,True,29.87975024087491,37.009647509290886,91.91160829360462,81.74481024062464,87.11788480548569,81.20550070698349,81.04408323635772,79.2409624985923,77.80071824517938,75.49832951687375,88.00255264837268,74.41220266026002,40.48575396974361,42.152483201321374,40.48575396974361,31.0,28.0,34.0,41.0,23.0,22.0,21.0,1.0,Atlanta United FC,ATL,Atlanta,False,Atlanta United FC,ATL,-0.09794418661960629,0.15189281114455433,0.0759450549114524,-0.18646217510193644,0.19037542468119908,0.11521903810599035,0.4344607128316189,2000.0,27,0.0,93.37687851145563,31,40.5,0,-0.014246030256387598,2026-10-02T19:19:19Z,1.0,Sweeper-Keeper Receiver
jYQJaDwkqG,2026,gpMOLwl5zy,204.0,-0.8636,-0.9236,12,-0.3312,-0.3329,9,0.001,0.0,0,0.0428,0.0405,3,-0.0148,0.1125,81,0.0161,0.0052,56,12,3,9,2.0764,0.1667,Damian Las,damian-las,USA,2002-04-11,-1.1497000000000002,161,True,-0.40640000000000004,5.647058823529411,-0.15585882352941177,4.235294117647059,0.00047058823529411766,0.0,0.020141176470588235,1.4117647058823528,-0.0069647058823529414,38.11764705882353,0.007576470588235294,26.35294117647059,-0.5410352941176472,75.76470588235294,1.4117647058823528,5.647058823529411,0.9771294117647058,75.0,-0.9236,-0.43463529411764706,0.04182873808258902,0.08713844520242559,-0.07196666666666666,4.562549551926361,0.0435882609938576,0.05982520186451803,0.030037459679253493,0.05474515447661097,-0.0368,3.054674754298052,-0.01841357005272452,-0.015502658690698633,0.0,0.08607399185812793,,1.0100222110325732,-0.0010353825513313261,-0.0010353825513313261,0.0033222591362126247,0.1494491405682104,0.014266666666666665,1.7527641119685988,0.004757909321634368,0.004690415348270642,0.3800003802787352,0.42524332197826215,-0.00018271604938271605,34.35017410227697,-0.007972181367258023,-0.009011576978283744,0.011075949367088608,0.5340200091900194,0.0002875,24.323263249609084,0.0038586592749380345,0.0038235553511535994,0.02478369561911613,0.042789554343628564,0.35555859879931756,0.027883254270560834,limited,Limited Sample,False,42.21129421775092,1.1424352765994719,16.251861306105084,0.0,37.08847929727092,38.486179411139055,53.94596894277813,89.0098477170064,45.58604552222931,48.76184040942478,68.94402943053419,69.29063903800193,38.76021372173631,1.1424352765994719,38.76021372173631,32.0,48.0,26.0,8.0,,,,,Austin FC,ATX,Austin,False,Austin FC,ATX,-0.1379195858534386,0.1874869770916709,0.09891657165501867,-1.2184615384615385,0.163584,0.4909437745902392,0.040595191725083496,2000.0,2,0.0,100.0,32,38.8,0,-0.03978627826369063,2026-10-02T19:19:19Z,,
kRQaoRPO5K,2026,lgpMOvnQzy,135.0,-1.1488,-1.1886,3,0.0099,0.0088,1,0.0011,0.0004,1,0.5099,0.5084,5,-0.0131,0.0711,52,-0.0027,-0.0099,36,3,2,1,0.8114,0.0,Isaac Boehmer,isaac-boehmer,USA,2001-11-20,-0.6436999999999999,98,True,-0.8169244444444443,2.1333333333333333,0.007040000000000001,0.7111111111111111,0.0007822222222222222,0.7111111111111111,0.36259555555555556,3.5555555555555554,-0.009315555555555556,36.977777777777774,-0.0019200000000000003,25.6,-0.4577422222222222,69.6888888888889,1.4222222222222223,2.1333333333333333,0.5769955555555556,33.33333333333333,-1.1886,-0.8452266666666667,0.01079586766122914,0.05941634312618578,-0.38293333333333335,4.3208420719914855,0.038181445496236595,0.0566558776490336,0.0034290510603283567,0.03691189921787904,0.0099,2.9023168048252983,-0.014580398220730558,-0.014729432904166877,0.005860995097252142,0.05866876915080364,0.0011,1.0820290130627856,-0.001095720406592258,-0.0011091973502386015,0.0055248618784530384,0.10416563239790473,0.10198,1.9942283222645947,0.006430691208037794,0.00533657613527943,0.28236671746867553,0.32868680040600046,-0.00025192307692307694,33.34259570364943,-0.008649128992739308,-0.00874724439371364,0.007148530579825258,0.4312986629473351,-7.500000000000001e-05,23.551095401372905,0.003663080749064223,0.003702172521974227,0.023949969833276488,0.04110875165816813,0.21118330699922078,0.04606746308214898,limited,Limited Sample,False,42.21129421775092,0.0,48.099903650036914,98.60229988613186,35.27034298084262,38.486179411139055,85.33979003215836,100.0,42.10493386888897,42.10493386888897,57.617277925848065,18.57301950773928,38.76021372173631,1.1424352765994719,38.76021372173631,33.0,47.0,27.0,53.0,,,,,Vancouver Whitecaps FC,VAN,Vancouver,False,Vancouver Whitecaps FC,VAN,-0.1413135393577492,0.1892134790243022,0.1004730795894331,-1.0787417475728156,1.5417,0.9965877552196101,0.010164086076844239,2000.0,2,0.0,100.0,33,38.8,0,-0.03978627826369063,2026-10-02T19:19:19Z,,
kRQa2L2LMK,2026,NWMWlBK5lz,212.0,-1.96,-2.0224,13,0.0484,0.0466,7,0.0025,0.0015,1,0.0473,0.0449,6,0.0534,0.1857,91,0.0385,0.0271,69,13,6,7,3.9776,0.0769,Evan Louro,evan-louro,USA,1996-01-19,-1.7699000000000003,187,True,-0.8875471698113208,5.886792452830189,0.02191698113207547,3.169811320754717,0.001132075471698113,0.4528301886792453,0.021418867924528302,2.716981132075472,0.0241811320754717,41.20754716981132,0.01743396226415094,31.245283018867923,-0.8014641509433964,84.67924528301887,2.716981132075472,5.886792452830189,1.8011773584905657,53.84615384615385,-2.0224,-0.9158037735849058,0.04515706101631885,0.09024724678805361,-0.15076923076923077,4.587878209513578,0.0262051595314402,0.0601573170636774,0.02351946082971949,0.05677014522588784,0.006914285714285714,2.996716346190857,-0.014363493342325787,-0.015208516272466438,0.005860995097252142,0.08914852606797846,0.0025,1.0469935439158284,-0.0010516506244593884,-0.0010732821861598023,0.006622516556291391,0.1544049622022347,0.007883333333333334,1.952309136980769,0.005291726465859909,0.005224399950988763,0.4077834086633409,0.4346708685611693,0.0005868131868131868,35.7550602990723,0.0030008490983517316,-0.009380141052237306,0.013612152298283685,0.5435783731648058,0.0005579710144927537,27.024268017398814,0.004395574393788432,0.004248146456688741,0.0234781655226551,0.04396792396049136,0.35822856069768394,0.027681186521409294,limited,Limited Sample,False,25.886857614775327,0.0,48.099903650036914,100.0,37.08847929727092,38.486179411139055,68.43475105421875,92.15185755221042,84.07848142447789,100.0,76.61949272370084,96.51888834665966,38.76021372173631,0.0,38.76021372173631,34.0,52.0,53.0,48.0,,,,,FC Cincinnati,CIN,Cincinnati,False,FC Cincinnati,CIN,-0.11419780824481558,0.1611541392901258,0.08370104893453965,-1.0028509090909092,-0.5842823529411766,0.14959757132661192,0.3130492843214668,2000.0,2,0.0,93.37687851145563,34,38.8,0,-0.03978627826369063,2026-10-02T19:19:19Z,,
Oa5wV6LWM1,2026,Vj58weDM8n,100.0,-0.8079,-0.8373,5,-0.1056,-0.1064,3,0.0145,0.014,3,0.0098,0.0087,2,-0.0322,0.0302,28,0.0007,-0.0046,20,5,2,3,1.1627,0.2,Tomás Romero,tomas-romero,El Salvador,2000-12-19,-0.9207,61,True,-0.7755839999999999,4.800000000000001,-0.10137600000000001,2.88,0.01392,2.88,0.009408,1.92,-0.030912000000000002,26.880000000000003,0.000672,19.200000000000003,-0.883872,58.56,1.92,4.800000000000001,1.116192,60.0,-0.8372999999999999,-0.8038079999999999,0.017864537314927865,0.04470068598514822,-0.16158,4.474268000710998,0.04470435669902296,0.05866763380695206,0.010217083379791197,0.027606333322638656,-0.0352,2.9833637785974303,-0.01605899780099318,-0.015140751186264014,0.017379265709521727,0.04412957699158392,0.004833333333333334,1.1834701198103055,-0.0010926900027684473,-0.0012131855108620645,0.0022172949002217295,0.0793013319140693,0.0049,1.8211912230857947,0.004882507754796947,0.004873527023156228,0.1748277057413293,0.26615186045015843,-0.00115,30.316424696445093,-0.012658053789153573,-0.007953345274027237,0.00398406374501992,0.3597016747647554,3.5e-05,20.99105663743269,0.003289521576678976,0.0032997409150564514,0.023066644437583685,0.04253361977401142,0.6199154221909634,0.016185165580546064,limited,Limited Sample,False,42.21129421775092,0.0,36.766895654241274,0.0,35.27034298084262,98.6123102719071,53.94596894277813,62.71256428544615,38.17085225921894,0.0,45.066756760138645,27.527309583693082,38.76021372173631,0.0,38.76021372173631,35.0,53.0,44.0,39.0,,,,,New York City FC,NYC,New York City,False,New York City FC,NYC,,,,,,,,,1,,,35,38.8,0,-0.03978627826369063,2026-10-02T19:19:19Z,,
p6qb4pwM0G,2026,a2lqR4JMr0,2637.0,-0.9742,-1.7501,113,-0.1402,-0.1617,72,0.1633,0.1503,19,0.241,0.2112,50,-0.1089,1.536,1052,0.3753,0.234,879,116,41,72,39.2499,0.1379,Rafael Cabral,rafael-cabral,Brazil,1990-05-20,-0.4436999999999998,2185,True,-0.03546575654152446,4.113765642775881,-0.005103981797497156,2.621160409556314,0.005944937428896474,0.6916951080773606,0.008773606370875996,1.820250284414107,-0.003964505119453924,38.29806598407281,0.013662798634812286,32.0,-0.01615290102389078,79.54493742889647,1.4926052332195676,4.222980659840728,1.4288928327645052,62.06896551724138,-1.7501000000000033,-0.0637124004550627,0.2913241330515715,0.5523551708973031,-0.008621238938053097,4.268319763692489,0.028942394004313355,0.05596719303079174,0.19855174681055598,0.42812909183017456,-0.0019472222222222221,2.8299721376904827,-0.012604759904730626,-0.014362279353332962,0.10073190158401622,0.5490256939624064,0.008594736842105263,0.8781511030312482,-4.924966592920694e-05,-0.0009002003318138808,0.05263157894736842,0.6943104438002901,0.00482,1.8179363281188667,0.005069955637703447,0.00486481688971292,0.8883951998149312,0.9053376773516024,-0.00010351711026615969,37.6604849836694,-0.004566070255487034,-0.009880018612404624,0.14951522367749617,0.9367646031810827,0.000426962457337884,31.367470371336914,0.006196061564674396,0.004930886861671605,0.022988331380544333,0.0406203984846248,0.020191088568449877,0.33559186686464937,qualified,Qualified,True,33.25512719446426,33.63427055570154,71.2620593866136,64.97929101442746,95.04548469036625,87.74541086377117,64.48252562033109,58.04334497040679,61.339264486905165,61.339264486905165,98.35016329441795,94.86905164107762,37.11037701615426,35.3009997872793,37.11037701615426,36.0,30.0,32.0,34.0,21.0,23.0,23.0,-2.0,Real Salt Lake,RSL,Salt Lake,False,Real Salt Lake,RSL,-0.10980731863342537,0.15578398139451405,0.0807340227633785,-0.22579453771873936,0.20722127108992328,0.1343910557385936,0.3608880106439343,2000.0,26,0.0,93.37687851145563,36,37.1,0,0.010377016154258456,2026-10-02T19:19:19Z,1.0,Sweeper-Keeper Receiver
kRQaonbo5K,2026,mvzqoLZQap,2778.0,-0.1017,-0.9191,120,-0.0918,-0.1145,77,0.0419,0.0282,15,0.3132,0.2818,40,-0.4987,1.2342,1019,-0.0243,-0.1732,850,124,43,77,42.0809,0.1855,Patrick Schulte,patrick-schulte,USA,2001-03-13,-0.3614,2121,True,-0.0035144708423326134,4.146868250539956,-0.003172354211663067,2.6609071274298057,0.001447948164146868,0.5183585313174945,0.010823326133909286,1.3822894168466524,-0.017233693304535638,35.213822894168466,-0.0008397408207343412,29.37365010799136,-0.012488984881209503,73.29589632829374,1.485961123110151,4.285097192224622,1.4541995680345572,62.096774193548384,-0.9191000000000003,-0.03176155507559396,0.30388663185131204,0.565196800467795,-0.0008475,4.282595542996593,0.037986858389492055,0.0561543803410711,0.2094520712680008,0.4409273817716239,-0.0011922077922077922,2.842824413544705,-0.01211551733064332,-0.014427505428772375,0.08124819282173883,0.5618870782537541,0.0027933333333333334,0.775437961971621,-0.0005543351502271734,-0.0007949081977559086,0.0425531914893617,0.7052528369499481,0.00783,1.5091460136419845,0.00436947467246957,0.00403849073405414,0.8851958480097508,0.9097085313016952,-0.0004894013738959764,34.88416183060574,-0.016163028509021956,-0.009151665686567018,0.1452991452991453,0.9397808976143697,-2.8588235294117647e-05,28.929448235618672,0.0037666998641986828,0.004547635959537566,0.017290151936267862,0.04036642772156751,0.019252340247206096,0.34628889007169317,qualified,Qualified,True,40.473240987524555,40.473240987524555,81.97004392056759,71.83703091957906,63.42079907904451,41.025063503384764,45.37833001739304,64.45061751567252,25.331281204249407,29.60946982494338,65.80827608643968,23.486867625161103,33.72248708034586,38.688889723087705,33.72248708034586,37.0,29.0,31.0,33.0,20.0,24.0,22.0,-4.0,Columbus Crew,CLB,Columbus,False,Columbus Crew,CLB,-0.1027648313473699,0.13734513521990563,0.07298824737300215,-0.18236043719765715,0.16089724454206797,0.10560936866827031,0.4776403168368446,2000.0,27,0.0,89.98085513720486,37,33.7,0,0.022487080345854338,2026-10-02T19:19:19Z,1.0,Sweeper-Keeper Receiver
odMXEAde5Y,2026,pzeQZ6xQKw,202.0,-1.3515,-1.4109,6,-0.0912,-0.0928,3,0.0015,0.0005,2,0.0025,0.0002,4,-0.0363,0.0897,70,0.0046,-0.0063,50,6,3,3,1.5891,0.1667,Adam Beaudry,adam-beaudry,USA,2006-04-18,-1.4704,135,True,-0.6422970297029703,2.8514851485148514,-0.04334257425742574,1.4257425742574257,0.0007128712871287129,0.9504950495049505,0.0011881188118811883,1.900990099009901,-0.01725148514851485,33.26732673267327,0.002186138613861386,23.762376237623762,-0.6988039603960396,64.15841584158416,1.4257425742574257,2.8514851485148514,0.7552158415841583,50.0,-1.4109,-0.6705267326732673,0.02136112346048372,0.08635792216189297,-0.22524999999999998,4.320202331297053,0.03465037965774233,0.05664748922152178,0.010217083379791197,0.05423754750052997,-0.0304,2.9016575700102525,-0.015476882497340683,-0.014726087247703681,0.011653687986351373,0.08530211246082701,0.00075,1.0919544865224031,-0.0010967832542418958,-0.0011193720393905203,0.004424778761061947,0.1482010953305654,0.000625,1.8257682123360939,0.004869205758804093,0.004885775094920067,0.3462643591246831,0.4228370997328483,-0.0005185714285714286,32.283506174888664,-0.011333664299513676,-0.0084693981508706,0.009900990099009901,0.5315675355727809,9.2e-05,22.935520743249892,0.0035906004203758346,0.0036054057454958026,0.015202855785826001,0.040823812623972854,0.1838282555904481,0.052562329365726315,limited,Limited Sample,False,38.73518775729819,0.0,36.766895654241274,6.162643742883241,35.27034298084262,38.486179411139055,53.94596894277813,41.2978465157601,38.17085225921894,27.87141659471702,57.617277925848065,27.527309583693082,31.984433850119498,0.0,31.984433850119498,38.0,51.0,28.0,49.0,,,,,Colorado Rapids,COL,Colorado,False,Colorado Rapids,COL,-0.14761301966098395,0.17801873123263595,0.09898502393097486,-1.3836000000000004,0.027918367346938776,0.49952394478972967,0.03926687706014104,2000.0,2,0.0,100.0,38,32.0,0,-0.015566149880502422,2026-10-02T19:19:19Z,,
2vQ1LyOKqr,2026,0KPqjA456v,1117.0,-2.1325,-2.4612,57,0.1023,0.0932,34,0.0009,-0.0045,8,0.2242,0.2116,31,-0.0215,0.6753,365,0.0835,0.0236,269,58,23,34,20.5388,0.1207,Angus Gunn,angus-gunn,England,1996-01-22,-1.7430999999999999,764,True,-0.18327663384064458,4.898836168307968,0.00879212175470009,2.9221128021486127,7.73500447627574e-05,0.6875559534467324,0.019268755595344675,2.664279319606088,-0.001847806624888093,31.369740376007165,0.00717636526410027,23.119068934646375,-0.14980984780662487,65.66159355416295,1.9767233661593555,4.984780662488809,1.765196777081468,58.620689655172406,-2.4612000000000016,-0.21152658907788735,0.17174670164377523,0.3432590478324363,-0.03741228070175438,4.609994977036796,0.020444463047680463,0.060447317219644685,0.10473595330401968,0.24076611355008615,0.0030088235294117647,2.9708445953452465,-0.012561880828338114,-0.015077215575878052,0.04504010205667959,0.340232001784484,0.0001125,0.9630688915263403,-0.0009379045600330269,-0.0009872502952157519,0.03329752953813104,0.49033963576268663,0.0072322580645161295,2.23025323462074,0.006306537001285934,0.005968181303328038,0.7341735100127852,0.8020246079205123,-5.890410958904109e-05,31.40795080925091,-0.0035485939328673043,-0.008239701074148332,0.05105333080280888,0.8625428289186203,0.0003104089219330855,22.964863044836278,0.0037896484093800867,0.0036100182809559694,0.01349226913710804,0.045721349858686554,0.05670872577143299,0.15242745909370645,provisional,Provisional,True,21.937134777331483,12.070648297608768,73.61074614912972,99.30114994306594,37.78732935420499,37.78732935420499,83.46847354129909,88.31099766007232,63.68795124942127,70.30481624685612,68.24517937360011,65.18450392281993,31.285583793185427,12.070648297608768,31.285583793185427,39.0,41.0,47.0,43.0,34.0,25.0,32.0,9.0,San Jose Earthquakes,SJE,San Jose,False,San Jose Earthquakes,SJE,-0.14481223957626568,0.17179677785048178,0.09624230770109178,-0.6735811731972211,0.3806835280866971,0.3176988353715822,0.09177001662948696,2000.0,11,0.0,96.57769936308921,39,31.3,0,-0.01441620681457323,2026-10-02T19:19:19Z,1.0,Sweeper-Keeper Receiver
gjMNvV70MK,2026,wvq9B9wQWn,203.0,0.1491,0.0894,5,0.0142,0.0126,3,0.002,0.001,2,0.0177,0.0154,3,-0.1968,-0.0701,54,0.0083,-0.0025,34,5,2,3,2.0894,0.0,Ben Lundt,ben-lundt,Germany,1995-09-24,-0.005500000000000007,101,True,0.07051034482758621,2.3645320197044337,0.006715270935960592,1.4187192118226601,0.0009458128078817734,0.9458128078817734,0.008370443349753695,1.4187192118226601,-0.0930679802955665,25.536945812807883,0.00392512315270936,16.078817733990146,-0.00260098522167488,47.76354679802956,0.9458128078817734,2.3645320197044337,0.9880906403940886,60.0,0.08939999999999992,0.04227783251231523,0.017864537314927865,0.08674835045330768,0.029820000000000003,4.277332321103053,0.05736205124112843,0.05608536776188588,0.010217083379791197,0.05449141911720219,0.004733333333333333,2.900878676223149,-0.014431428049516248,-0.014722134314737323,0.011653687986351373,0.08568821506826516,0.001,1.091493562232325,-0.0010931403103300677,-0.0011188995418927239,0.0033222591362126247,0.1488255754396605,0.0059,1.7540491175231492,0.004712641530967658,0.004693854036759594,0.29007666827002243,0.4240427240108151,-0.0036444444444444445,29.007549475481614,-0.03606835647813055,-0.007609969145173826,0.006754072308303536,0.5327969907818022,0.00024411764705882354,18.843914071945136,0.002973278150252981,0.0029622155443152724,0.013455046084372197,0.04029043434115687,0.1514307118680123,0.06309811286517278,limited,Limited Sample,False,50.46110339477208,50.46110339477208,48.099903650036914,98.60229988613186,35.27034298084262,38.486179411139055,53.94596894277813,56.39350826482475,0.0,0.0,33.7550208341154,34.04532202159741,30.58673373625136,43.87802344932868,30.58673373625136,40.0,27.0,10.0,39.0,,,,,St. Louis City SC,STL,St. Louis,False,St. Louis City SC,STL,-0.08188287315655236,0.10879296532529677,0.057961339406827274,-0.09874285714285713,0.10040816326530612,0.07078004202018243,0.6705870980868961,2000.0,2,0.0,81.60716743621508,40,30.6,0,-0.013266263748640483,2026-10-02T19:19:19Z,,
gOMnRnO8Mw,2026,eVq3ya6MWO,227.0,-1.0677,-1.1345,8,-0.4246,-0.4265,5,0.0031,0.002,2,0.0217,0.0191,3,-0.0816,0.06,33,0.0121,0.0,14,8,3,5,1.8655,0.0,Thomas Hasal,thomas-hasal,Canada,1999-07-09,-1.5370000000000001,65,True,-0.4515383259911894,3.3832599118942737,-0.17956651982378855,2.1145374449339207,0.001311013215859031,0.8458149779735684,0.009177092511013216,1.2687224669603525,-0.03450925110132159,13.955947136563875,0.005117180616740088,5.920704845814978,-0.6500088105726873,27.48898678414097,1.2687224669603525,3.3832599118942737,0.7889339207048458,62.5,-1.1345,-0.4797885462555066,0.02828013281115895,0.09601954025331334,-0.1334625,4.355731651505534,0.03905818439993562,0.05711335786127915,0.016913269443565474,0.06054371149464885,-0.08492,2.933518647708924,-0.018849322064628072,-0.014887784139454711,0.011653687986351373,0.09485787181864364,0.00155,1.080546944813776,-0.0010752513813096682,-0.0011076780691889915,0.0033222591362126247,0.16354315238663625,0.007233333333333334,1.723720019149151,0.004638791215451193,0.004612693047929879,0.19980905347974343,0.45153880058397117,-0.0024727272727272727,23.612593350678857,-0.016623240612361645,-0.006194632434845458,0.002792181890706023,0.5604825373618598,0.0008642857142857142,12.986614925320843,0.0020671026806412538,0.002041462960027773,0.009216264237728686,0.04157741922574764,0.19159850792204156,0.0505384016063997,limited,Limited Sample,False,42.21129421775092,1.1424352765994719,12.96344957893815,0.0,35.27034298084262,39.2870102731584,53.94596894277813,62.71256428544615,23.593227974023048,0.0,5.752217926098327,37.3237233629891,30.58673373625136,0.0,30.58673373625136,41.0,50.0,18.0,30.0,,,,,Los Angeles FC,LAFC,Los Angeles FC,False,Los Angeles FC,LAFC,-0.15396547946000483,0.17239800793546223,0.09920745603394929,-1.3784689655172415,0.11126486486486484,0.5307090476073788,0.034944243518574634,2000.0,3,0.0,96.57769936308921,41,30.6,0,-0.013266263748640483,2026-10-02T19:19:19Z,,
KXMe39a6q6,2026,9z5k7Yg5A3,211.0,-2.3768,-2.4389,8,0.0528,0.0511,2,0.0027,0.0016,3,0.0096,0.0072,3,0.0263,0.1579,60,-0.2474,-0.2587,27,8,6,2,3.5611,0.25,Andrew Rick,andrew-rick,USA,2006-01-30,-2.5328,103,True,-1.0813876777251183,3.6398104265402846,0.024022748815165876,0.9099526066350712,0.001228436018957346,1.3649289099526065,0.00436777251184834,1.3649289099526065,0.011965876777251184,27.29857819905213,-0.1125611374407583,12.284360189573459,-1.152363981042654,46.86255924170616,2.729857819905213,3.6398104265402846,1.6202161137440758,25.0,-2.4389,-1.1096417061611374,0.02828013281115895,0.08985980505793728,-0.2971,4.38541166645067,0.019030000665706655,0.05750252906155356,0.006834665702980917,0.05651749598640229,0.0264,2.868948425956711,-0.013942913835061733,-0.014560086368031149,0.017379265709521727,0.08876534103614504,0.0009000000000000001,1.1282062558491375,-0.001118787674252477,-0.0011565340433601324,0.0033222591362126247,0.15378864506887036,0.0031999999999999997,1.7438215218011348,0.004669520576474755,0.004666484882163792,0.3122435676561966,0.4335093734069573,0.0004383333333333333,29.71418948640535,-0.0012944186762424371,-0.007795352218791273,0.0053709966182613885,0.5424050773931118,-0.009162962962962963,16.72891649197911,0.0017923179787389454,0.002629743283847262,0.009135719035363707,0.041286784597382054,0.22166959310436485,0.043984051796726764,limited,Limited Sample,False,21.238284720397413,0.0,56.50487380657432,100.0,35.27034298084262,39.2870102731584,53.94596894277813,44.705131574008035,73.77278926886645,96.85799016479596,4.609782649498855,0.0,30.58673373625136,0.0,30.58673373625136,42.0,55.0,54.0,55.0,,,,,Philadelphia Union,PHI,Philadelphia,False,Philadelphia Union,PHI,-0.11548532664764677,0.1337567647183742,0.07576421620670404,-1.3142943396226414,-0.9888000000000001,0.11459046799444894,0.4371508057966746,2000.0,2,0.0,89.98085513720486,42,30.6,0,-0.013266263748640483,2026-10-02T19:19:19Z,,
gjMNRZE3MK,2026,Z2vQ1xlqrA,1812.0,-1.5217,-2.0549,101,-0.2037,-0.2184,63,-0.1776,-0.1865,16,-0.056,-0.0765,24,-0.1759,0.9544,586,0.089,-0.0081,389,104,38,63,35.9451,0.0865,Stefan Cleveland,stefan-cleveland,USA,1994-05-25,-2.0459,1179,True,-0.08061986754966888,5.3509933774834435,-0.010792052980132449,3.3377483443708607,-0.009409271523178808,0.847682119205298,-0.002966887417218543,1.271523178807947,-0.009319205298013247,31.04635761589404,0.00471523178807947,20.609271523178805,-0.10839205298013244,62.4635761589404,2.013245033112583,5.509933774834437,1.9043761589403974,60.57692307692307,-2.0549000000000035,-0.10886887417218562,0.26869984450647805,0.4588384748239779,-0.015066336633663366,4.868295080806496,0.02697353845891513,0.06383420774516761,0.17815438654043222,0.3396847896512538,-0.0032333333333333333,3.1056805241404355,-0.014742505795059391,-0.015761516050229372,0.0861978444043227,0.45549910736163196,-0.0111,0.987871753150634,-0.0018705772565167688,-0.001012675924343873,0.025974025974025976,0.6094827302804622,-0.0023333333333333335,1.4828545193599012,0.003775196019310189,0.003968134416585299,0.8159767905552758,0.8679302586437998,-0.0003001706484641638,31.114556942359165,-0.0091230913707621,-0.008162730826236952,0.07218407867879013,0.9105490310648923,0.0002287917737789203,20.733425048714913,0.0033663915828343813,0.0032592418821117707,0.00837895163872144,0.046124661243054484,0.037888175134446575,0.21208574937011082,qualified,Qualified,True,27.02053380382147,25.587797339739982,46.165396598971434,45.88260320082085,22.105434388177734,18.658107786828833,20.512531751692382,17.281679742733086,40.971257679842836,40.971257679842836,49.670282918527974,36.19004717394297,29.453057547205226,13.903174543588973,29.453057547205226,43.0,40.0,48.0,38.0,35.0,26.0,31.0,9.0,Sporting Kansas City,SKC,Kansas City,False,Sporting Kansas City,SKC,-0.14189084477256975,0.1586487480500126,0.09135754945919689,-0.4670267082177714,0.2400416708423326,0.21436670052317736,0.18162441835649862,2000.0,18,0.0,93.37687851145563,43,29.5,0,-0.046942452794773715,2026-10-02T19:19:19Z,2.0,Busy Handler
BLMva87Qxe,2026,wvq9B9wQWn,2529.0,-2.2212,-2.9653,95,-0.3549,-0.3755,61,0.1386,0.1262,20,-0.074,-0.1026,34,0.0443,1.6218,814,0.0606,-0.0749,657,96,34,61,31.0347,0.1354,Roman Bürki,roman-burki,Switzerland,1990-11-14,-2.4066000000000005,1681,True,-0.08431601423487545,3.606168446026097,-0.013471886120996441,2.3155397390272836,0.005261209964412812,0.7591933570581257,-0.0028090154211150653,1.2906287069988138,0.0016816132858837483,30.899169632265718,0.002300355871886121,24.939501779359432,-0.09135373665480429,63.81020166073547,1.2906287069988138,3.644128113879004,1.1780669039145908,63.541666666666664,-2.965299999999999,-0.11256180308422298,0.2568372072678567,0.5419941371786413,-0.023381052631578948,3.996782315692494,0.014945558412167298,0.05240673139514397,0.17347984076481812,0.4179227767601108,-0.005818032786885246,2.705973010623087,-0.014081751171180707,-0.013732976301619968,0.10547438925695048,0.5386519632022251,0.00693,0.9187982017090259,-0.00017094099461847557,-0.0009418680261215027,0.03640256959314775,0.6853634636000033,-0.002176470588235294,1.454885324110297,0.0036362935591012883,0.0038932885535386285,0.8603217159067277,0.9016925679084844,5.442260442260442e-05,30.964404155316757,0.00031512870627370534,-0.008123339078325935,0.11613929644687997,0.9342417356985905,9.223744292237443e-05,24.746022575735637,0.0037033178713334687,0.0038900120460087706,0.008347606383076578,0.03739184858862397,0.018409275250143433,0.35649395000976863,qualified,Qualified,True,18.483551684873056,22.871854549094685,51.50030656806437,41.66259994744547,90.42569165509215,84.51330755658996,17.796588961047085,19.997622533378383,81.10852509478585,81.10852509478585,59.19954452744722,29.10957618529224,26.737114756559933,23.321070610758664,26.737114756559933,44.0,37.0,20.0,28.0,12.0,27.0,28.0,-15.0,St. Louis City SC,STL,St. Louis,False,St. Louis City SC,STL,-0.12447315652843949,0.14116836929459264,0.08074929032102779,-0.3184378006508889,0.1369942226611906,0.1344615135480773,0.36064626369656433,2000.0,25,0.0,93.37687851145563,44,26.7,0,0.03711475655993368,2026-10-02T19:19:19Z,0.0,Low-Involvement Keeper
N6MmeEN0ME,2026,pzeQZ6xQKw,1608.0,-1.028,-1.5011,63,-0.0006,-0.0137,44,-0.0441,-0.052,20,-0.0056,-0.0238,60,-0.4625,0.5406,648,0.2081,0.1219,538,65,19,44,17.4989,0.1692,Nico Hansen,nico-hansen,Denmark,2001-07-10,-1.3327,1373,True,-0.06137313432835821,3.7611940298507465,-3.582089552238806e-05,2.626865671641791,-0.0026328358208955226,1.1940298507462688,-0.0003343283582089552,3.5820895522388057,-0.027611940298507463,38.6865671641791,0.012423880597014925,32.11940298507463,-0.07956417910447762,81.97014925373134,1.1343283582089552,3.8805970149253737,1.0447104477611941,67.6923076923077,-1.501100000000001,-0.08961791044776125,0.1864544660741736,0.42936078711571374,-0.016317460317460317,4.159404452817958,0.031715181504081466,0.054539070358358636,0.13149013240305324,0.3134284691021768,-1.3636363636363635e-05,2.8736418708859537,-0.012671418744250226,-0.01458390588423963,0.10547438925695048,0.4260670470167441,-0.002205,1.1430168181981735,-0.001313962996328062,-0.001171716479611628,0.0625,0.5807123609040814,-9.333333333333333e-05,2.8401982736153233,0.007108807828256899,0.007600400694954298,0.8306013200026627,0.8536276283340539,-0.0007137345679012345,37.64383661618749,-0.023989275527391125,-0.009875651005862683,0.09714698447092814,0.900331833801878,0.00038680297397769515,31.110543780122338,0.005584434348751134,0.004890498652548065,0.006433766413120083,0.04139869633614705,0.030709617666473444,0.24930256344624388,qualified,Qualified,True,37.72914398688639,27.727517299197917,68.60617891061976,96.79542525370071,30.84199857352003,30.84199857352003,98.99395622958819,28.99633369620982,4.2944554975787375,5.798515960308821,90.7341366667918,92.21317116508378,24.14880438454897,30.978390079707697,24.14880438454897,45.0,34.0,13.0,20.0,6.0,28.0,25.0,-22.0,Colorado Rapids,COL,Colorado,False,Colorado Rapids,COL,-0.13036093573655816,0.1432284685627983,0.08316527383314071,-0.3185494721405577,0.16640998321677666,0.14660153044680257,0.3218155575331435,2000.0,16,0.0,93.37687851145563,45,24.1,0,0.04880438454896918,2026-10-02T19:19:19Z,1.0,Sweeper-Keeper Receiver
BLMv64wlMx,2026,zeQZBOzQKw,1453.0,-1.3545,-1.782,70,-0.1377,-0.1495,44,-0.0079,-0.0151,16,0.3786,0.3621,39,-0.4152,0.4912,621,0.1866,0.1087,522,75,26,44,24.218,0.1467,Duran Michael Ferree,duran-michael-ferree,USA,2006-09-28,-1.3500999999999999,1312,True,-0.08949208534067447,4.624913971094288,-0.009097866483138334,2.907088781830695,-0.000521954576737784,1.05712319339298,0.025014177563661387,2.5767377838953887,-0.02743234686854783,41.02959394356503,0.012328699242945631,34.488644184445974,-0.08920137646249138,86.68410185822435,1.7178251892635927,4.955264969029594,1.6000880935994495,58.666666666666664,-1.782,-0.11773709566414317,0.2029667340786971,0.40472386184159126,-0.01935,4.526164962996153,0.0295263360983296,0.05934811874405346,0.13149013240305324,0.2920393339655737,-0.0031295454545454543,2.963165994075571,-0.014280220910727006,-0.015038246211123832,0.0861978444043227,0.40148614543396954,-0.00049375,1.0858658613582328,-0.001063395736655377,-0.0011131305367901626,0.04153354632587859,0.5558503623832197,0.009707692307692308,2.2373820875024304,0.006640687144443804,0.005987258189227014,0.824528535414862,0.8405036710474754,-0.0006685990338164251,39.51966650553269,-0.023605608353028985,-0.010367764536224067,0.0945309670409272,0.8908600444145918,0.00035747126436781604,33.12533093490973,0.0058343493648929465,0.005207218088096938,0.0030521476072549857,0.04402345373723935,0.041309464010904406,0.19799847849112315,qualified,Qualified,True,35.814032058260445,20.38051978928138,49.00897180825106,51.37267414943003,36.179411139056775,36.179411139056775,92.86071799491972,96.47822115444774,8.650850257141784,7.713627888934769,95.79125843062177,90.29805923645783,22.23369245592302,25.812405370571966,22.23369245592302,46.0,36.0,38.0,42.0,27.0,29.0,27.0,-2.0,San Diego FC,SD,San Diego,False,San Diego FC,SD,-0.13445608639869647,0.14056038161320641,0.08359907040042809,-0.328685363946266,0.15332092746284526,0.1490176715020265,0.3147221797518022,2000.0,16,0.0,93.37687851145563,46,22.2,0,0.0336924559230205,2026-10-02T19:19:19Z,1.0,Sweeper-Keeper Receiver
7VqGmob3Mv,2026,9z5k7Yg5A3,2574.0,-2.9927,-3.7501,88,-0.0458,-0.0668,51,0.0529,0.0402,26,0.2141,0.185,63,-0.0542,1.5514,699,0.1695,0.0316,449,89,37,51,33.2499,0.1348,Andre Blake,andre-blake,Jamaica,1990-11-21,-2.6561999999999992,1376,True,-0.11161585081585082,3.2820512820512824,-0.0017081585081585083,1.902097902097902,0.001972960372960373,0.9696969696969697,0.007985081585081585,2.3496503496503496,-0.0020214452214452213,26.069930069930074,0.006321678321678323,16.745920745920746,-0.09906573426573423,51.319347319347315,1.3799533799533799,3.3193473193473193,1.2400895104895104,57.30337078651685,-3.7501000000000033,-0.13986386946386958,0.2425016673319875,0.5463689656670884,-0.03400795454545455,3.8159636494841616,0.006431833976603624,0.05003579534641237,0.1492861180134329,0.42221935490170737,-0.0008980392156862745,2.528527898440748,-0.011255714302335346,-0.012832431650630548,0.1329110911836156,0.5430317998240359,0.0020346153846153847,1.0315931387124966,-0.0006379758089157899,-0.0010574950968692998,0.06542056074766354,0.689154252183084,0.0033984126984126987,2.1827356037287835,0.005944179595082881,0.005841023619229424,0.8409956565683492,0.9032449401219992,-7.753934191702432e-05,26.60138783794299,-0.0028443308958160008,-0.006978726032568023,0.08240044044778859,0.9353169948271122,0.00037750556792873056,17.085590699731938,0.002995974573559621,0.002685811565544362,0.0006339671381789896,0.03769397775111829,0.016578571852757067,0.3808668438972221,qualified,Qualified,True,14.490033409662525,17.861030819475204,98.38957918840798,85.08077130022397,46.65090030907066,53.57308207265038,74.22701052341804,52.48069872492711,69.39324549219815,67.99554537833001,38.541236532902886,55.084650324711895,19.714203486116848,16.647271544227134,19.714203486116848,47.0,39.0,24.0,45.0,16.0,30.0,30.0,-14.0,Philadelphia Union,PHI,Philadelphia,False,Philadelphia Union,PHI,-0.13759850901451953,0.1388664432908775,0.084039378361988,-0.35123435380159485,0.14658778013408058,0.15155530867935776,0.30748459018949986,2000.0,25,0.0,89.98085513720486,47,19.7,0,0.014203486116848296,2026-10-02T19:19:19Z,0.0,Low-Involvement Keeper
ljqEjOpzQx,2026,pzeQZ6xQKw,937.0,-2.2325,-2.5082,41,-0.3876,-0.3952,27,0.0255,0.0209,12,0.136,0.1254,29,-0.1718,0.4127,342,0.0689,0.0187,269,41,14,27,11.4918,0.1707,Zack Steffen,zack-steffen,USA,1995-04-02,-2.5614999999999997,720,True,-0.2287299893276414,4.200640341515475,-0.039711419423692634,2.7662753468516543,0.0026125933831376734,1.2294557097118464,0.013933831376734259,2.9711846318036286,-0.0176017075773746,35.03948772678762,0.0070591248665955175,27.560298826040555,-0.26243756670224117,73.76734258271078,1.4343649946638206,4.200640341515475,1.1773882604055494,65.85365853658537,-2.5082000000000004,-0.2569767342582711,0.12979443924024991,0.3048044467018698,-0.05445121951219512,4.380269068984785,0.01902294124532841,0.05743509813768017,0.08500567025233559,0.21011997022962497,-0.014355555555555555,2.9400670713679076,-0.01724042116266803,-0.014921017784642132,0.06607220368644577,0.30196059447194407,0.0021249999999999997,1.1426830453979708,-0.0009335424209224923,-0.001171374326211768,0.031216361679224973,0.446613085292856,0.004689655172413793,2.330083691057744,0.0063817945951758995,0.00623532866326062,0.7212790457675586,0.7726399078513928,-0.0005023391812865498,34.24901548683367,-0.014913652153559775,-0.008985038578583945,0.05105333080280888,0.840352595942269,0.00025613382899628256,26.67216807101945,0.004327519181350987,0.0041927972372890225,-0.003355360715295003,0.04278579334879196,0.05838230269374836,0.1487077726102679,provisional,Provisional,True,20.652051503434812,7.67984283694333,30.365879600085087,8.136566687938735,39.07241262810165,62.53050039415894,84.75355681519576,73.50688839671159,30.76128983820714,24.17946119098565,72.73108349913035,63.899420648923254,17.51754945756222,10.7855650237121,17.51754945756222,48.0,42.0,30.0,24.0,19.0,31.0,33.0,-12.0,Colorado Rapids,COL,Colorado,False,Colorado Rapids,COL,-0.14492817571253283,0.13821745428194285,0.08607016018567024,-0.5193478151679787,0.021858147074309373,0.1645453042868197,0.2736114302063503,2000.0,9,0.0,89.98085513720486,48,17.5,0,0.017549457562221704,2026-10-02T19:19:19Z,1.0,Sweeper-Keeper Receiver
wvq9XwJ35W,2026,kRQabn8MKZ,2782.0,-3.4467,-4.2652,140,-0.0474,-0.07,92,0.0948,0.0811,52,0.3246,0.2932,65,-0.2391,1.4963,896,0.5657,0.4166,531,143,48,92,43.7348,0.1538,Luka Gavran,luka-gavran,Canada,2000-05-09,-2.7481,1776,True,-0.1189371675053918,4.831056793673616,-0.0016356578001437813,3.1746944644140904,0.0032713156002875626,1.7943925233644857,0.011201150251617541,2.2429906542056073,-0.008250754852624012,30.918763479511146,0.019520920201294034,18.323508267433503,-0.09483019410496046,61.28540618260244,1.6563623292595255,4.934579439252336,1.5091807332854064,64.33566433566433,-4.2652,-0.14718159597411934,0.3374436355202141,0.5655503635268289,-0.024619285714285715,4.669428254753168,0.0017742452851899466,0.06122662006258054,0.24044375230518827,0.4412821031818369,-0.0005152173913043478,3.069434146987229,-0.012212279645965735,-0.01557756349914685,0.23463640212888368,0.5622412481400932,0.001823076923076923,1.4926690836694048,-0.0005326151817445527,-0.0015301480574006696,0.06735751295336788,0.7055518440015717,0.004993846153846154,2.116286668779512,0.005993607938813824,0.005663205564743901,0.8714616601999009,0.9098266471668763,-0.0002668526785714286,30.97683357405048,-0.008248300486470878,-0.008126599867146997,0.09600433917917194,0.9398622745554766,0.0010653483992467043,18.54443706233745,0.004531961784912217,0.002915138517237035,-0.008693380305265178,0.04457065272086696,0.022439543291277713,0.3124727370082552,qualified,Qualified,True,11.139056771400329,14.51005418121301,78.49143486367106,88.43174793848618,68.56613736751879,65.86833840109114,77.57798716168024,67.92922657256905,43.845489695559145,43.845489695559145,81.12917151544727,98.25944417332984,15.190760413929452,19.998248182489334,15.190760413929452,49.0,38.0,37.0,26.0,26.0,32.0,29.0,-6.0,Toronto FC,TOR,Toronto,False,Toronto FC,TOR,-0.14760518256839222,0.13021842195786187,0.08445237931237551,-0.34974807835576827,0.15518632876119118,0.15401858183314746,0.3006613055126528,2000.0,27,0.0,86.67867912959696,49,15.2,0,-0.009239586070547645,2026-10-02T19:19:19Z,2.0,Busy Handler
KPqjonZyQ6,2026,jYQJ8EW5GR,2598.0,-1.5495,-2.3139,164,-0.8432,-0.8644,104,0.1005,0.0878,33,0.3087,0.2793,34,-0.6194,1.0012,743,0.2401,0.1009,391,167,60,104,57.6861,0.0719,Maxime Crépeau,maxime-crepeau,Canada,1994-05-11,-2.3628,1469,True,-0.057256351039260966,6.060046189376443,-0.031157505773672052,3.8429561200923787,0.0037136258660508087,1.2193995381062355,0.011406928406466512,1.25635103926097,-0.022887759815242492,27.454965357967666,0.008872055427251732,14.448036951501155,-0.08730900692840646,54.28175519630486,2.2170900692840645,6.170900692840647,2.131587990762125,62.27544910179641,-2.3138999999999967,-0.08550207852193983,0.3736749609263327,0.5486682074820135,-0.009448170731707319,5.33745498564262,0.024989822885896438,0.06998594060727072,0.26354075545875455,0.424485029118415,-0.008107692307692307,3.349936710768763,-0.019678474456288803,-0.01700113093527159,0.16286685868169584,0.5453338805806541,0.0030454545454545456,1.1674525933706383,-0.0004227916112093326,-0.001196765805225923,0.03640256959314775,0.691138895016032,0.009079411764705881,1.4281796194781324,0.004154732840295363,0.003821823804781078,0.8489898629376726,0.904052992791287,-0.0008336473755047105,27.849094650358435,-0.020813712658030954,-0.007306054969910017,0.07252828788721943,0.9358762122486185,0.0006140664961636829,14.93211929881023,0.002842080955887747,0.0023472913179093014,-0.008928342043449541,0.05065110401955357,0.029874974663637664,0.25449499189422375,qualified,Qualified,True,24.26142122452044,30.35899745986461,4.978915624960897,13.652914899207927,77.99466946957469,75.14546341829649,33.36086189421525,71.2952187894941,12.689415268340904,14.501295093659671,25.97319719208679,77.76317929852222,11.824768197004392,28.346909919041003,11.824768197004392,50.0,35.0,50.0,32.0,37.0,33.0,26.0,4.0,Orlando City SC,ORL,Orlando City,False,Orlando City SC,ORL,-0.15893191870416706,0.141075234617268,0.09119569934286692,-0.43955361091888207,0.27703279486060156,0.21230040650828022,0.18452153753656536,2000.0,26,0.0,93.37687851145563,50,11.8,0,0.024768197004391368,2026-10-02T19:19:19Z,2.0,Busy Handler
a35ryXm2ML,2026,kaDQ0wRqEv,640.0,-2.6221,-2.8104,23,0.0066,0.0014,10,0.0081,0.0049,2,0.1725,0.1653,11,-0.1813,0.2179,168,0.0632,0.0289,119,24,13,10,10.1896,0.0,Novak Mićović,novak-micovic,Serbia,2001-10-25,-2.5529999999999995,333,True,-0.39331499999999997,3.4499999999999997,0.00099,1.5,0.001215,0.30000000000000004,0.025874999999999995,1.6500000000000001,-0.027195,25.200000000000003,0.009480000000000002,17.85,-0.38294999999999996,49.949999999999996,1.9500000000000002,3.5999999999999996,1.5284400000000002,41.66666666666667,-2.8103999999999996,-0.42155999999999993,0.07721123677488048,0.23045605424771118,-0.11400434782608695,4.2264900338845806,0.013936438247381302,0.055418711967470516,0.03326393695859643,0.1537590290285581,0.00066,2.757766503403198,-0.013469730396193959,-0.013995831402589214,0.011653687986351373,0.22807829893915454,0.00405,0.9215101250371011,-0.0008901464932976342,-0.0009446480423070545,0.012074643249176729,0.3553555953657079,0.015681818181818182,1.7548711747491796,0.004971639693957983,0.0046960538706127646,0.5597058159686165,0.6988995143772461,-0.0010791666666666666,27.115826015679907,-0.019510503547089015,-0.007113686025068816,0.023246727876538385,0.7823882852610058,0.00053109243697479,18.752484116490013,0.0031108364780432175,0.0029478429869882125,-0.011851466017198106,0.041008443355106415,0.06951360339062033,0.12794165427686563,provisional,Provisional,True,16.500869652264225,1.5428507076091444,56.905289237583986,98.20188445512218,40.059061276073926,38.88659484214873,59.13009747613148,97.78770474367155,18.7456986623622,11.464394309095686,41.35290363752393,79.78903111978678,9.79891637573983,3.9841335385462417,9.79891637573983,51.0,45.0,45.0,52.0,32.0,34.0,36.0,-2.0,LA Galaxy,LAG,LA Galaxy,False,LA Galaxy,LAG,-0.15840256824943166,0.13469963621503545,0.08909674392474978,-0.7049190711192234,-0.07674603232216498,0.18925612369480627,0.22162756978069642,2000.0,7,0.0,89.98085513720486,51,9.8,0,-0.0010836242601701684,2026-10-02T19:19:19Z,,
kRQa2LebMK,2026,zeQZkL1MKw,2165.0,-6.182,-6.8191,95,-0.5918,-0.6095,55,0.0868,0.0762,19,-0.7061,-0.7306,60,0.2305,1.581,758,-0.133,-0.249,572,98,40,55,33.1809,0.1122,Dayne St. Clair,dayne-st-clair,Canada,1997-05-09,-7.2956,1559,True,-0.2741210161662818,4.212471131639723,-0.02624147806004619,2.438799076212471,0.0038488683602771363,0.8424942263279445,-0.03130974595842956,2.660508083140878,0.010220785219399538,33.61108545034642,-0.005897459584295613,25.363510392609697,-0.32350004618937644,69.12886836027712,1.7736720554272516,4.345496535796767,1.4713008775981524,56.12244897959183,-6.819099999999999,-0.3023711778290993,0.2568372072678567,0.5032423528458374,-0.06507368421052633,4.334949267025366,-0.030209487241876058,0.05684085444348566,0.1591316065017114,0.3806688990481687,-0.01076,2.7778823636329477,-0.01661094183568476,-0.0140979206070038,0.10073190158401622,0.49987833227701334,0.004568421052631579,0.9738523642722952,-0.0004495904427678178,-0.0009983045268969586,0.0625,0.6509295321054732,-0.011768333333333332,2.3645565665181065,0.0041929241745215316,0.006327578443510116,0.8515345267688204,0.8870313913315975,0.000304089709762533,33.379687432024355,0.0073433241666064275,-0.00875697520219551,0.10265613783201723,0.9240258053251249,-0.00023251748251748252,25.107759351898753,0.0029423992748309705,0.00394687615063214,-0.032791371904369704,0.04326210870153165,0.025249898326408667,0.2876998440863924,qualified,Qualified,True,3.795813156149505,5.739079294768322,35.412365329028866,22.940675951299475,75.01470275410739,78.12543013376379,36.340828609682546,2.4969656018118798,92.30263898795,92.30263898795,32.40049050890298,13.771162581177974,8.04397061951775,5.739079294768322,8.04397061951775,52.0,44.0,41.0,47.0,30.0,35.0,35.0,-5.0,Inter Miami CF,MIA,Miami,False,Inter Miami CF,MIA,-0.15893544174293978,0.09335269793420037,0.07669014914826641,-0.5162222089609605,-0.1336346829544621,0.11787200605313285,0.4233093051073197,2000.0,21,0.0,81.60716743621508,52,8.0,0,0.04397061951775072,2026-10-02T19:19:19Z,1.0,Sweeper-Keeper Receiver
gpMOoO8rMz,2026,Z2vQ1xlqrA,913.0,-4.3624,-4.631,51,-0.4186,-0.426,26,0.0872,0.0827,13,-0.3927,-0.4031,18,-0.2123,0.3572,308,-0.381,-0.43,226,52,25,26,20.369,0.1346,John Pulskamp,john-pulskamp,USA,2001-04-19,-5.679799999999999,642,True,-0.45869704271631984,5.362541073384447,-0.04401489594742607,2.733844468784228,0.009168893756845565,1.366922234392114,-0.04129156626506024,1.892661555312158,-0.02232289156626506,32.3855421686747,-0.040061336254107335,23.763417305585982,-0.5972188389923329,67.50492880613363,2.628696604600219,5.467688937568456,2.1417568455640748,50.0,-4.631,-0.4869397590361446,0.1564973545721937,0.29933423864089204,-0.08553725490196079,4.729479164558301,-0.011001491712228553,0.06201402143989231,0.08211584217641728,0.20584587912432387,-0.0161,2.9343317068419816,-0.01754842611552777,-0.014891910463613251,0.07118626786116618,0.296519655052701,0.006707692307692308,1.182768213485597,-0.0005613884568231092,-0.0012124659805850726,0.0196078431372549,0.4402094191645797,-0.021816666666666665,1.847889001331669,0.00405752450317546,0.004944970560820021,0.6997492330575538,0.7680495773537321,-0.0006892857142857142,32.19469433062784,-0.018064322819071894,-0.008446098857866822,0.04324531190202832,0.836840671975806,-0.0016858407079646017,23.475246085611303,0.0018192072809072766,0.0036902492017278667,-0.04129889731956859,0.04609876590037505,0.07557973273170007,0.11889378029867069,provisional,Provisional,True,8.82728330643042,0.5712176382997359,26.00760789318918,5.591426104583505,61.111528210518415,98.04109263360736,28.722925034723524,0.5712176382997359,23.022010335723316,19.71733173167161,5.18100028779859,2.0752781010298182,6.118222656005606,0.5712176382997359,6.118222656005606,53.0,49.0,51.0,49.0,38.0,36.0,38.0,2.0,Sporting Kansas City,SKC,Kansas City,False,Sporting Kansas City,SKC,-0.1870777770729908,0.10447998243385362,0.08862726599248176,-0.8958074866533775,-0.29559739904096133,0.18487743619491667,0.2298089215430004,2000.0,9,0.0,81.60716743621508,53,6.1,0,0.01822265600560602,2026-10-02T19:19:19Z,2.0,Busy Handler
gjMNeXBpQK,2026,NWMWlBK5lz,2482.0,-5.2721,-6.0024,132,-0.6128,-0.633,77,-0.8157,-0.8279,26,-0.0224,-0.0505,27,-0.4532,1.0951,688,-0.3042,-0.4372,421,133,55,77,48.9976,0.1203,Roman Celentano,roman-celentano,USA,2000-09-14,-7.4803999999999995,1371,True,-0.20391684125705078,5.105560032232071,-0.02370217566478646,2.9782433521353746,-0.031550040290088635,1.0056406124093473,-0.0008663980660757453,1.0443190975020145,-0.017529089443996778,26.610797743755036,-0.011765995165189365,16.283642224012894,-0.2893305398871877,53.028203062046735,2.127316680096696,5.144238517324738,1.8951529411764705,57.89473684210527,-6.0024000000000015,-0.23216373892022568,0.32441670505489983,0.5373338644829901,-0.03994015151515151,4.806430740971073,-0.019700830946482766,0.06302302825511545,0.2094520712680008,0.4133664806193733,-0.007958441558441559,2.9829686454392896,-0.016940250619506474,-0.015138745861644948,0.1329110911836156,0.5339869231228754,-0.03137307692307692,1.0520116990014288,-0.005321801343523741,-0.0010784263405741823,0.02912621359223301,0.6813042088714937,-0.0008296296296296296,1.2891926923178783,0.0033182589712035513,0.0034498933140151254,0.8388630815558054,0.9000171112448621,-0.0006587209302325581,27.105907870308144,-0.016123950463979353,-0.007111084054836196,0.07766094816454529,0.9330798451183038,-0.0007225653206650832,16.665995875443933,0.0014811779499149644,0.0026198523223598135,-0.05328739645237381,0.045764517634435065,0.026352089955011464,0.2790241872427675,qualified,Qualified,True,6.703204574746299,9.818937147290313,32.50497391043207,32.01321370922332,1.5528610933843863,1.5528610933843863,14.661461266063542,26.43742883241363,28.622195527860157,26.31855550133263,3.0569215561144687,5.0001876947332855,3.994143924321483,8.646470713365115,3.994143924321483,54.0,43.0,49.0,44.0,36.0,37.0,34.0,-1.0,FC Cincinnati,CIN,Cincinnati,False,FC Cincinnati,CIN,-0.20434260473106527,0.09776781182631764,0.09183504597037515,-0.6588661067972647,0.07134475571852615,0.22076287752285972,0.1730472902310945,2000.0,24,0.0,81.60716743621508,54,4.0,0,-0.00585607567851687,2026-10-02T19:19:19Z,0.0,Low-Involvement Keeper
4JMAk3z9qK,2026,APk5LGOMOW,1951.0,-7.4408,-8.0149,95,-0.0161,-0.032,55,0.0698,0.0602,23,-0.3195,-0.3416,38,-0.5564,0.6606,559,-0.1473,-0.2519,386,97,40,55,31.9852,0.1031,Thomas Gillier,thomas-gillier,Chile,2004-05-28,-8.4103,1156,True,-0.3661285494618145,4.674525884161968,-0.0007922091235263968,2.706304459251666,0.003434546386468478,1.1317273193234239,-0.015721168631471043,1.8698103536647874,-0.027377960020502305,27.505894413121474,-0.007247975397232188,18.99333675038442,-0.4138333162480779,56.88159917990774,1.9682214249103023,4.772936955407483,1.573848898001025,56.70103092783505,-8.014800000000001,-0.3943725269092773,0.2568372072678567,0.47723856600013026,-0.07832421052631579,4.561870981008964,-0.04731595198726048,0.05981630428616832,0.1591316065017114,0.3564539883446356,-0.00029272727272727274,2.8864933687591425,-0.012452447836415362,-0.014649128011378357,0.11940640007726497,0.47388254997246737,0.0030347826086956522,1.1177427335744659,-0.0006039518205472545,-0.0011458077956892163,0.04051172707889126,0.6269254282357574,-0.008407894736842106,1.8484967162409234,0.00411656975510209,0.004946596812360817,0.8087879438006841,0.8761745147560472,-0.0009953488372093024,28.008236072686287,-0.02395235102859597,-0.007347804836256282,0.07166728555514296,0.9163891611911016,-0.0003816062176165803,19.244494125652132,0.0022820673197210314,0.0030251857137452067,-0.07792606559799595,0.04464534616895049,0.03087111607001987,0.2483222287930979,qualified,Qualified,True,1.2206414154685485,3.1639075540873653,75.53023762153234,94.56874006782037,52.623972371335256,68.82953564322986,30.51478408849181,10.092345808776605,6.521140683459088,9.843337462617466,13.414542587934983,11.195990840497014,1.2206414154685485,2.3630766920680206,1.2206414154685485,55.0,46.0,46.0,46.0,33.0,38.0,37.0,-5.0,CF Montréal,MTL,Montréal,False,CF Montréal,MTL,-0.2282367901126294,0.0723846589166375,0.0913824319792685,-0.7741481635383464,-0.07844452538504336,0.21468875805116708,0.18117856533031745,2000.0,19,0.0,71.97592502221055,55,1.2,0,0.020641415468548585,2026-10-02T19:19:19Z,0.0,Low-Involvement Keeper
