player_id,season,game_id,team_id,minutes,ga_shot_stopping,ga_raw_shot_stopping,opp_shot_stopping,ga_handling,ga_raw_handling,opp_handling,ga_claiming,ga_raw_claiming,opp_claiming,ga_sweeping,ga_raw_sweeping,opp_sweeping,ga_passing,ga_raw_passing,opp_passing,ga_fielding,ga_raw_fielding,opp_fielding,shots_faced,goals_conceded,saves,xgoals_faced,share_headed_shots,date_utc,matchday,ga_total,opp_total,components_complete,ga_shot_stopping_p96,opp_shot_stopping_p96,ga_handling_p96,opp_handling_p96,ga_claiming_p96,opp_claiming_p96,ga_sweeping_p96,opp_sweeping_p96,ga_passing_p96,opp_passing_p96,ga_fielding_p96,opp_fielding_p96,ga_total_p96,opp_total_p96,goals_conceded_p96,shots_faced_p96,xgoals_faced_p96,save_pct,goals_prevented,goals_prevented_p96,reliability_shot_stopping,workload_reliability_shot_stopping,value_per_opportunity_shot_stopping,adj_opp_shot_stopping_p96,adj_shot_stopping_p96,baseline_shot_stopping_p96,reliability_handling,workload_reliability_handling,value_per_opportunity_handling,adj_opp_handling_p96,adj_handling_p96,baseline_handling_p96,reliability_claiming,workload_reliability_claiming,value_per_opportunity_claiming,adj_opp_claiming_p96,adj_claiming_p96,baseline_claiming_p96,reliability_sweeping,workload_reliability_sweeping,value_per_opportunity_sweeping,adj_opp_sweeping_p96,adj_sweeping_p96,baseline_sweeping_p96,reliability_passing,workload_reliability_passing,value_per_opportunity_passing,adj_opp_passing_p96,adj_passing_p96,baseline_passing_p96,reliability_fielding,workload_reliability_fielding,value_per_opportunity_fielding,adj_opp_fielding_p96,adj_fielding_p96,baseline_fielding_p96,adj_total_p96,baseline_total_p96,sampling_variance_total_p96,reliability_total
0x5g2Z8ZM7,2026,eV5D816A5K,NPqxKXZ59d,100.0,1.2969,1.2673,11,-0.0028,-0.0036,10,0.0241,0.0236,2,0.0467,0.0454,3,0.0246,0.0871,44,0.0289,0.0236,38,11,1,10,2.2673,0.0,2026-02-21,1,1.4183999999999999,108,True,1.245024,10.56,-0.002688,9.600000000000001,0.023136,1.92,0.044832,2.88,0.023616,42.24,0.027743999999999998,36.480000000000004,1.3616639999999998,103.68,0.96,10.56,2.1766080000000003,90.9090909090909,1.2673,1.216608,0.03847904275677089,0.04470068598514822,0.11789999999999999,4.693915122516905,0.08126037513657451,0.06236534717084616,0.03326715017260895,0.027606333322638656,-0.00028,3.145222162509513,-0.01734348231366757,-0.017909999846304175,0.011655440824251158,0.04412957699158392,0.01205,1.1567592740833514,-0.0011377795018722733,-0.0013155777385204363,0.0033222591362126247,0.0793013319140693,0.015566666666666666,1.9192751410529734,0.004617239273383421,0.004533041016420061,0.24988480393958798,0.26615186045015843,0.0005590909090909091,34.4337862645409,-0.0018652762831748233,-0.008899916738573424,0.007542675664946407,0.3597016747647554,0.0007605263157894736,27.223807027219934,0.004762407199137035,0.004641247889233146,0.0702934835103803,0.04341414175310133,1.358472832249053,0.007451874102944535
0x5g2Z8ZM7,2026,Oa5wP6L8q1,NPqxKXZ59d,99.0,0.8238,0.7944,12,-0.0326,-0.0334,9,0.0005,0.0,0,-0.0012,-0.0024,1,-0.0139,0.0479,22,0.0083,0.003,13,12,3,9,3.7944,0.0,2026-03-01,2,0.7848999999999999,57,True,0.7988363636363637,11.636363636363637,-0.03161212121212121,8.727272727272727,0.0004848484848484849,0.0,-0.0011636363636363637,0.9696969696969697,-0.013478787878787878,21.333333333333332,0.008048484848484848,12.606060606060607,0.7611151515151515,55.27272727272728,2.909090909090909,11.636363636363637,3.679418181818182,75.0,0.7944,0.7703272727272727,0.04183080941610709,0.04427346966994863,0.06865,4.7389461224878655,0.07393858858086859,0.06296364813567772,0.03004037090837303,0.027337816958284907,-0.003622222222222222,3.119581284527457,-0.017569805464521186,-0.01776399167995216,0.0,0.04370756918706364,,1.0725037776398014,-0.0012197542962947765,-0.0012197542962947765,0.0011098779134295228,0.07857062614795715,-0.0012,1.7684189635698921,0.0041697503252350835,0.004176741273103438,0.1427819177286672,0.2641934977551204,-0.0006318181818181817,28.88954904409006,-0.009006975273475985,-0.0074669273698810615,0.002593257530420906,0.3573901965395055,0.0006384615384615385,18.658080260040123,0.0032035640054420803,0.003180920858624563,0.053515367877253806,0.043870636921277725,1.4980777403865468,0.0067621345787081
0x5g2Z8ZM7,2026,vzqoYz9kMa,NPqxKXZ59d,109.0,0.0323,0.0,0,0.0009,0.0,0,0.0077,0.0071,2,0.0013,0.0,0,-0.0067,0.0613,22,0.0057,-0.0002,11,0,0,0,0.0,0.0,2026-03-08,3,0.0412,35,True,0.028447706422018354,0.0,0.0007926605504587157,0.0,0.006781651376146789,1.761467889908257,0.001144954128440367,0.0,-0.00590091743119266,19.376146788990827,0.005020183486238532,9.688073394495413,0.03628623853211009,30.825688073394495,0.0,0.0,0.0,,0.0,0.0,0.0,0.04852851451383677,,4.204959068572321,0.05586886965482538,0.05586886965482538,0.0,0.030016325659461298,,2.873063036386632,-0.016360230178160316,-0.016360230178160316,0.011655440824251158,0.04791095281354319,0.00385,1.1521831919643135,-0.0012433979674911454,-0.0013103733784601132,0.0,0.08582590203536375,,1.6789047606098626,0.00396532210505891,0.00396532210505891,0.1427819177286672,0.2833189988135143,-0.00030454545454545453,28.138635455893226,-0.007457981031953029,-0.0072728427472528116,0.002195170624625823,0.3797801455963757,0.0005181818181818182,17.339020880851375,0.002969275236823463,0.002956041158540304,0.03774185781910327,0.03784678661455136,0.0026372380993348894,0.794550174862172
0x5g2Z8ZM7,2026,OlMlWz70QL,NPqxKXZ59d,105.0,0.9739,0.9428,3,-0.0185,-0.0194,3,0.0005,0.0,0,-0.0002,-0.0015,3,-0.0013,0.0643,46,0.0286,0.023,46,3,0,3,0.9428,0.6667,2026-03-14,4,0.983,101,True,0.8904228571428572,2.742857142857143,-0.016914285714285715,2.742857142857143,0.0004571428571428572,0.0,-0.00018285714285714286,2.742857142857143,-0.0011885714285714286,42.05714285714286,0.02614857142857143,42.05714285714286,0.8987428571428572,92.34285714285714,0.0,2.742857142857143,0.8619885714285714,100.0,0.9428,0.8619885714285714,0.010796419581442509,0.04683105127852783,0.32463333333333333,4.340911767460641,0.07226687402191238,0.05767519487453606,0.010218093855726062,0.028946694384082813,-0.006166666666666667,2.9556279001319443,-0.016844647857567344,-0.01683038351569397,0.0,0.04623404140666874,,1.069670281407561,-0.0012165317722581562,-0.0012165317722581562,0.0033222591362126247,0.08293754561811274,-6.666666666666667e-05,1.911695142502269,0.00449971432390768,0.004515138192796818,0.2583092245759804,0.2757893608978995,-2.826086956521739e-05,34.48587386222122,-0.006862719756413367,-0.008913379541615345,0.009116131589377725,0.37101403992684695,0.0006217391304347826,29.456537594144027,0.005143069878206763,0.005021894726047762,0.05698575883778797,0.04025193296381317,0.3455654521032707,0.028668312654908264
0x5g2Z8ZM7,2026,p6qbYzeB50,NPqxKXZ59d,98.0,0.3517,0.3227,7,-0.0353,-0.0361,6,-0.0792,-0.0797,3,0.0491,0.048,1,0.0015,0.0627,35,0.0079,0.0027,20,7,1,6,1.3227,0.0,2026-03-21,5,0.2957,72,True,0.34452244897959183,6.857142857142857,-0.03457959183673469,5.877551020408163,-0.07758367346938777,2.9387755102040813,0.04809795918367346,0.9795918367346939,0.0014693877551020407,34.285714285714285,0.007738775510204082,19.591836734693878,0.289665306122449,70.53061224489797,0.9795918367346939,6.857142857142857,1.2957061224489796,85.71428571428571,0.3227,0.3161142857142857,0.024834152450295324,0.04384587107573929,0.050242857142857145,4.5263110725324225,0.06429265410770742,0.060138488676030145,0.020229480976184842,0.027069152256985234,-0.005883333333333333,3.040892800555591,-0.017327537170652187,-0.017315911810542376,0.017381864589308817,0.043285188593004446,-0.026400000000000003,1.2001829393037518,-0.001891979111235978,-0.0013649633009004672,0.0011098779134295228,0.07783875962203923,0.0491,1.769823571106794,0.004271865936613959,0.00418005874616426,0.2094790648483472,0.2622246548359651,4.2857142857142856e-05,32.30620130186289,-0.006310824129592934,-0.00835001122203793,0.00398406374501992,0.35506196896711517,0.00039500000000000006,21.160390646368466,0.00362645458160559,0.00360752698271075,0.04666063421444586,0.040895188071424386,0.8981102699258086,0.01122874099415319
0x5g2Z8ZM7,2026,2lqROeR0Qr,NPqxKXZ59d,102.0,0.0341,0.0038,3,-0.0108,-0.0116,2,0.0143,0.0138,3,0.0089,0.0076,1,-0.0164,0.0473,36,-0.0112,-0.0167,26,3,1,2,1.0038,0.0,2026-04-04,6,0.018899999999999993,71,True,0.03209411764705882,2.8235294117647056,-0.010164705882352942,1.8823529411764706,0.013458823529411764,2.8235294117647056,0.008376470588235294,0.9411764705882353,-0.015435294117647061,33.88235294117647,-0.010541176470588234,24.470588235294116,0.01778823529411764,66.8235294117647,0.9411764705882353,2.8235294117647056,0.9447529411764706,66.66666666666666,0.0038000000000000256,0.003576470588235318,0.010796419581442509,0.04555397382726262,0.011366666666666666,4.346727819844211,0.05766237692818224,0.057752469413294795,0.00683534396587721,0.028142921531641923,-0.0054,2.9315869152806973,-0.016687587372702314,-0.016693485702838906,0.017381864589308817,0.04497247620439232,0.0047666666666666664,1.1980662648457614,-0.001239608202651872,-0.0013625560154271492,0.0011098779134295228,0.08075927219536061,0.0089,1.7642184862629986,0.0041796225091101594,0.004166820373533903,0.21418227519501587,0.2700374781153283,-0.0004555555555555556,32.21824108020512,-0.00968731737641271,-0.00832727661356222,0.005173099880620772,0.3642751009820834,-0.0004307692307692308,22.915191081736847,0.0038354197404388063,0.003906693951112179,0.03806290622596431,0.039442665406112604,0.35973772683566413,0.027570030204762036
0x5g2Z8ZM7,2026,9z5kBzalMA,NPqxKXZ59d,103.0,-1.3067,-1.3372,6,0.0442,0.0434,4,0.0039,0.0034,1,0.013,0.0117,2,-0.025,0.0393,15,0.0055,0.0,4,6,2,4,0.6628,0.0,2026-04-11,7,-1.2651,32,True,-1.217895145631068,5.592233009708738,0.04119611650485437,3.728155339805825,0.0036349514563106798,0.9320388349514562,0.01211650485436893,1.8640776699029125,-0.02330097087378641,13.980582524271844,0.005126213592233009,3.728155339805825,-1.1791223300970872,29.8252427184466,1.8640776699029125,5.592233009708738,0.6177553398058252,66.66666666666666,-1.3372000000000002,-1.2463223300970876,0.021362203846968835,0.045980046376263226,-0.21778333333333333,4.473352971393942,0.03735368218140847,0.05943486488292689,0.013577878462138824,0.028410993621519526,0.01105,2.983738580117404,-0.016312094381231147,-0.01699045560224489,0.005861881820464166,0.045393368596699575,0.0039,1.1129214975241135,-0.001232858825064825,-0.0012657212089557458,0.0022172949002217295,0.08148651220296954,0.0065,1.8387713518967415,0.004359774741352255,0.004342903099027863,0.10198452682552747,0.27196489736136725,-0.0016666666666666668,26.810052112156008,-0.010779771602217329,-0.006929450909693167,0.0007993605115907274,0.36653740149227726,0.001375,15.31784868809133,0.002626210494145046,0.002611461828983462,0.01601494260839247,0.04120360209004441,0.6963160077103904,0.01443588440922359
0x5g2Z8ZM7,2026,KPqj3z7yQ6,NPqxKXZ59d,99.0,0.6678,0.6384,7,0.0532,0.0524,6,0.0267,0.0262,5,-0.0491,-0.0503,1,0.0517,0.1135,70,0.0111,0.0058,46,7,1,6,1.6384,0.0,2026-04-18,8,0.7614,135,True,0.6475636363636363,6.787878787878787,0.05158787878787878,5.818181818181818,0.025890909090909096,4.848484848484849,-0.04761212121212121,0.9696969696969697,0.050133333333333335,67.87878787878788,0.010763636363636364,44.60606060606061,0.7383272727272727,130.9090909090909,0.9696969696969697,6.787878787878787,1.588751515151515,85.71428571428571,0.6384000000000001,0.6190545454545455,0.024834152450295324,0.04427346966994863,0.0954,4.5242868756032655,0.06933761542107031,0.06011159433709686,0.020229480976184842,0.027337816958284907,0.008866666666666667,3.040053089739719,-0.01641564658392543,-0.017311130202183365,0.028637920675975252,0.04370756918706364,0.00534,1.2844192646073826,-0.001222509931333036,-0.0014607649398646666,0.0011098779134295228,0.07857062614795715,-0.0491,1.7684189635698921,0.0040757355989809235,0.004176741273103438,0.3463955200822151,0.2641934977551204,0.0007385714285714286,41.18655548505566,0.003579283696957473,-0.010645268915521545,0.009116131589377725,0.3573901965395055,0.00024130434782608696,30.094566549304297,0.005150098061208518,0.0051306690256321804,0.06450457626295876,0.0400018405782629,0.8850153828240798,0.011392991111523771
0x5g2Z8ZM7,2026,jYQJJyzyQG,NPqxKXZ59d,102.0,-2.0569,-2.0872,6,0.0425,0.0417,2,0.0005,0.0,0,0.0012,0.0,0,0.0324,0.0961,30,0.0108,0.0054,24,6,4,2,1.9128,0.0,2026-04-22,9,-1.9695000000000003,62,True,-1.9359058823529414,5.647058823529411,0.04,1.8823529411764706,0.00047058823529411766,0.0,0.0011294117647058823,0.0,0.03049411764705882,28.235294117647058,0.010164705882352942,22.588235294117645,-1.8536470588235296,58.35294117647058,3.764705882352941,5.647058823529411,1.8002823529411767,33.33333333333333,-2.0872,-1.9644235294117647,0.021362203846968835,0.04555397382726262,-0.3428166666666667,4.475350804768246,0.02541675831844727,0.059461408944488696,0.00683534396587721,0.028142921531641923,0.02125,2.9315869152806973,-0.01615356388126962,-0.016693485702838906,0.0,0.04497247620439232,,1.0710851555627712,-0.0012181409030281492,-0.0012181409030281492,0.0,0.08075927219536061,,1.6882097594908945,0.0039872991216331555,0.0039872991216331555,0.1850924842280916,0.2700374781153283,0.00108,30.69332355673032,-0.0003291830765828713,-0.007933139329679123,0.004777070063694267,0.3642751009820834,0.00045000000000000004,22.229496774005867,0.0038194756587576944,0.0037897934288878784,0.015522645237957482,0.041393735559463546,0.703781870902994,0.014284933149079724
0x5g2Z8ZM7,2026,EGMPG8njQa,NPqxKXZ59d,101.0,-2.0871,-2.1171,7,0.0398,0.039,3,0.0005,0.0,0,0.0038,0.0026,2,-0.0034,0.0597,32,0.003,-0.0024,27,7,4,3,1.8829,0.0,2026-04-26,10,-2.0433999999999997,71,True,-1.9837782178217822,6.653465346534654,0.03782970297029703,2.8514851485148514,0.00047524752475247524,0.0,0.0036118811881188117,1.900990099009901,-0.0032316831683168318,30.415841584158414,0.0028514851485148514,25.663366336633665,-1.9422415841584155,67.48514851485149,3.801980198019802,6.653465346534654,1.7896871287128713,42.857142857142854,-2.1170999999999998,-2.0122930693069305,0.024834152450295324,0.04512752053375302,-0.29815714285714284,4.520243908298724,0.02509633592435723,0.06005787775872531,0.010218093855726062,0.027874701472863753,0.013266666666666668,2.958890761335154,-0.016275691739026828,-0.01684896339356224,0.0,0.044551212499878944,,1.0715576124179291,-0.0012186782263373136,-0.0012186782263373136,0.0022172949002217295,0.08003087967968145,0.0019,1.841685381378367,0.004347899606931654,0.004349785601114571,0.19502546663613604,0.2680998263788889,-0.00010625,31.284452679317422,-0.0071572233618543,-0.008085925315290841,0.0053709966182613885,0.3619965837381058,0.00011111111111111112,23.34139794239183,0.003971912295473949,0.003979355783104074,0.008764554499544393,0.042233452207753555,0.8437376642510969,0.011943707114323247
0x5g2Z8ZM7,2026,odMXVzJ2qY,NPqxKXZ59d,103.0,-0.0206,-0.0512,4,-0.0302,-0.031,3,0.0023,0.0018,1,0.0012,0.0,0,0.0122,0.0765,39,0.0094,0.0039,32,4,1,3,0.9488,0.0,2026-05-02,11,-0.0257,79,True,-0.019200000000000002,3.728155339805825,-0.028147572815533983,2.796116504854369,0.0021436893203883494,0.9320388349514562,0.0011184466019417475,0.0,0.011370873786407769,36.349514563106794,0.00876116504854369,29.8252427184466,-0.023953398058252424,73.63106796116504,0.9320388349514562,3.728155339805825,0.8843184466019416,75.0,-0.05120000000000002,-0.047720388349514586,0.014343606244813343,0.045980046376263226,-0.00515,4.38764259368285,0.05713579114708951,0.05829608045189729,0.010218093855726062,0.028410993621519526,-0.010066666666666666,2.9572584307225895,-0.016971788963112213,-0.016839668329649546,0.005861881820464166,0.045393368596699575,0.0023,1.1129214975241135,-0.0012432969279351294,-0.0012657212089557458,0.0,0.08148651220296954,,1.6868741641009146,0.0039841446449483805,0.0039841446449483805,0.2279620129126287,0.27196489736136725,0.00031282051282051284,32.89361641818115,-0.0042180582765408816,-0.008501837268295167,0.006359300476947536,0.36653740149227726,0.00029375,24.883407282375224,0.004261750685205063,0.00424224508389951,0.042948542309654725,0.03991524337384472,0.46430683355879593,0.02149429375390646
0x5g2Z8ZM7,2026,p6qbYzX650,NPqxKXZ59d,97.0,0.1772,0.1485,5,-0.1599,-0.1607,3,0.0029,0.0024,1,-0.0024,-0.0035,1,0.0447,0.1053,39,0.0056,0.0004,32,5,2,3,2.1485,0.0,2026-05-09,12,0.0681,81,True,0.17537319587628866,4.948453608247423,-0.15825154639175257,2.9690721649484537,0.002870103092783505,0.9896907216494846,-0.0023752577319587627,0.9896907216494846,0.04423917525773196,38.5979381443299,0.005542268041237113,31.670103092783506,0.0673979381443299,80.16494845360825,1.9793814432989691,4.948453608247423,2.1263505154639173,60.0,0.14849999999999985,0.1469690721649483,0.01786544408219076,0.04341788968918779,0.03544,4.442396516393475,0.06078179140418004,0.059023564292078626,0.010218093855726062,0.02680033909578664,-0.05329999999999999,2.9621608345620065,-0.018308494853991424,-0.01686758433922657,0.005861881820464166,0.04286243471522076,0.0029,1.1158721691755027,-0.0012426685954907255,-0.0012690769961322325,0.0011098779134295228,0.07710572956823622,-0.0024,1.7712304117011985,0.004174020411817692,0.0041833814933731365,0.2279620129126287,0.2602452473392331,0.001146153846153846,33.42312615059135,0.0020633768515227425,-0.008638696819391584,0.006359300476947536,0.352716809332854,0.000175,25.426301881672295,0.004335530475852313,0.004334800412790295,0.05180355569389063,0.04076638804349167,0.6554914851335019,0.015321187640002891
0x5g2Z8ZM7,2026,gpMOgl9nMz,NPqxKXZ59d,100.0,-0.7998,-0.8295,1,0.0008,0.0,0,-0.2377,-0.2382,1,0.0012,0.0,0,0.0235,0.0859,38,0.0082,0.0028,28,1,1,0,0.1705,0.0,2026-05-13,13,-1.0037999999999998,68,True,-0.767808,0.96,0.000768,0.0,-0.22819199999999998,0.96,0.0011519999999999998,0.0,0.02256,36.480000000000004,0.007872,26.880000000000003,-0.9636479999999998,65.28,0.96,0.96,0.16368000000000002,0.0,-0.8295,-0.79632,0.003624897134080235,0.04470068598514822,-0.7998,4.264788537059482,0.0440939450288857,0.05666378934890972,0.0,0.027606333322638656,,2.8802013626121816,-0.016400878315238322,-0.016400878315238322,0.005861881820464166,0.04412957699158392,-0.2377,1.1143948801714307,-0.0028127311742951315,-0.0012673968812019604,0.0,0.0793013319140693,,1.6908873051404538,0.003993623084254863,0.003993623084254863,0.2234227794155382,0.26615186045015843,0.000618421052631579,32.90075154834799,-0.0020578898330217183,-0.008503681447262762,0.005568814638027049,0.3597016747647554,0.0002928571428571429,23.770670949478284,0.004068739306987163,0.004052540346749147,0.030884808097572554,0.03853799613621069,0.1255319869004644,0.0751424476374669
0x5g2Z8ZM7,2026,vzqoYzGJMa,NPqxKXZ59d,103.0,-0.5084,-0.5389,4,0.0523,0.0514,3,0.0011,0.0006,1,-0.0011,-0.0024,1,-0.0007,0.0636,30,0.0021,-0.0034,17,4,1,3,0.4611,0.25,2026-05-16,14,-0.45469999999999994,56,True,-0.4738485436893204,3.728155339805825,0.04874563106796117,2.796116504854369,0.001025242718446602,0.9320388349514562,-0.001025242718446602,0.9320388349514562,-0.0006524271844660194,27.961165048543688,0.0019572815533980582,15.844660194174757,-0.4237980582524271,52.19417475728155,0.9320388349514562,3.728155339805825,0.4297631067961165,75.0,-0.5388999999999999,-0.5022757281553397,0.014343606244813343,0.045980046376263226,-0.1271,4.38764259368285,0.04946091451775034,0.05829608045189729,0.010218093855726062,0.028410993621519526,0.017433333333333332,2.9572584307225895,-0.0161408064975913,-0.016839668329649546,0.005861881820464166,0.045393368596699575,0.0011,1.1129214975241135,-0.0012511255050878579,-0.0012657212089557458,0.0011098779134295228,0.08148651220296954,-0.0011,1.762822757998828,0.004156750698951731,0.004163523871988121,0.1850924842280916,0.27196489736136725,-2.3333333333333332e-05,30.612279803421725,-0.006579914107864047,-0.007912192383819417,0.0033884791708192145,0.36653740149227726,0.00012352941176470587,19.759000892580282,0.0033654673885910157,0.0033686111973373414,0.03301128649474988,0.039810633598798044,0.46556634832718363,0.021437390974505324
0x5g2Z8ZM7,2026,KXMeXzRPQ6,NPqxKXZ59d,98.0,0.8063,0.7773,3,0.054,0.0532,3,0.0158,0.0153,1,-0.1844,-0.1856,5,0.0053,0.0665,42,0.0116,0.0064,25,3,0,3,0.7773,0.3333,2026-05-23,15,0.7086000000000001,79,True,0.7898448979591837,2.9387755102040813,0.05289795918367347,2.9387755102040813,0.015477551020408164,0.9795918367346939,-0.18063673469387756,4.8979591836734695,0.005191836734693878,41.14285714285714,0.011363265306122448,24.48979591836735,0.6941387755102042,77.38775510204081,0.0,2.9387755102040813,0.7614367346938775,100.0,0.7773,0.7614367346938775,0.010796419581442509,0.04384587107573929,0.26876666666666665,4.354506843011158,0.06986673864801785,0.05785582481444585,0.010218093855726062,0.027069152256985234,0.018,2.9613426388207778,-0.016145951306018407,-0.016862925245260386,0.005861881820464166,0.043285188593004446,0.0158,1.1153793045092941,-0.0011577766671516272,-0.0012685164631004303,0.0055248618784530384,0.07783875962203923,-0.03688,2.074824425136009,0.004450591198302127,0.004900425176065005,0.24126680872392986,0.2622246548359651,0.0001261904761904762,34.104313220738085,-0.00564972530855577,-0.008814759601483653,0.004975124378109453,0.35506196896711517,0.00046399999999999995,22.89946967804413,0.003937453192938874,0.003904013689250506,0.05530132975753304,0.03971406236991689,0.4015272360469275,0.02477172042868164
0x5g2Z8ZM7,2026,0Oq6oe3xQ6,NPqxKXZ59d,112.0,0.0505,0.0173,6,0.02,0.0191,4,0.0025,0.0019,1,0.0014,0.0,0,-0.0247,0.0452,25,0.0038,-0.0022,17,6,2,4,2.0173,0.3333,2026-07-23,17,0.053500000000000006,53,True,0.04328571428571429,5.142857142857142,0.017142857142857144,3.4285714285714284,0.002142857142857143,0.8571428571428571,0.0012000000000000001,0.0,-0.02117142857142857,21.42857142857143,0.0032571428571428573,14.57142857142857,0.04585714285714286,45.42857142857143,1.7142857142857142,5.142857142857142,1.729114285714286,66.66666666666666,0.017300000000000093,0.01482857142857151,0.021362203846968835,0.049797649611595635,0.008416666666666668,4.4554524162624585,0.05873353536198386,0.059197030515200345,0.013577878462138824,0.030817003983279197,0.005,2.976349750176539,-0.01651619537570099,-0.01694838100901499,0.005861881820464166,0.049164771760890486,0.0025,1.1085246333926666,-0.0012370853762198846,-0.0012607206728025221,0.0,0.08798025755104472,,1.6749482300765912,0.003955977371306875,0.003955977371306875,0.15915342051963938,0.2888642720919936,-0.000988,28.66370841139866,-0.010736642703294275,-0.007408555548330608,0.0033884791708192145,0.3861960325720841,0.0002235294117647059,19.14580776962738,0.0032675123040762,0.003264071032005143,0.03746710158215179,0.04079942168836424,0.5853413549863787,0.017125906646059844
0x5g2Z8ZM7,2026,a35ro3y2qL,NPqxKXZ59d,100.0,1.2097,1.1801,6,-0.1584,-0.1592,6,0.0023,0.0018,2,0.0012,0.0,0,-0.0165,0.0459,47,-0.3118,-0.3172,36,6,0,6,1.1801,0.0,2026-07-25,18,0.7264999999999999,97,True,1.1613120000000001,5.76,-0.152064,5.76,0.002208,1.92,0.0011519999999999998,0.0,-0.01584,45.12,-0.29932800000000004,34.56,0.6974399999999998,93.12,0.0,5.76,1.132896,100.0,1.1801,1.132896,0.021362203846968835,0.04470068598514822,0.20161666666666667,4.479351829788193,0.0775356682356976,0.059514568259877935,0.020229480976184842,0.027606333322638656,-0.026400000000000003,3.03921384255058,-0.018579370102140398,-0.01730635123387783,0.011655440824251158,0.04412957699158392,0.00115,1.1567592740833514,-0.0012847391798823794,-0.0013155777385204363,0.0,0.0793013319140693,,1.6908873051404538,0.003993623084254863,0.003993623084254863,0.2624508711749691,0.26615186045015843,-0.0003510638297872341,35.20030362263736,-0.009953497989381412,-0.009098034384228756,0.007148530579825258,0.3597016747647554,-0.008661111111111112,26.533179811671605,0.0028483888876891426,0.004523506380736346,0.054560072936237415,0.04031173436824212,0.7393849572151943,0.013606439984116828
0x5g2Z8ZM7,2026,ljqEdkL45x,NPqxKXZ59d,99.0,0.0556,0.0263,5,0.0184,0.0176,3,0.0064,0.0059,2,0.0105,0.0093,2,0.0268,0.0886,39,0.0091,0.0038,18,5,2,3,2.0263,0.0,2026-08-02,19,0.1268,69,True,0.05391515151515151,4.848484848484849,0.017842424242424243,2.909090909090909,0.006206060606060606,1.9393939393939394,0.010181818181818183,1.9393939393939394,0.02598787878787879,37.81818181818181,0.008824242424242425,17.454545454545453,0.12295757575757575,66.9090909090909,1.9393939393939394,4.848484848484849,1.9648969696969696,60.0,0.02629999999999999,0.02550303030303029,0.01786544408219076,0.04427346966994863,0.01112,4.438423176849426,0.05879898751340659,0.05897077281766453,0.010218093855726062,0.027337816958284907,0.0061333333333333335,2.9605248949519813,-0.01650047036874527,-0.016858268724414566,0.011655440824251158,0.04370756918706364,0.0032,1.157269972426834,-0.0012576549722043133,-0.0013161585537227326,0.0022172949002217295,0.07857062614795715,0.00525,1.8446086616527597,0.00436850260301481,0.004356689952191115,0.2279620129126287,0.2641934977551204,0.0006871794871794872,33.24473882526538,-0.0014259903192215925,-0.008592590000628732,0.0035870864886408927,0.3573901965395055,0.0005055555555555555,20.390881212958934,0.003500845607186823,0.0034763372475651107,0.04748422006343704,0.04003678273865473,0.6317537916631042,0.015887723938911084
0x5g2Z8ZM7,2026,NWMWkzoEMl,NPqxKXZ59d,105.0,-0.093,-0.1242,4,0.0415,0.0407,3,0.0155,0.015,2,0.0013,0.0,0,0.011,0.0766,41,0.0099,0.0043,20,4,1,3,0.8758,0.25,2026-08-15,20,-0.013799999999999995,70,True,-0.08502857142857143,3.6571428571428575,0.037942857142857146,2.742857142857143,0.014171428571428571,1.8285714285714287,0.0011885714285714286,0.0,0.010057142857142857,37.48571428571429,0.009051428571428573,18.285714285714285,-0.012617142857142851,64.0,0.9142857142857144,3.6571428571428575,0.8007314285714286,75.0,-0.12419999999999998,-0.11355428571428569,0.014343606244813343,0.04683105127852783,-0.02325,4.383728728629581,0.05594672441158661,0.05824407918079291,0.010218093855726062,0.028946694384082813,0.013833333333333335,2.9556279001319443,-0.016240630191844328,-0.01683038351569397,0.011655440824251158,0.04623404140666874,0.00775,1.154212528551184,-0.0011931218226536402,-0.0013126813349187006,0.0,0.08293754561811274,,1.6842093030925882,0.0039778506415533415,0.0039778506415533415,0.23688312364197092,0.2757893608978995,0.00026829268292682924,33.22512249811654,-0.004441691614400989,-0.008587519873370579,0.00398406374501992,0.37101403992684695,0.000495,20.637003845025834,0.0035449787911592217,0.003518297438710708,0.041594110215400215,0.039009642537073716,0.44651422684268066,0.022331666856656048
0x5g2Z8ZM7,2026,wvq9kwXNMW,NPqxKXZ59d,107.0,-0.7015,-0.7332,6,0.061,0.0601,3,0.0032,0.0026,1,-0.0017,-0.003,1,0.0638,0.1307,39,0.0024,-0.0033,35,6,3,3,2.2668,0.0,2026-08-19,21,-0.5728000000000002,85,True,-0.6293831775700934,5.383177570093458,0.05472897196261682,2.691588785046729,0.0028710280373831776,0.8971962616822429,-0.0015252336448598129,0.8971962616822429,0.05724112149532709,34.99065420560748,0.0021532710280373827,31.401869158878505,-0.5139140186915889,76.26168224299064,2.691588785046729,5.383177570093458,2.033764485981308,50.0,-0.7332000000000001,-0.6578242990654206,0.021362203846968835,0.04768053930704691,-0.11691666666666667,4.465379443087892,0.046908807332939964,0.05932892520400131,0.010218093855726062,0.029481804738224416,0.02033333333333333,2.9539991665874483,-0.016035483036641245,-0.016821108934750438,0.005861881820464166,0.04707323484510101,0.0032,1.110963037149642,-0.0012352479391478626,-0.001263493859732658,0.0011098779134295228,0.08438400168723158,-0.0017,1.7572618593601266,0.004142467846117598,0.004150389860569853,0.2279620129126287,0.27957385359298004,0.0016358974358974359,32.549833423764696,0.0056434230427471095,-0.008412981514735627,0.006951340615690168,0.37542785014671104,6.857142857142857e-05,25.544673865934705,0.004336884301472674,0.004354981048127334,0.04376085154748823,0.041336711803479774,0.6448050388627264,0.015571154046232131
0x5g2Z8ZM7,2026,2vQ1g1db5r,NPqxKXZ59d,100.0,0.9299,0.9002,5,-0.0509,-0.0517,4,0.014,0.0135,3,0.0012,0.0,0,0.1087,0.1711,34,0.0007,-0.0047,19,5,1,4,1.9002,0.0,2026-08-22,22,1.0035999999999998,65,True,0.8927039999999999,4.800000000000001,-0.048864000000000005,3.84,0.01344,2.88,0.0011519999999999998,0.0,0.104352,32.64,0.000672,18.240000000000002,0.9634559999999999,62.400000000000006,0.96,4.800000000000001,1.8241919999999998,80.0,0.9001999999999999,0.864192,0.01786544408219076,0.04470068598514822,0.18597999999999998,4.4364391712424505,0.07263192499793221,0.05894441247768429,0.013577878462138824,0.027606333322638656,-0.012725,2.986209682571114,-0.017289594367619617,-0.017004526927664663,0.017381864589308817,0.04412957699158392,0.004666666666666667,1.199123667995272,-0.0012427865708865313,-0.0013637585958389117,0.0,0.0793013319140693,,1.6908873051404538,0.003993623084254863,0.003993623084254863,0.20471921699935186,0.26615186045015843,0.0031970588235294118,31.87872840421938,0.014311872380970122,-0.008239524586388986,0.003785614664275752,0.3597016747647554,3.6842105263157895e-05,20.662848479510796,0.003512249808030165,0.0035227035585135478,0.07591728933268121,0.03985292901056014,0.6150268466169806,0.016312775164468826
0x5g2Z8ZM7,2026,BLMvVGrlMx,NPqxKXZ59d,102.0,0.2983,0.2681,3,-0.181,-0.1818,3,-0.0058,-0.0063,2,0.0156,0.0144,2,0.0104,0.0741,33,0.0054,-0.0001,18,3,0,3,0.2681,0.0,2026-08-29,23,0.1429,61,True,0.2807529411764706,2.8235294117647056,-0.17035294117647057,2.8235294117647056,-0.005458823529411764,1.8823529411764706,0.01468235294117647,1.8823529411764706,0.009788235294117646,31.058823529411768,0.005082352941176471,16.941176470588236,0.13449411764705882,57.41176470588235,0.0,2.8235294117647056,0.25232941176470586,100.0,0.2681,0.25232941176470586,0.010796419581442509,0.04555397382726262,0.09943333333333333,4.346727819844211,0.061795266101416495,0.057752469413294795,0.010218093855726062,0.028142921531641923,-0.06033333333333333,2.9580743708398898,-0.018495825979052798,-0.016844314579300725,0.011655440824251158,0.04497247620439232,-0.0029,1.155739228418098,-0.0013381624130889445,-0.0013144176446274825,0.0022172949002217295,0.08075927219536061,0.0078,1.8402272130351027,0.004368531050348707,0.004346341625434651,0.19990170238138133,0.2700374781153283,0.00031515151515151515,31.45578231846772,-0.004523272523255432,-0.008130207971620671,0.0035870864886408927,0.3642751009820834,0.00030000000000000003,20.172413850812926,0.0034484636002130873,0.0034390918622149765,0.045254999836581114,0.039248962705395546,0.3620128363757277,0.027401511088188016
0x5g2Z8ZM7,2026,gpMOglLDMz,NPqxKXZ59d,104.0,0.7028,0.672,5,0.0128,0.0119,5,0.0046,0.0041,1,-0.0132,-0.0145,1,-0.0162,0.0487,24,0.0132,0.0076,12,5,0,5,0.672,0.2,2026-09-05,24,0.7040000000000001,48,True,0.6487384615384615,4.615384615384616,0.011815384615384615,4.615384615384616,0.0042461538461538465,0.9230769230769231,-0.012184615384615386,0.9230769230769231,-0.014953846153846153,22.153846153846153,0.012184615384615386,11.076923076923077,0.6498461538461539,44.30769230769231,0.0,4.615384615384616,0.6203076923076923,100.0,0.672,0.6203076923076923,0.01786544408219076,0.04640573869042975,0.14056,4.428520854438733,0.06890877244328965,0.05883920636219582,0.01691493085882438,0.028678917864907755,0.00256,3.009388635130496,-0.016716339824329345,-0.017136516025835328,0.005861881820464166,0.04581389016751004,0.0046,1.1124312353774535,-0.0012277510700409368,-0.001265163635759113,0.0011098779134295228,0.08221260243570114,-0.0132,1.761429236397213,0.004129809609438494,0.004160232582249474,0.1537661802406755,0.27388216495825446,-0.0006749999999999999,29.014777068009963,-0.009357663257704091,-0.007499294388066654,0.0023942537909018356,0.3687836577821413,0.0011,17.98685711990034,0.003106517113614996,0.003066487451891135,0.04884334501426877,0.04016495234667534,0.570022581456057,0.01757805771432639
0x5g2Z8ZM7,2026,Vj589JaDq8,NPqxKXZ59d,100.0,0.3982,0.3685,5,0.0237,0.0228,4,0.026,0.0255,1,0.0236,0.0224,2,0.0061,0.0685,49,0.0131,0.0077,38,5,1,4,1.3685,0.2,2026-09-09,25,0.4907,99,True,0.38227200000000006,4.800000000000001,0.022751999999999998,3.84,0.024959999999999996,0.96,0.022656,1.92,0.005856,47.04,0.012576,36.480000000000004,0.471072,95.03999999999999,0.96,4.800000000000001,1.31376,80.0,0.36850000000000005,0.35376,0.01786544408219076,0.04470068598514822,0.07964,4.4364391712424505,0.06420352762349882,0.05894441247768429,0.013577878462138824,0.027606333322638656,0.005925,2.986209682571114,-0.016533404154350118,-0.017004526927664663,0.005861881820464166,0.04412957699158392,0.026,1.1143948801714307,-0.001090123822153453,-0.0012673968812019604,0.0022172949002217295,0.0793013319140693,0.0118,1.8431458624154669,0.004391806848649114,0.004353235039031662,0.27059693373576665,0.26615186045015843,0.00012448979591836735,35.71131519470166,-0.005529481332098601,-0.009230112814665643,0.007542675664946407,0.3597016747647554,0.0003447368421052632,27.223807027219934,0.004677028844426818,0.004641247889233146,0.05011935400797258,0.04043685878241683,0.6215371401071376,0.01614466554022353
0x5g2Z8ZM7,2026,BLMvVGKlMx,NPqxKXZ59d,108.0,0.0396,0.0076,10,0.0123,0.0115,7,-0.0147,-0.0152,2,-0.0379,-0.0392,4,-0.026,0.0415,31,0.0229,0.0171,26,10,3,7,3.0076,0.1,2026-09-12,26,-0.003799999999999998,80,True,0.0352,8.88888888888889,0.010933333333333333,6.222222222222221,-0.013066666666666666,1.7777777777777777,-0.03368888888888889,3.5555555555555554,-0.02311111111111111,27.555555555555557,0.020355555555555554,23.11111111111111,-0.0033777777777777756,71.11111111111111,2.6666666666666665,8.88888888888889,2.6734222222222224,70.0,0.007600000000000051,0.0067555555555556005,0.03510374418555889,0.048104715760470984,0.00396,4.634429489783711,0.0600577187987057,0.06157499582442176,0.023521755654127043,0.02974913881707011,0.001757142857142857,3.058960188573398,-0.01688264310818367,-0.017418793864624006,0.011655440824251158,0.04749227801976034,-0.00735,1.1526898568206327,-0.0013944179576819706,-0.0013109496063934422,0.004424778761061947,0.08510551998018141,-0.009475,1.9828251655639235,0.004579285325648675,0.0046831366757347495,0.19008942954436575,0.28145130618479425,-0.0008387096774193548,30.46357605077268,-0.011233842787745446,-0.007873757719471955,0.005173099880620772,0.3776116065626405,0.0008807692307692308,22.434466519566595,0.003907170245869494,0.0038247376744884,0.03903327051661279,0.043479368984155504,1.059458846027928,0.009534983418174667
0x5g2mYrM7,2026,KXMeXE0rQ6,mKAqBBmqbg,104.0,-0.9741,-1.0049,5,-0.0518,-0.0526,3,0.008,0.0075,3,-0.1123,-0.1135,2,-0.0142,0.0507,22,0.0049,-0.0007,13,5,2,3,0.9951,0.0,2026-02-22,1,-1.1395000000000002,48,True,-0.8991692307692307,4.615384615384616,-0.04781538461538461,2.769230769230769,0.007384615384615385,2.769230769230769,-0.10366153846153844,1.8461538461538463,-0.013107692307692308,20.307692307692307,0.004523076923076923,12.0,-1.0518461538461539,44.30769230769231,1.8461538461538463,4.615384615384616,0.9185538461538462,60.0,-1.0049000000000001,-0.9276000000000001,0.01786544408219076,0.04640573869042975,-0.19482,4.428520854438733,0.042374348079696846,0.05883920636219582,0.010218093855726062,0.028678917864907755,-0.017266666666666666,2.9564429406106667,-0.01718461516493207,-0.016835024642487064,0.017381864589308817,0.04581389016751004,0.0026666666666666666,1.197010724917472,-0.0012822092472645301,-0.0013613555540494978,0.0022172949002217295,0.08221260243570114,-0.05615,1.8373177924917063,0.0041011000221476985,0.004339470008971159,0.1427819177286672,0.27388216495825446,-0.0006454545454545455,28.509148455779336,-0.008943884778768056,-0.0073686072624940865,0.002593257530420906,0.3687836577821413,0.0003769230769230769,18.32727280400693,0.00313433464141639,0.0031245231841361457,0.02219907355229628,0.04073821209627247,0.5723899186469312,0.01750662968644686
0x5g2mYrM7,2026,e7Mzyop6Qr,mKAqBBmqbg,99.0,0.0571,0.0277,1,-0.0083,-0.0091,1,0.0034,0.0029,1,0.05,0.0488,1,0.0184,0.0802,29,0.0086,0.0033,15,1,0,1,0.0277,0.0,2026-03-01,2,0.1292,48,True,0.05536969696969697,0.9696969696969697,-0.008048484848484848,0.9696969696969697,0.0032969696969696967,0.9696969696969697,0.048484848484848485,0.9696969696969697,0.017842424242424243,28.12121212121212,0.00833939393939394,14.545454545454547,0.1252848484848485,46.54545454545455,0.0,0.9696969696969697,0.026860606060606057,100.0,0.0277,0.026860606060606057,0.003624897134080235,0.04427346966994863,0.0571,4.266695779341747,0.057366765146305544,0.05668912977879986,0.0034293925216784442,0.027337816958284907,-0.0083,2.9075060984268224,-0.016582341942986863,-0.0165563610725687,0.005861881820464166,0.04370756918706364,0.0034,1.1148868750333176,-0.0012383036749361064,-0.0012679564250087543,0.0011098779134295228,0.07857062614795715,0.05,1.7684189635698921,0.004270242057682118,0.004176741273103438,0.18003349632311236,0.2641934977551204,0.0006344827586206896,30.682862483397546,-0.0029978448798679736,-0.007930435511953632,0.0029910269192422734,0.3573901965395055,0.0005733333333333334,19.351200641207647,0.003322404266504147,0.0032990874142007818,0.044140920972700864,0.038410205456573004,0.13067285044896235,0.07240026317265966
0x5g2mYrM7,2026,gjMNWrn05K,mKAqBBmqbg,102.0,0.7976,0.7674,5,-0.033,-0.0339,4,0.0242,0.0237,2,0.0151,0.0138,3,-0.0038,0.0599,34,0.0038,-0.0016,17,5,1,4,1.7674,0.0,2026-03-08,3,0.8039,65,True,0.7506823529411766,4.705882352941177,-0.031058823529411767,3.764705882352941,0.022776470588235294,1.8823529411764706,0.014211764705882354,2.8235294117647056,-0.003576470588235294,32.0,0.003576470588235294,16.0,0.7566117647058823,61.17647058823529,0.9411764705882353,4.705882352941177,1.6634352941176471,80.0,0.7674000000000001,0.7222588235294118,0.01786544408219076,0.04555397382726262,0.15952,4.432476476460234,0.07047173033004982,0.05889176243409072,0.013577878462138824,0.028142921531641923,-0.00825,2.9845618263990823,-0.01709870860984167,-0.016995143455762547,0.011655440824251158,0.04497247620439232,0.0121,1.155739228418098,-0.001136102660312552,-0.0013144176446274825,0.0033222591362126247,0.08075927219536061,0.005033333333333333,1.9162359398072069,0.004542870157578015,0.004525862877335398,0.20471921699935186,0.2700374781153283,-0.00011176470588235294,31.709935239046853,-0.007243575261848485,-0.008195897518934521,0.0033884791708192145,0.3642751009820834,0.0002235294117647059,19.82956669694744,0.003384205772167138,0.0033806416011028266,0.05292041972779227,0.0402928082932044,0.5987621654923994,0.01674847127554701
0x5g2mYrM7,2026,9vQ2GrdaMK,mKAqBBmqbg,108.0,-0.2519,-0.2839,4,0.0083,0.0074,1,0.0005,0.0,0,-0.0054,-0.0067,4,0.0335,0.101,41,0.0054,-0.0004,18,4,3,1,2.7161,0.0,2026-03-15,4,-0.2096,68,True,-0.22391111111111112,3.5555555555555554,0.007377777777777777,0.8888888888888888,0.00044444444444444447,0.0,-0.0048000000000000004,3.5555555555555554,0.029777777777777778,36.44444444444444,0.0048000000000000004,16.0,-0.18631111111111112,60.44444444444444,2.6666666666666665,3.5555555555555554,2.414311111111111,25.0,-0.28390000000000004,-0.2523555555555556,0.014343606244813343,0.048104715760470984,-0.062975,4.377871005727866,0.053377456202873146,0.05816625098985618,0.0034293925216784442,0.02974913881707011,0.0083,2.9002981148823577,-0.016376124816569818,-0.016515316282247585,0.0,0.04749227801976034,,1.0682591403410586,-0.0012149268871151572,-0.0012149268871151572,0.004424778761061947,0.08510551998018141,-0.00135,1.9828251655639235,0.0046505705224195015,0.0046831366757347495,0.23688312364197092,0.28145130618479425,0.0008170731707317074,32.965365439081964,-0.00012157285199759697,-0.008520381854335912,0.0035870864886408927,0.3776116065626405,0.00030000000000000003,19.749228428454487,0.0033761202735325736,0.0033669451398145598,0.04369152244314265,0.03996570778170684,0.4289755749207765,0.023223492570822568
0x5g2mYrM7,2026,Xj5YPz8AMb,mKAqBBmqbg,104.0,-0.9432,-0.9741,4,-0.0015,-0.0024,1,0.0071,0.0066,2,-0.2893,-0.2905,7,-0.255,-0.1901,27,0.0126,0.007,16,4,3,1,2.0259,0.5,2026-03-22,5,-1.4693,57,True,-0.870646153846154,3.6923076923076925,-0.0013846153846153845,0.9230769230769231,0.006553846153846154,1.8461538461538463,-0.2670461538461539,6.461538461538462,-0.23538461538461536,24.923076923076927,0.011630769230769231,14.76923076923077,-1.3562769230769232,52.61538461538462,2.769230769230769,3.6923076923076925,1.8700615384615384,25.0,-0.9741,-0.8991692307692307,0.014343606244813343,0.04640573869042975,-0.2358,4.38568478795526,0.04260090417933797,0.058270068214626845,0.0034293925216784442,0.028678917864907755,-0.0015,2.903497246090837,-0.01649176913143667,-0.016533533259138797,0.011655440824251158,0.04581389016751004,0.00355,1.1547209801474627,-0.0012501742991221816,-0.0013132595949043055,0.007717750826901874,0.08221260243570114,-0.04132857142857143,2.2167605729641733,0.0044881836764752905,0.005235657142579581,0.16972471267568665,0.27388216495825446,-0.009444444444444445,29.773219986355898,-0.054114388533017914,-0.007695325076425504,0.003189792663476874,0.3687836577821413,0.0007875,19.348519856326707,0.003336711175148645,0.003298630380871178,-0.021430532932614862,0.041262237807609,0.4718163083284009,0.021159427212470196
0x5g2mYrM7,2026,jYQJJy1yQG,mKAqBBmqbg,99.0,0.7356,0.7063,4,-0.2123,-0.2131,4,0.0281,0.0276,3,-0.0378,-0.039,3,0.0146,0.0764,33,0.0062,0.0009,15,4,0,4,0.7063,0.75,2026-04-04,6,0.5344,62,True,0.713309090909091,3.878787878787879,-0.20586666666666667,3.878787878787879,0.027248484848484848,2.909090909090909,-0.036654545454545454,2.909090909090909,0.014157575757575758,32.0,0.006012121212121212,14.545454545454547,0.5182060606060606,60.121212121212125,0.0,3.878787878787879,0.6848969696969698,100.0,0.7063,0.6848969696969698,0.014343606244813343,0.04427346966994863,0.1839,4.395491327472507,0.06915706976144063,0.058400362057948366,0.013577878462138824,0.027337816958284907,-0.053075,2.9870342932145606,-0.018930867408520135,-0.0170092225503375,0.017381864589308817,0.04370756918706364,0.009366666666666667,1.1996530698203502,-0.0011453298755680107,-0.0013643606824367107,0.0033222591362126247,0.07857062614795715,-0.0126,1.9207983597356273,0.0044411612294052135,0.004536638631278794,0.19990170238138133,0.2641934977551204,0.00044242424242424243,31.707613020144677,-0.0037527790305364986,-0.008195297307423672,0.0029910269192422734,0.3573901965395055,0.0004133333333333333,19.351200641207647,0.0033131434725781447,0.0032990874142007818,0.05308239814879935,0.039667207563230056,0.5125248712223907,0.019511579011228686
0x5g2mYrM7,2026,raMyNnAA5d,mKAqBBmqbg,104.0,0.5078,0.4769,5,-0.047,-0.0479,4,-0.0081,-0.0086,1,0.0137,0.0124,5,0.0047,0.0696,30,0.0102,0.0046,14,5,1,4,1.4769,0.0,2026-04-12,7,0.4813,59,True,0.4687384615384616,4.615384615384616,-0.04338461538461538,3.6923076923076925,-0.007476923076923076,0.9230769230769231,0.012646153846153847,4.615384615384616,0.004338461538461538,27.69230769230769,0.009415384615384617,12.923076923076923,0.44427692307692307,54.46153846153846,0.9230769230769231,4.615384615384616,1.3632923076923078,80.0,0.4769000000000001,0.4402153846153847,0.01786544408219076,0.04640573869042975,0.10156000000000001,4.428520854438733,0.0658231902673098,0.05883920636219582,0.013577878462138824,0.028678917864907755,-0.01175,2.9829157878705814,-0.01723103420833655,-0.016985770334161196,0.005861881820464166,0.04581389016751004,-0.0081,1.1124312353774535,-0.0013105670135676666,-0.001265163635759113,0.0055248618784530384,0.08221260243570114,0.0027400000000000002,2.0649834607751867,0.004881496501254377,0.004877182289136213,0.1850924842280916,0.27388216495825446,0.00015666666666666666,30.531662904701832,-0.005545373379924883,-0.007891355764784353,0.002792181890706023,0.3687836577821413,0.0007285714285714286,18.667688488113523,0.0032116483854177378,0.003182558916381156,0.04982936055215282,0.040756657833008525,0.5803637435584298,0.017270253855252236
0x5g2mYrM7,2026,4JMA1n96MK,mKAqBBmqbg,107.0,-0.5559,-0.5876,4,0.0424,0.0416,2,0.0005,0.0,0,-0.0128,-0.0141,4,-0.0081,0.0587,27,0.0091,0.0033,13,4,2,2,1.4124,0.0,2026-04-19,8,-0.5248,50,True,-0.4987514018691589,3.5887850467289715,0.0380411214953271,1.7943925233644857,0.0004485981308411215,0.0,-0.01148411214953271,3.5887850467289715,-0.007267289719626168,24.22429906542056,0.008164485981308412,11.663551401869158,-0.4708485981308412,44.85981308411215,1.7943925233644857,3.5887850467289715,1.2672,50.0,-0.5875999999999999,-0.5271925233644859,0.014343606244813343,0.04768053930704691,-0.138975,4.379821839845341,0.04862673643359546,0.05819217059935772,0.00683534396587721,0.029481804738224416,0.0212,2.9275482015886674,-0.016132310392423167,-0.016670487848357996,0.0,0.04707323484510101,,1.068729106821327,-0.0012154613781308284,-0.0012154613781308284,0.004424778761061947,0.08438400168723158,-0.0032,1.9843888919388433,0.0046379942361951965,0.004686829963708084,0.16972471267568665,0.27957385359298004,-0.0003,29.539842028072055,-0.007843248432103328,-0.007635005122604934,0.002593257530420906,0.37542785014671104,0.0007,18.134359664908033,0.0031165359489481585,0.003091634407825291,0.031190246416081494,0.04044968062179734,0.4372171548499297,0.022795706951475266
0x5g2mYrM7,2026,eVq36lj65W,mKAqBBmqbg,101.0,1.0669,1.0369,4,-0.0381,-0.0389,3,0.0005,0.0,0,0.0022,0.0009,2,0.0521,0.1152,35,0.0034,-0.002,18,4,1,3,2.0369,0.25,2026-04-23,9,1.087,62,True,1.0140831683168317,3.801980198019802,-0.036213861386138614,2.8514851485148514,0.00047524752475247524,0.0,0.002091089108910891,1.900990099009901,0.04952079207920792,33.26732673267327,0.0032316831683168318,17.10891089108911,1.0331881188118812,58.930693069306926,0.9504950495049505,3.801980198019802,1.9360633663366338,75.0,1.0369000000000002,0.9855683168316833,0.014343606244813343,0.04512752053375302,0.266725,4.391563453707428,0.07431248774646235,0.0583481746611573,0.010218093855726062,0.027874701472863753,-0.012700000000000001,2.958890761335154,-0.0170607737427888,-0.01684896339356224,0.0,0.044551212499878944,,1.0715576124179291,-0.0012186782263373136,-0.0012186782263373136,0.0022172949002217295,0.08003087967968145,0.0011,1.841685381378367,0.004344632759248499,0.004349785601114571,0.2094790648483472,0.2680998263788889,0.0014885714285714285,32.048935352556235,0.003445351212467591,-0.008283517066823374,0.0035870864886408927,0.3619965837381058,0.00018888888888888888,20.24471429536486,0.0034527544855036878,0.003451417995930653,0.067275774234556,0.039798219571479596,0.4865319218843524,0.0205325811017754
0x5g2mYrM7,2026,raMyNnmA5d,mKAqBBmqbg,98.0,0.7976,0.7686,6,-0.474,-0.4748,4,0.0019,0.0014,2,0.0157,0.0145,3,-0.0064,0.0548,24,0.0071,0.0018,10,6,2,4,2.7686,0.3333,2026-04-26,10,0.3419,49,True,0.7813224489795918,5.877551020408163,-0.4643265306122448,3.9183673469387754,0.0018612244897959185,1.9591836734693877,0.015379591836734693,2.9387755102040813,-0.006269387755102041,23.51020408163265,0.006955102040816326,9.795918367346939,0.33492244897959184,48.0,1.9591836734693877,5.877551020408163,2.712097959183674,66.66666666666666,0.7686000000000002,0.7529142857142859,0.021362203846968835,0.04384587107573929,0.13293333333333332,4.4833600151521065,0.07102693970068134,0.05956782271063407,0.013577878462138824,0.027069152256985234,-0.1185,2.987859359399049,-0.02159030958108226,-0.01701392076702105,0.011655440824251158,0.043285188593004446,0.00095,1.1577811219065228,-0.0012885729713387353,-0.0013167398820004485,0.0033222591362126247,0.07783875962203923,0.005233333333333333,1.9223239981214013,0.0045585805667482555,0.004540241961114632,0.1537661802406755,0.2622246548359651,-0.0002666666666666667,29.48059685791617,-0.00765687302632811,-0.007619692340051801,0.001996007984031936,0.35506196896711517,0.00071,17.682232583017132,0.003033595149599922,0.0030145535696312373,0.04808335983828042,0.04117226525230664,0.7739026154336778,0.01300745850901681
0x5g2mYrM7,2026,9vQ2Grj1MK,mKAqBBmqbg,97.0,0.0288,0.0,0,0.0008,0.0,0,0.0202,0.0197,3,-0.0128,-0.0139,2,0.0139,0.0744,43,0.0,-0.0052,23,0,0,0,0.0,0.0,2026-05-02,11,0.0509,71,True,0.02850309278350515,0.0,0.0007917525773195877,0.0,0.01999175257731959,2.9690721649484537,-0.012668041237113403,1.9793814432989691,0.013756701030927835,42.55670103092783,0.0,22.76288659793814,0.050375257731958764,70.2680412371134,0.0,0.0,0.0,,0.0,0.0,0.0,0.04341788968918779,,4.227545103498525,0.056168957294379956,0.056168957294379956,0.0,0.02680033909578664,,2.8825886937415266,-0.016414472617309984,-0.016414472617309984,0.017381864589308817,0.04286243471522076,0.006733333333333333,1.2007132770654243,-0.001201301414456926,-0.0013655664519352459,0.0022172949002217295,0.07710572956823622,-0.0064,1.8475412368408963,0.004327722952313325,0.004363616256464648,0.24560041776461078,0.2602452473392331,0.00032325581395348837,34.453375377171405,-0.00398259885412067,-0.008904979831840444,0.004578936890304599,0.352716809332854,0.0,22.284576899573473,0.0037817875356613664,0.003799183758325409,0.04268009489646706,0.03764673840808434,0.012206351531659018,0.455207917428333
0x5g2mYrM7,2026,e7MzyomXQr,mKAqBBmqbg,101.0,-0.1573,-0.1872,2,0.0026,0.0018,1,0.0028,0.0023,3,0.0382,0.0369,5,-0.0041,0.0589,35,0.0053,-0.0001,12,2,1,1,0.8128,0.0,2026-05-10,12,-0.11250000000000002,58,True,-0.1495128712871287,1.900990099009901,0.002471287128712871,0.9504950495049505,0.0026613861386138612,2.8514851485148514,0.036308910891089105,4.752475247524753,-0.0038970297029702976,33.26732673267327,0.005037623762376237,11.405940594059405,-0.10693069306930694,55.12871287128712,0.9504950495049505,1.900990099009901,0.7725623762376237,50.0,-0.18720000000000003,-0.17793267326732676,0.007223609427050639,0.04512752053375302,-0.07865,4.305776483979898,0.05434885123274506,0.057208372596111966,0.0034293925216784442,0.027874701472863753,0.0026,2.9059012298223834,-0.01646456522880832,-0.01654722238697712,0.017381864589308817,0.044551212499878944,0.0009333333333333333,1.1985947332096631,-0.0013200179387195634,-0.0013631570404032509,0.0055248618784530384,0.08003087967968145,0.007639999999999999,2.0698922462075577,0.004949136331239928,0.004888776106630007,0.2094790648483472,0.2680998263788889,-0.00011714285714285715,32.048935352556235,-0.0073347417188344135,-0.008283517066823374,0.0023942537909018356,0.3619965837381058,0.00044166666666666665,18.18025853068022,0.0031112635127602695,0.003099459471148373,0.03728992619038296,0.0390027116796866,0.25740208120806063,0.038113317326358656
0x5g2mYrM7,2026,KAqBroVBqb,mKAqBBmqbg,108.0,-0.5874,-0.6194,5,0.0649,0.064,3,0.0015,0.001,1,0.0013,0.0,0,0.0109,0.0783,36,0.0082,0.0024,20,6,2,3,1.3806,0.3333,2026-05-14,13,-0.5006000000000002,65,True,-0.5221333333333333,4.444444444444445,0.05768888888888889,2.6666666666666665,0.0013333333333333335,0.8888888888888888,0.0011555555555555555,0.0,0.00968888888888889,32.0,0.007288888888888889,17.77777777777778,-0.4449777777777779,57.77777777777778,1.7777777777777777,5.333333333333333,1.2272,50.0,-0.6194,-0.5505777777777777,0.01786544408219076,0.048104715760470984,-0.11748,4.420630753070507,0.04840689651059051,0.058734375128950446,0.010218093855726062,0.02974913881707011,0.021633333333333334,2.953185472779371,-0.015991837278602532,-0.016816475476373056,0.005861881820464166,0.04749227801976034,0.0015,1.1104744985808457,-0.0012457708465923017,-0.0012629382467542996,0.0,0.08510551998018141,,1.6802277611899452,0.003968446834685206,0.003968446834685206,0.21418227519501587,0.28145130618479425,0.0003027777777777778,31.714470744927322,-0.0043847309311730275,-0.008197069786903932,0.00398406374501992,0.3776116065626405,0.00041000000000000005,20.420537951232514,0.003500879437971157,0.0034813932734830202,0.03425388372687901,0.03990773172708738,0.5251870826145004,0.019050118269280474
0x5gP9Jjq7,2026,Pk5L3DkmMO,0KPqjA456v,24.0,0.792,0.7849,2,-0.0444,-0.0446,2,0.0001,0.0,0,0.0377,0.0374,2,0.0086,0.0236,10,-0.0005,-0.0018,3,2,0,2,0.7849,0.5,2026-04-26,10,0.7935000000000001,19,True,3.168,8.0,-0.1776,8.0,0.0004,0.0,0.1508,8.0,0.0344,40.0,-0.002,12.0,3.1740000000000004,76.0,0.0,8.0,3.1395999999999997,100.0,0.7849,3.1395999999999997,0.007223609427050639,0.011105444589851238,0.396,4.4591911625737515,0.07157446633337484,0.059246705084424874,0.00683534396587721,0.006767507815589019,-0.0222,2.9960654117047296,-0.017398670363337528,-0.01706064891146991,0.0,0.010958634402424287,,1.1092324551222188,-0.0012615256756506538,-0.0012615256756506538,0.0022172949002217295,0.020252944627313817,0.01885,1.9613547775387496,0.004704132173611973,0.004632426828316431,0.0703823204324124,0.08007330803692116,0.00086,32.27503575724023,-0.005801260766473383,-0.008341956030252659,0.0005996402158704777,0.11880708307926068,-0.00016666666666666666,20.833022222976258,0.0035475038068354795,0.003551715611341878,0.05536464550836073,0.04076671690670996,4.3556668051656295,0.0023361164805491635
2vQ1LyOKqr,2026,Pk5L3DeYMO,0KPqjA456v,103.0,-1.5554,-1.5859,8,0.0473,0.0464,4,0.0005,0.0,0,0.0115,0.0103,4,0.0019,0.0662,37,0.0058,0.0003,25,8,4,4,2.4141,0.375,2026-07-23,17,-1.4884,78,True,-1.4496932038834949,7.45631067961165,0.044085436893203885,3.728155339805825,0.00046601941747572817,0.0,0.010718446601941748,3.728155339805825,0.0017708737864077669,34.48543689320388,0.0054058252427184456,23.300970873786408,-1.3872466019417475,72.69902912621359,3.728155339805825,7.45631067961165,2.2500349514563105,50.0,-1.5859,-1.4781203883495146,0.028281553028987088,0.045980046376263226,-0.194425,4.559063349105036,0.03379188002435597,0.0605736493139565,0.013577878462138824,0.028410993621519526,0.011825,2.983738580117404,-0.016280696930383334,-0.01699045560224489,0.0,0.045393368596699575,,1.0706131151427236,-0.0012176040533289855,-0.0012176040533289855,0.004424778761061947,0.08148651220296954,0.002875,1.990668539692568,0.0047061815110653465,0.004701661553107343,0.21882985295635568,0.27196489736136725,5.135135135135135e-05,32.38665272601239,-0.006175087454115063,-0.008370805071745,0.004975124378109453,0.36653740149227726,0.00023199999999999997,22.492017633804252,0.0038414328463937425,0.003834549270170498,0.01866610594398768,0.042530995409915465,0.9320163419702336,0.010824669424868639
2vQ1LyOKqr,2026,KPqj3zKYQ6,0KPqjA456v,102.0,0.1715,0.1412,2,0.0034,0.0026,1,0.0005,0.0,0,0.0053,0.0041,1,0.012,0.0756,30,-0.013,-0.0185,26,2,1,1,1.1412,0.0,2026-07-26,18,0.1797,60,True,0.16141176470588237,1.8823529411764706,0.0031999999999999997,0.9411764705882353,0.00047058823529411766,0.0,0.004988235294117647,0.9411764705882353,0.011294117647058824,28.235294117647058,-0.01223529411764706,24.470588235294116,0.16912941176470586,56.470588235294116,0.9411764705882353,1.8823529411764706,1.074070588235294,50.0,0.1412,0.13289411764705883,0.007223609427050639,0.04555397382726262,0.08575,4.303853491536199,0.059435668857399655,0.05718282290289682,0.0034293925216784442,0.028142921531641923,0.0034,2.905099459721505,-0.016452052293137554,-0.016542656826377088,0.0,0.04497247620439232,,1.0710851555627712,-0.0012181409030281492,-0.0012181409030281492,0.0011098779134295228,0.08075927219536061,0.0053,1.7642184862629986,0.004172573467433637,0.004166820373533903,0.1850924842280916,0.2700374781153283,0.0004,30.69332355673032,-0.004192333460888509,-0.007933139329679123,0.005173099880620772,0.3642751009820834,-0.0005,22.915191081736847,0.0038272129469753913,0.003906693951112179,0.04557292861475447,0.039562400168458536,0.23986049718342958,0.0407869510313263
2vQ1LyOKqr,2026,kRQalzojqK,0KPqjA456v,101.0,-1.4873,-1.5172,11,-0.1123,-0.1131,7,-0.0014,-0.0019,1,0.0612,0.06,3,-0.0411,0.022,41,0.0728,0.0674,28,11,4,7,2.4828,0.0,2026-08-02,19,-1.5081000000000002,91,True,-1.413671287128713,10.455445544554456,-0.10674059405940595,6.653465346534654,-0.0013306930693069306,0.9504950495049505,0.05817029702970297,2.8514851485148514,-0.03906534653465346,38.97029702970298,0.0691960396039604,26.613861386138616,-1.433441584158416,86.4950495049505,3.801980198019802,10.455445544554456,2.3598891089108913,63.63636363636363,-1.5171999999999999,-1.4420910891089107,0.03847904275677089,0.04512752053375302,-0.13520909090909092,4.691817847753785,0.03552859764154861,0.062337481888815986,0.023521755654127043,0.027874701472863753,-0.016042857142857143,3.0648698243606955,-0.018198480775624314,-0.017452445406732485,0.005861881820464166,0.044551212499878944,-0.0014,1.113903319348507,-0.0012685531748392134,-0.0012668378310259595,0.0033222591362126247,0.08003087967968145,0.020399999999999998,1.9177543363214304,0.0046443751473318005,0.004529449102953049,0.23688312364197092,0.2680998263788889,-0.0010024390243902439,33.57790069903386,-0.014596300965357037,-0.008678700569888438,0.005568814638027049,0.3619965837381058,0.0026000000000000003,23.6854739031726,0.004358468613031669,0.004038015537234453,0.010468106486091509,0.0435069627213566,1.3269515992518164,0.00762754035166529
2vQ1LyOKqr,2026,eVq36lyX5W,0KPqjA456v,98.0,0.579,0.55,7,0.0784,0.0776,4,-0.0055,-0.006,1,-0.0213,-0.0225,6,0.0174,0.0786,40,-0.0045,-0.0098,33,7,3,4,3.55,0.1429,2026-08-16,20,0.6435000000000001,91,True,0.5671836734693877,6.857142857142857,0.0768,3.9183673469387754,-0.005387755102040816,0.9795918367346939,-0.020865306122448978,5.877551020408163,0.017044897959183673,39.183673469387756,-0.004408163265306122,32.326530612244895,0.6303673469387756,89.14285714285714,2.9387755102040813,6.857142857142857,3.477551020408163,57.14285714285714,0.5499999999999998,0.5387755102040814,0.024834152450295324,0.04384587107573929,0.08271428571428571,4.5263110725324225,0.06794267320071505,0.060138488676030145,0.013577878462138824,0.027069152256985234,0.0196,2.987859359399049,-0.015987759510301847,-0.01701392076702105,0.005861881820464166,0.043285188593004446,-0.0055,1.1153793045092941,-0.0012970407886805598,-0.0012685164631004303,0.006622516556291391,0.07783875962203923,-0.0035499999999999998,2.1510746386433124,0.004996299354727449,0.00508051678354019,0.23244848951122227,0.2622246548359651,0.00043499999999999995,33.59056695820232,-0.0032673492267331866,-0.008681974350213447,0.0065567256109676135,0.35506196896711517,-0.00013636363636363634,25.681996128725196,0.004326722256306639,0.004378392419714116,0.056713545286033555,0.04263298629894953,0.9112088122512233,0.011069115571134115
2vQ1LyOKqr,2026,raMyNnel5d,0KPqjA456v,98.0,0.7942,0.7652,7,-0.0563,-0.0571,6,0.0005,0.0,0,-0.0043,-0.0055,1,0.0004,0.0616,25,0.0024,-0.0028,14,7,1,6,1.7652,0.0,2026-08-20,21,0.7368999999999999,53,True,0.7779918367346939,6.857142857142857,-0.055151020408163276,5.877551020408163,0.0004897959183673469,0.0,-0.004212244897959183,0.9795918367346939,0.0003918367346938776,24.48979591836735,0.002351020408163265,13.714285714285714,0.7218612244897958,51.91836734693878,0.9795918367346939,6.857142857142857,1.7291755102040818,85.71428571428571,0.7652000000000001,0.7495836734693878,0.024834152450295324,0.04384587107573929,0.11345714285714285,4.5263110725324225,0.07139838859365498,0.060138488676030145,0.020229480976184842,0.027069152256985234,-0.009383333333333334,3.040892800555591,-0.017542842061360284,-0.017315911810542376,0.0,0.043285188593004446,,1.0729774871120652,-0.0012202930442004117,-0.0012202930442004117,0.0011098779134295228,0.07783875962203923,-0.0043,1.769823571106794,0.004166972952488429,0.00418005874616426,0.15915342051963938,0.2622246548359651,1.6e-05,29.737469989184053,-0.006387093131931198,-0.007686084965686904,0.002792181890706023,0.35506196896711517,0.00017142857142857143,19.073495808357663,0.0032517931919136952,0.003251742934863042,0.05366692650056521,0.04134800053662776,0.8948139306603038,0.011269639562090492
2vQ1LyOKqr,2026,kRQalzWkqK,0KPqjA456v,98.0,-2.1067,-2.1358,6,-0.0184,-0.0192,1,0.0005,0.0,0,-0.0022,-0.0034,1,-0.0219,0.0393,30,0.0024,-0.0029,26,7,5,1,2.8642,0.2857,2026-08-23,22,-2.1463,64,True,-2.0637061224489797,5.877551020408163,-0.018024489795918367,0.9795918367346939,0.0004897959183673469,0.0,-0.0021551020408163268,0.9795918367346939,-0.021453061224489797,29.387755102040817,0.002351020408163265,25.46938775510204,-2.1024979591836734,62.69387755102041,4.8979591836734695,6.857142857142857,2.8057469387755103,14.285714285714285,-2.1358,-2.092212244897959,0.021362203846968835,0.04384587107573929,-0.3511166666666667,4.4833600151521065,0.024667316905647354,0.05956782271063407,0.0034293925216784442,0.027069152256985234,-0.0184,2.9083091976642352,-0.016687656959998454,-0.01656093420173906,0.0,0.043285188593004446,,1.0729774871120652,-0.0012202930442004117,-0.0012202930442004117,0.0011098779134295228,0.07783875962203923,-0.0022,1.769823571106794,0.0041710979574821295,0.00418005874616426,0.1850924842280916,0.2622246548359651,-0.00073,31.021835645523474,-0.010725560949719324,-0.008018048093862418,0.005173099880620772,0.35506196896711517,9.23076923076923e-05,23.247285484379262,0.003953909398717628,0.0039633110305584566,0.004158813307928922,0.041911917147554906,0.7646360238738252,0.013163020370378668
2vQ1LyOKqr,2026,Xj5YPzyyMb,0KPqjA456v,104.0,0.0308,0.0,0,0.0008,0.0,0,0.0022,0.0017,1,0.0373,0.036,4,-0.0262,0.0387,25,0.0216,0.016,26,0,0,0,0.0,0.0,2026-08-30,23,0.0665,56,True,0.02843076923076923,0.0,0.0007384615384615384,0.0,0.002030769230769231,0.9230769230769231,0.03443076923076923,3.6923076923076925,-0.024184615384615388,23.076923076923077,0.01993846153846154,24.0,0.061384615384615385,51.69230769230769,0.0,0.0,0.0,,0.0,0.0,0.0,0.04640573869042975,,4.214340522021365,0.05599351562435093,0.05599351562435093,0.0,0.028678917864907755,,2.877024398830922,-0.016382787567464665,-0.016382787567464665,0.005861881820464166,0.04581389016751004,0.0022,1.1124312353774535,-0.0012434013270853582,-0.001265163635759113,0.004424778761061947,0.08221260243570114,0.009325,1.9890949046806932,0.004759229663846975,0.004697944862414528,0.15915342051963938,0.27388216495825446,-0.001048,29.267591374125274,-0.011242323012868177,-0.007564637950852937,0.005173099880620772,0.3687836577821413,0.0008307692307692308,22.752676697392626,0.003956704403754498,0.003878987703321285,0.03584093778453421,0.03935785903601003,0.014520709297556495,0.4125898324490175
2vQ1LyOKqr,2026,EGMPG8rxQa,0KPqjA456v,105.0,0.1173,0.0862,3,0.0157,0.0148,2,-0.0004,-0.0009,2,-0.0035,-0.0047,3,-0.0033,0.0622,44,0.0043,-0.0013,22,3,1,2,1.0862,0.0,2026-09-06,24,0.1301,76,True,0.10724571428571428,2.742857142857143,0.014354285714285714,1.8285714285714287,-0.00036571428571428573,1.8285714285714287,-0.0032,2.742857142857143,-0.003017142857142857,40.22857142857143,0.003931428571428572,20.114285714285714,0.11894857142857143,69.48571428571428,0.9142857142857144,2.742857142857143,0.9930971428571429,66.66666666666666,0.08620000000000005,0.07881142857142863,0.010796419581442509,0.04683105127852783,0.0391,4.340911767460641,0.05888498178920338,0.05767519487453606,0.00683534396587721,0.028946694384082813,0.00785,2.929162350980783,-0.016408496653421457,-0.01667967938201476,0.011655440824251158,0.04623404140666874,-0.0002,1.154212528551184,-0.0013000720264634844,-0.0013126813349187006,0.0033222591362126247,0.08293754561811274,-0.0011666666666666668,1.911695142502269,0.004492728062589566,0.004515138192796818,0.24988480393958798,0.2757893608978995,-7.5e-05,33.98157331657934,-0.00722514943577913,-0.008783035674317438,0.004380724810832338,0.37101403992684695,0.00019545454545454545,21.31542951803493,0.0036362903603060297,0.003633958768505866,0.042080282096434905,0.03904889544458784,0.3439706514986317,0.028797403953466996
2vQ1LyOKqr,2026,4JMA1n82MK,0KPqjA456v,108.0,0.3691,0.337,6,0.0626,0.0618,4,0.0063,0.0057,2,0.0578,0.0565,2,0.0348,0.1022,45,-0.0014,-0.0072,37,6,2,4,2.337,0.0,2026-09-10,25,0.5292,96,True,0.3280888888888889,5.333333333333333,0.055644444444444455,3.5555555555555554,0.0056,1.7777777777777777,0.05137777777777778,1.7777777777777777,0.030933333333333334,40.0,-0.0012444444444444443,32.88888888888889,0.4704,85.33333333333333,1.7777777777777777,5.333333333333333,2.0773333333333337,66.66666666666666,0.3370000000000002,0.29955555555555574,0.021362203846968835,0.048104715760470984,0.061516666666666664,4.463390500413148,0.06390114957069266,0.059302499268044706,0.013577878462138824,0.02974913881707011,0.01565,2.979629151727878,-0.016103525746907297,-0.016967055073435794,0.011655440824251158,0.04749227801976034,0.00315,1.1526898568206327,-0.0012533493193256527,-0.0013109496063934422,0.0022172949002217295,0.08510551998018141,0.0289,1.8315264633769344,0.00443356409010218,0.004325791755209978,0.254120801152466,0.28145130618479425,0.0007733333333333332,33.966081194405675,0.00012692021698121396,-0.008779031508281493,0.007345642247369466,0.3776116065626405,-3.7837837837837835e-05,26.12666889484575,0.004414221701781193,0.004454202409664931,0.0555189805133243,0.04102545724480889,0.6372921601010422,0.015751827032613026
2vQ1LyOKqr,2026,NWMWkzjDMl,0KPqjA456v,97.0,1.4726,1.4438,5,0.1049,0.1041,5,0.0053,0.0048,2,0.0106,0.0094,4,-0.0046,0.056,25,0.0102,0.005,14,5,0,5,1.4438,0.2,2026-09-13,26,1.599,55,True,1.4574185567010307,4.948453608247423,0.1038185567010309,4.948453608247423,0.0052453608247422685,1.9793814432989691,0.010490721649484537,3.9587628865979383,-0.004552577319587629,24.74226804123711,0.010094845360824743,13.855670103092782,1.5825154639175256,54.43298969072165,0.0,4.948453608247423,1.4289154639175257,100.0,1.4438,1.4289154639175257,0.01786544408219076,0.04341788968918779,0.29452,4.442396516393475,0.08134377575273197,0.059023564292078626,0.01691493085882438,0.02680033909578664,0.02098,3.0152089284423265,-0.0158092122081571,-0.017169658820504294,0.011655440824251158,0.04286243471522076,0.00265,1.1582927231204634,-0.0012661916660603114,-0.001317321724033739,0.004424778761061947,0.07710572956823622,0.00265,2.000162887120292,0.004726635985604401,0.00472408578264767,0.15915342051963938,0.2602452473392331,-0.000184,29.81725385756115,-0.007353332912399275,-0.007706706275820569,0.002792181890706023,0.352716809332854,0.0007285714285714286,19.142851917474648,0.0032933970101437673,0.003263567103860522,0.06493507196186345,0.040817530358228216,0.6657871748963231,0.015087836484924495
4JMAaogDMK,2026,xW5pOJrlMg,YgOMngl5wN,52.0,0.6669,0.6514,3,0.0258,0.0254,3,0.0022,0.002,1,-0.0455,-0.0461,1,-0.0017,0.0308,15,0.0072,0.0044,7,3,0,3,0.6514,0.0,2026-04-18,8,0.6549,30,True,1.2312,5.538461538461538,0.047630769230769227,5.538461538461538,0.004061538461538462,1.8461538461538463,-0.084,1.8461538461538463,-0.0031384615384615388,27.69230769230769,0.01329230769230769,12.923076923076923,1.2090461538461539,55.38461538461538,0.0,5.538461538461538,1.2025846153846154,100.0,0.6514,1.2025846153846154,0.010796419581442509,0.02375403102347474,0.22230000000000003,4.446008884731884,0.06910441567766791,0.05907155974995411,0.010218093855726062,0.014548070390362934,0.0086,2.9994534806157622,-0.016641838522239022,-0.017079941766009462,0.005861881820464166,0.023443974930021958,0.0022,1.1385110453710159,-0.0012725515966255034,-0.0012948241003182253,0.0011098779134295228,0.04286846526372835,-0.0455,1.8369390044322225,0.00424099567887895,0.004338575368190667,0.10198452682552747,0.1586694485151593,-0.00011333333333333333,30.982181830391053,-0.007549227084628666,-0.00800779898415563,0.0013980427401637707,0.22607893768445828,0.0010285714285714286,19.96642416814685,0.003427926286744581,0.0034039737327438923,0.051309720439798256,0.04043154400040535,1.373591169869613,0.007370460072777229
4JMAk3z9qK,2026,KPqj3zLRQ6,APk5LGOMOW,99.0,-1.6995,-1.7288,7,-0.0533,-0.0541,2,0.0079,0.0074,1,0.0821,0.0809,5,-0.0204,0.0414,27,-0.0045,-0.0098,22,7,5,2,3.2712,0.1429,2026-02-22,1,-1.6876999999999998,64,True,-1.6480000000000001,6.787878787878787,-0.051684848484848486,1.9393939393939394,0.007660606060606061,0.9696969696969697,0.07961212121212122,4.848484848484849,-0.01978181818181818,26.18181818181818,-0.004363636363636363,21.333333333333332,-1.6365575757575757,62.06060606060606,4.848484848484849,6.787878787878787,3.1720727272727274,28.57142857142857,-1.7288000000000001,-1.6764121212121212,0.024834152450295324,0.04427346966994863,-0.2427857142857143,4.5242868756032655,0.03134014061345277,0.06011159433709686,0.00683534396587721,0.027337816958284907,-0.02665,2.9340154966894016,-0.01712758054089116,-0.016707314898491633,0.005861881820464166,0.04370756918706364,0.0079,1.1148868750333176,-0.0012088946669652628,-0.0012679564250087543,0.0055248618784530384,0.07857062614795715,0.01642,2.073177755901362,0.005057558325158272,0.004896535989454149,0.16972471267568665,0.2641934977551204,-0.0007555555555555556,30.17048721502398,-0.01034344668409522,-0.007798004614218612,0.004380724810832338,0.3573901965395055,-0.00020454545454545454,21.777121975293987,0.0036768926214056,0.003712670358717549,0.011394669668064997,0.042947524747549565,0.8864208307417455,0.011375132647966904
4JMAk3z9qK,2026,4wM4O8xpQj,APk5LGOMOW,105.0,1.6175,1.5864,10,0.1385,0.1377,7,0.0,-0.0005,1,-0.4238,-0.4251,3,0.0032,0.0688,35,-0.2217,-0.2274,31,11,3,7,4.5864,0.1818,2026-02-28,2,1.1137000000000001,87,True,1.4788571428571426,9.142857142857142,0.12662857142857145,6.4,0.0,0.9142857142857144,-0.3874742857142857,2.742857142857143,0.002925714285714286,32.0,-0.20269714285714285,28.34285714285714,1.0182400000000003,79.54285714285714,2.742857142857143,10.057142857142857,4.193280000000001,63.63636363636363,1.5864000000000003,1.4504228571428575,0.03510374418555889,0.04683105127852783,0.16175,4.64063049564322,0.08584262200721482,0.06165738501833401,0.023521755654127043,0.028946694384082813,0.01978571428571429,3.06149009673659,-0.015598339200551824,-0.017433200050410824,0.005861881820464166,0.04623404140666874,0.0,1.1119414049793725,-0.0012571935794219087,-0.0012646065535884285,0.0033222591362126247,0.08293754561811274,-0.14126666666666668,1.911695142502269,0.0036029324165278787,0.004515138192796818,0.2094790648483472,0.2757893608978995,9.142857142857143e-05,31.712220861190918,-0.005872131333760215,-0.008196488271476857,0.006161796859471278,0.37101403992684695,-0.0071516129032258065,24.36834504657584,0.00305500132500388,0.004154434752584077,0.06977289163501264,0.043432663088238795,1.1179727354058056,0.009040440909576815
4JMAk3z9qK,2026,7vQ7RXa2qD,APk5LGOMOW,103.0,0.5165,0.486,4,0.0667,0.0659,4,0.0214,0.0209,2,-0.0076,-0.0088,2,-0.0464,0.0179,35,0.0024,-0.0031,11,4,0,4,0.486,0.0,2026-03-08,3,0.5529999999999998,58,True,0.4813980582524271,3.728155339805825,0.06216699029126213,3.728155339805825,0.019945631067961163,1.8640776699029125,-0.0070834951456310675,1.8640776699029125,-0.043246601941747564,32.62135922330097,0.002236893203883495,10.252427184466018,0.5154174757281552,54.05825242718446,0.0,3.728155339805825,0.45297087378640777,100.0,0.486,0.45297087378640777,0.014343606244813343,0.045980046376263226,0.129125,4.38764259368285,0.0655863369396645,0.05829608045189729,0.013577878462138824,0.028410993621519526,0.016675,2.983738580117404,-0.016084209657335733,-0.01699045560224489,0.011655440824251158,0.045393368596699575,0.0107,1.1552298799055034,-0.0011544525647824782,-0.001313838364582506,0.0022172949002217295,0.08148651220296954,-0.0038,1.8387713518967415,0.00431778062843754,0.004342903099027863,0.2094790648483472,0.27196489736136725,-0.0013257142857142855,31.879689033843633,-0.01536700191633645,-0.008239772875194834,0.002195170624625823,0.36653740149227726,0.00021818181818181816,17.709238336662303,0.00302101185104178,0.0030191576427124737,0.04031946528068916,0.0391140743516154,0.46963796443915723,0.021255485865541764
4JMAk3z9qK,2026,9YqdezXLQv,APk5LGOMOW,105.0,-0.0207,-0.0518,6,-0.0983,-0.0992,4,0.0005,0.0,0,-0.0084,-0.0097,3,-0.0489,0.0167,29,-0.0045,-0.0101,23,6,2,4,1.9482,0.0,2026-03-14,4,-0.1803,65,True,-0.018925714285714285,5.485714285714286,-0.08987428571428571,3.6571428571428575,0.0004571428571428572,0.0,-0.007679999999999999,2.742857142857143,-0.04470857142857143,26.514285714285716,-0.004114285714285714,21.02857142857143,-0.16484571428571426,59.42857142857143,1.8285714285714287,5.485714285714286,1.7812114285714284,66.66666666666666,-0.05180000000000007,-0.04736000000000007,0.021362203846968835,0.04683105127852783,-0.00345,4.469362650967461,0.05778393040168114,0.05938184779330661,0.013577878462138824,0.028946694384082813,-0.024575,2.9820934492831057,-0.01774557460201546,-0.016981087649373186,0.0,0.04623404140666874,,1.069670281407561,-0.0012165317722581562,-0.0012165317722581562,0.0033222591362126247,0.08293754561811274,-0.0028,1.911695142502269,0.0044823545230566085,0.004515138192796818,0.18003349632311236,0.2757893608978995,-0.0016862068965517241,30.199319224265295,-0.015567932787267754,-0.007805456669583134,0.004578936890304599,0.37101403992684695,-0.00019565217391304346,21.654642354539472,0.003655485024173163,0.003691789433403445,0.03139173078736954,0.0415856993282924,0.6739489244245873,0.014907841622621818
4JMAk3z9qK,2026,ljqEdkjz5x,APk5LGOMOW,110.0,-1.6851,-1.7177,8,-0.0155,-0.0164,4,0.0164,0.0159,1,0.0066,0.0053,1,-0.0438,0.0249,28,0.0058,-0.0001,26,8,4,4,2.2823,0.0,2026-03-22,5,-1.7156000000000002,68,True,-1.4706327272727273,6.9818181818181815,-0.013527272727272726,3.4909090909090907,0.014312727272727274,0.8727272727272727,0.00576,0.8727272727272727,-0.03822545454545455,24.436363636363634,0.005061818181818181,22.69090909090909,-1.4972509090909094,59.345454545454544,3.4909090909090907,6.9818181818181815,1.991825454545455,50.0,-1.7176999999999998,-1.4990836363636362,0.028281553028987088,0.048951936071393795,-0.2106375,4.544861305075256,0.03160272853472303,0.06038495493339473,0.013577878462138824,0.030283365387002038,-0.003875,2.977988548122068,-0.016884147855889924,-0.016957712900193427,0.005861881820464166,0.04832925971200161,0.0164,1.109498709300019,-0.00114777029086491,-0.0012618284854719797,0.0011098779134295228,0.08654515053466595,0.0066,1.7531141550288407,0.004148839951183159,0.004140593602880929,0.1749113031204952,0.28517700738778745,-0.0015642857142857142,29.55897604138484,-0.014391305339873166,-0.007639950588783132,0.005173099880620772,0.38193362575782447,0.00022307692307692306,22.278676026116404,0.0038042389700781096,0.0037981777485322204,0.007132583969356303,0.04246423431035934,0.8103675638906895,0.012429423495343749
4JMAk3z9qK,2026,0Oq6oelAQ6,APk5LGOMOW,102.0,-0.6965,-0.7267,6,-0.0026,-0.0034,3,0.0005,0.0,0,-0.0046,-0.0058,4,-0.0082,0.0555,34,0.0043,-0.0011,34,6,3,3,2.2733,0.0,2026-04-04,6,-0.7071000000000002,81,True,-0.6555294117647059,5.647058823529411,-0.0024470588235294116,2.8235294117647056,0.00047058823529411766,0.0,-0.004329411764705882,3.764705882352941,-0.0077176470588235305,32.0,0.004047058823529412,32.0,-0.6655058823529413,76.23529411764706,2.8235294117647056,5.647058823529411,2.139576470588235,50.0,-0.7267000000000001,-0.6839529411764708,0.021362203846968835,0.04555397382726262,-0.11608333333333333,4.475350804768246,0.047093225942574354,0.059461408944488696,0.010218093855726062,0.028142921531641923,-0.0008666666666666666,2.9580743708398898,-0.016698393556007055,-0.016844314579300725,0.0,0.04497247620439232,,1.0710851555627712,-0.0012181409030281492,-0.0012181409030281492,0.004424778761061947,0.08075927219536061,-0.00115,1.992244666579311,0.004674426317307818,0.004705384129236146,0.20471921699935186,0.2700374781153283,-0.00024117647058823533,31.709935239046853,-0.008083668958855733,-0.008195897518934521,0.006754072308303536,0.3642751009820834,0.0001264705882352941,25.65796831266077,0.004366668546641111,0.004374296040009382,0.03013411738863235,0.04228273611247083,0.717166277120048,0.014022073058015422
4JMAk3z9qK,2026,a35ro3KBqL,APk5LGOMOW,107.0,0.3199,0.2881,6,-0.0766,-0.0775,4,0.0193,0.0188,2,-0.0778,-0.0791,2,-0.0221,0.0447,41,0.0126,0.0069,32,6,2,4,2.2881,0.3333,2026-04-11,7,0.1753,87,True,0.28701308411214954,5.383177570093458,-0.06872523364485982,3.5887850467289715,0.01731588785046729,1.7943925233644857,-0.06980186915887851,1.7943925233644857,-0.019828037383177573,36.78504672897196,0.011304672897196262,28.710280373831772,0.1572785046728972,78.05607476635514,1.7943925233644857,5.383177570093458,2.0528747663551403,66.66666666666666,0.2881,0.2584822429906542,0.021362203846968835,0.04768053930704691,0.05331666666666667,4.465379443087892,0.06314742388626299,0.05932892520400131,0.013577878462138824,0.029481804738224416,-0.01915,2.980450131586229,-0.017516255765404665,-0.016971730021142876,0.011655440824251158,0.04707323484510101,0.00965,1.1531969674779567,-0.0011665340901967653,-0.0013115263413344873,0.0022172949002217295,0.08438400168723158,-0.0389,1.8329708702196987,0.00416150529018985,0.004329203228282596,0.23688312364197092,0.27957385359298004,-0.0005390243902439024,33.05149865638014,-0.010739242421844264,-0.00854264424675741,0.006359300476947536,0.37542785014671104,0.00039375,24.534176474885612,0.004217540372600036,0.004182706506267965,0.042104437271607176,0.0410149343293171,0.6487643890620154,0.015477595531665283
4JMAk3z9qK,2026,XVqKw7WRq0,APk5LGOMOW,100.0,0.0893,0.0597,1,-0.0164,-0.0172,1,0.0002,-0.0003,1,0.0012,0.0,0,-0.0626,-0.0001,32,0.0042,-0.0012,15,1,0,1,0.0597,0.0,2026-04-18,8,0.015900000000000015,50,True,0.085728,0.96,-0.015744,0.96,0.000192,0.96,0.0011519999999999998,0.0,-0.060096000000000004,30.72,0.004032,14.399999999999999,0.015264000000000014,48.0,0.0,0.96,0.057312,100.0,0.0597,0.057312,0.003624897134080235,0.04470068598514822,0.0893,4.264788537059482,0.057838915124560984,0.05666378934890972,0.0034293925216784442,0.027606333322638656,-0.0164,2.906703442601915,-0.01665850680549263,-0.016551790468344908,0.005861881820464166,0.04412957699158392,0.0002,1.1143948801714307,-0.0012586610602469506,-0.0012673968812019604,0.0,0.0793013319140693,,1.6908873051404538,0.003993623084254863,0.003993623084254863,0.19502546663613604,0.26615186045015843,-0.00195625,31.367716832155075,-0.018493654128115707,-0.0081074461559521,0.0029910269192422734,0.3597016747647554,0.00028,19.281594048414135,0.0032935364711072944,0.0032872205415199482,0.02871525268606786,0.03801799946918556,0.1251755102072933,0.07534031721633282
4JMAk3z9qK,2026,eV5D89Va5K,APk5LGOMOW,100.0,0.1403,0.1106,2,0.0257,0.0249,2,0.0049,0.0044,3,0.0012,0.0,0,-0.0144,0.048,33,0.0089,0.0035,24,2,0,2,0.1106,0.0,2026-04-25,10,0.1666,64,True,0.13468800000000003,1.92,0.024672,1.92,0.004704,2.88,0.0011519999999999998,0.0,-0.013824,31.68,0.008544,23.04,0.159936,61.44,0.0,1.92,0.10617599999999999,100.0,0.1106,0.10617599999999999,0.007223609427050639,0.04470068598514822,0.07015,4.307701195605223,0.05900337760573623,0.05723394513110336,0.00683534396587721,0.027606333322638656,0.01285,2.933205522591648,-0.01633089823147072,-0.01670270262145149,0.017381864589308817,0.04412957699158392,0.0016333333333333332,1.199123667995272,-0.001306010353396083,-0.0013637585958389117,0.0,0.0793013319140693,,1.6908873051404538,0.003993623084254863,0.003993623084254863,0.19990170238138133,0.26615186045015843,-0.00043636363636363637,31.623222618187228,-0.009298080183227229,-0.008173485371170543,0.004777070063694267,0.3597016747647554,0.0003708333333333333,22.38941651838162,0.0038384857595126056,0.003817057329755547,0.03990049768140966,0.03880467895665283,0.24984253384166566,0.03922129124648414
4JMAk3z9qK,2026,9Yqdeza9Qv,APk5LGOMOW,106.0,-1.6175,-1.6489,5,-0.014,-0.0148,2,0.0,-0.0005,1,0.0022,0.0009,4,-0.0442,0.022,29,0.0023,-0.0034,19,5,3,2,1.3511,0.0,2026-05-02,11,-1.6712,60,True,-1.4649056603773585,4.528301886792454,-0.012679245283018867,1.8113207547169812,0.0,0.9056603773584906,0.0019924528301886795,3.6226415094339623,-0.040030188679245286,26.264150943396224,0.002083018867924528,17.20754716981132,-1.5135396226415092,54.339622641509436,2.716981132075472,4.528301886792454,1.2236377358490564,40.0,-1.6489,-1.493343396226415,0.01786544408219076,0.047255984648415836,-0.3235,4.4245722862592505,0.03216480479636625,0.058786744010637756,0.00683534396587721,0.029214323301186104,-0.007,2.928355053849432,-0.016701216623380866,-0.01667508234856168,0.005861881820464166,0.046653822803158336,0.0,1.1114520057597932,-0.0012566402503041386,-0.0012640499617953451,0.004424778761061947,0.08366134446616015,0.00055,1.9859550866807614,0.004674607604675326,0.00469052908159533,0.18003349632311236,0.2776865643339975,-0.0015241379310344829,30.120206533693487,-0.01464830707143613,-0.007785008835190357,0.003785614664275752,0.37322871560620957,0.00012105263157894736,20.22632196637267,0.0034444973996350077,0.003448282381649089,0.0076777458555554465,0.04120141432833479,0.5546225255221423,0.01805732944460277
4JMAk3z9qK,2026,NWMWkz87Ml,APk5LGOMOW,100.0,0.2989,0.2693,3,0.0336,0.0327,3,0.0005,0.0,0,-0.0048,-0.006,1,-0.0198,0.0427,26,-0.0025,-0.0078,15,3,0,3,0.2693,0.3333,2026-05-09,12,0.3059,48,True,0.286944,2.88,0.032256,2.88,0.00048000000000000007,0.0,-0.004607999999999999,0.96,-0.019008,24.96,-0.0024000000000000002,14.399999999999999,0.29366400000000004,46.08,0.0,2.88,0.258528,100.0,0.2693,0.258528,0.010796419581442509,0.04470068598514822,0.09963333333333334,4.350613854150966,0.0618599061276451,0.057804100913297005,0.010218093855726062,0.027606333322638656,0.0112,2.959707602581381,-0.016342686172214148,-0.016853614774558077,0.0,0.04412957699158392,,1.0720304862595103,-0.001219216023883485,-0.001219216023883485,0.0011098779134295228,0.0793013319140693,-0.0048,1.7670165837779601,0.004159383436045284,0.004173429061643262,0.16447250288380957,0.26615186045015843,-0.0007615384615384616,29.834682115962163,-0.010179786399585633,-0.007711210864641436,0.0029910269192422734,0.3597016747647554,-0.00016666666666666666,19.281594048414135,0.003267776415249991,0.0032872205415199482,0.041545377383257115,0.03948070885337721,0.3716470159360488,0.026710156593206462
4JMAk3z9qK,2026,2lqROe2WQr,APk5LGOMOW,103.0,0.1418,0.1113,3,0.0154,0.0145,1,0.004,0.0034,2,-0.0112,-0.0125,2,-0.0064,0.0579,25,0.0023,-0.0033,18,3,2,1,2.1113,0.0,2026-05-13,13,0.14590000000000003,51,True,0.1321631067961165,2.796116504854369,0.014353398058252427,0.9320388349514562,0.0037281553398058253,1.8640776699029125,-0.01043883495145631,1.8640776699029125,-0.005965048543689321,23.300970873786408,0.0021436893203883494,16.776699029126213,0.1359844660194175,47.53398058252427,1.8640776699029125,2.796116504854369,1.9678135922330096,33.33333333333333,0.11129999999999995,0.10373592233009706,0.010796419581442509,0.045980046376263226,0.04726666666666667,4.344787404827303,0.0593206384758427,0.05772668823638249,0.0034293925216784442,0.028410993621519526,0.0154,2.904298131932961,-0.016327994503578237,-0.01653809378445886,0.011655440824251158,0.045393368596699575,0.002,1.1552298799055034,-0.001271595572264193,-0.001313838364582506,0.0022172949002217295,0.08148651220296954,-0.0056,1.8387713518967415,0.004310441851423317,0.004342903099027863,0.15915342051963938,0.27196489736136725,-0.000256,29.34487057299982,-0.007573101117205755,-0.007584611892444001,0.0035870864886408927,0.36653740149227726,0.00012777777777777776,20.100627985233277,0.0034237741583446526,0.003426853456441486,0.04188216329256248,0.04005990075036647,0.35292706534279306,0.02808712350192004
4JMAk3z9qK,2026,wvq9kw3BMW,APk5LGOMOW,100.0,-0.399,-0.4287,4,0.0222,0.0214,2,0.0044,0.0039,2,0.1368,0.1355,3,-0.0075,0.0549,25,-0.0014,-0.0068,10,4,2,2,1.5713,0.0,2026-05-16,14,-0.24450000000000002,46,True,-0.38304000000000005,3.84,0.021312,1.92,0.004224,1.92,0.131328,2.88,-0.0072,24.0,-0.001344,9.600000000000001,-0.23472,44.160000000000004,1.92,3.84,1.5084479999999998,50.0,-0.4287000000000001,-0.4115520000000001,0.014343606244813343,0.04470068598514822,-0.09975,4.393526512696709,0.051250812663770996,0.05837425669549065,0.00683534396587721,0.027606333322638656,0.0111,2.933205522591648,-0.016365984801642388,-0.01670270262145149,0.011655440824251158,0.04412957699158392,0.0022,1.1567592740833514,-0.0012705825136520481,-0.0013155777385204363,0.0033222591362126247,0.0793013319140693,0.0456,1.9192751410529734,0.004808741698863901,0.004533041016420061,0.15915342051963938,0.26615186045015843,-0.0003,29.57917632993001,-0.007840704557676124,-0.007645171649422992,0.001996007984031936,0.3597016747647554,-0.00014,17.555026009543308,0.002981987388218839,0.002992866770277949,0.03356426987788318,0.04023671247279374,0.4988468748114409,0.02003585242351114
4JMAk3z9qK,2026,9vQ2Gr9mMK,APk5LGOMOW,110.0,-0.2896,-0.3223,10,-0.0446,-0.0455,6,0.0047,0.0042,2,-0.0001,-0.0014,1,-0.047,0.0217,23,0.0082,0.0023,16,10,4,6,3.6777,0.2,2026-05-23,15,-0.36840000000000006,58,True,-0.25274181818181823,8.727272727272727,-0.03892363636363637,5.236363636363636,0.004101818181818182,1.7454545454545454,-8.727272727272728e-05,0.8727272727272727,-0.041018181818181815,20.07272727272727,0.007156363636363637,13.963636363636363,-0.32151272727272734,50.61818181818181,3.4909090909090907,8.727272727272727,3.2096290909090914,60.0,-0.3222999999999998,-0.2812799999999998,0.03510374418555889,0.048951936071393795,-0.028960000000000003,4.63030468439987,0.054653414569658436,0.06152019191061824,0.020229480976184842,0.030283365387002038,-0.0074333333333333335,3.030846785888472,-0.017365327537137792,-0.017258706274065897,0.011655440824251158,0.04832925971200161,0.00235,1.1516769723214022,-0.001262986626205951,-0.0013097976568662286,0.0011098779134295228,0.08654515053466595,-0.0001,1.7531141550288407,0.004135803475224565,0.004140593602880929,0.14830946355164235,0.28517700738778745,-0.002043478260869565,28.314567281874496,-0.014814155172758673,-0.007318314906221019,0.003189792663476874,0.38193362575782447,0.0005125,18.945437110411753,0.0032505795235441273,0.003229910861158393,0.028597328232324713,0.04300387753750441,1.0121496867168887,0.009976214457805324
4JMAk3z9qK,2026,ljqEdkV45x,APk5LGOMOW,97.0,0.0288,0.0,0,0.0008,0.0,0,0.0005,0.0,0,-0.0019,-0.0031,1,-0.0192,0.0413,31,0.0088,0.0036,25,0,0,0,0.0,0.0,2026-07-16,16,0.017800000000000003,57,True,0.02850309278350515,0.0,0.0007917525773195877,0.0,0.0004948453608247423,0.0,-0.0018804123711340208,0.9896907216494846,-0.0190020618556701,30.680412371134018,0.008709278350515465,24.74226804123711,0.017616494845360826,56.41237113402062,0.0,0.0,0.0,,0.0,0.0,0.0,0.04341788968918779,,4.227545103498525,0.056168957294379956,0.056168957294379956,0.0,0.02680033909578664,,2.8825886937415266,-0.016414472617309984,-0.016414472617309984,0.0,0.04286243471522076,,1.073451615230542,-0.0012208322682307259,-0.0012208322682307259,0.0011098779134295228,0.07710572956823622,-0.0019,1.7712304117011985,0.004175003336574463,0.0041833814933731365,0.19008942954436575,0.2602452473392331,-0.0006193548387096774,31.362627697431233,-0.01025765124027673,-0.008106130794493861,0.004975124378109453,0.352716809332854,0.00035200000000000005,22.982738006706544,0.003938964478041425,0.003918209681539828,0.03638996898317841,0.03852911278925835,0.006442727397416787,0.6128610411186202
4JMAk3z9qK,2026,0x5gxzWPq7,APk5LGOMOW,99.0,-0.3321,-0.3615,2,0.0032,0.0024,1,-0.0186,-0.0191,1,0.0012,0.0,0,-0.0587,0.0032,24,0.0085,0.0032,13,2,1,1,0.6385,0.5,2026-08-15,20,-0.3965,41,True,-0.3220363636363637,1.9393939393939394,0.003103030303030303,0.9696969696969697,-0.018036363636363635,0.9696969696969697,0.0011636363636363637,0.0,-0.05692121212121212,23.272727272727273,0.008242424242424242,12.606060606060607,-0.38448484848484854,39.75757575757576,0.9696969696969697,1.9393939393939394,0.6191515151515151,50.0,-0.36150000000000004,-0.3505454545454546,0.007223609427050639,0.04427346966994863,-0.16605,4.309627628718666,0.05167660634521736,0.05725954053851602,0.0034293925216784442,0.027337816958284907,0.0032,2.9075060984268224,-0.016467675676774048,-0.0165563610725687,0.005861881820464166,0.04370756918706364,-0.0186,1.1148868750333176,-0.0013820810472380083,-0.0012679564250087543,0.0,0.07857062614795715,,1.6922292654870246,0.003996792594015759,0.003996792594015759,0.1537661802406755,0.2641934977551204,-0.0024458333333333333,29.401924312463628,-0.01748849928802228,-0.007599358267616082,0.002593257530420906,0.3573901965395055,0.0006538461538461539,18.658080260040123,0.003204308393244196,0.003180920858624563,0.023539451320442984,0.03901357822596281,0.2509944585839773,0.03904831621717484
4JMAk3z9qK,2026,0Oq6oeLgQ6,APk5LGOMOW,101.0,0.172,0.142,1,0.01,0.0092,1,-0.001,-0.0015,2,-0.0141,-0.0154,3,-0.0271,0.036,36,0.005,-0.0004,22,2,0,1,0.142,0.0,2026-08-19,21,0.14479999999999998,65,True,0.16348514851485146,0.9504950495049505,0.009504950495049506,0.9504950495049505,-0.0009504950495049505,1.900990099009901,-0.013401980198019803,2.8514851485148514,-0.025758415841584156,34.21782178217822,0.004752475247524753,20.91089108910891,0.1376316831683168,61.78217821782178,0.0,1.900990099009901,0.13497029702970298,50.0,0.142,0.13497029702970298,0.003624897134080235,0.04512752053375302,0.172,4.262882999116132,0.059090995057363205,0.056638471563589296,0.0034293925216784442,0.027874701472863753,0.01,2.9059012298223834,-0.01639082070680578,-0.01654722238697712,0.011655440824251158,0.044551212499878944,-0.0005,1.156249026279085,-0.0013064088569705384,-0.001314997435714605,0.0033222591362126247,0.08003087967968145,-0.0047,1.9177543363214304,0.004484456098023934,0.004529449102953049,0.21418227519501587,0.2680998263788889,-0.0007527777777777778,32.3037629103025,-0.011769480794931762,-0.008349380984000883,0.004380724810832338,0.3619965837381058,0.00022727272727272727,21.62101813848796,0.003691435713451475,0.0036860570124521734,0.037800176510130526,0.03864237687230191,0.13294968542307112,0.0712487104818757
4JMAk3z9qK,2026,Vj589JlDq8,APk5LGOMOW,102.0,-0.7848,-0.8151,5,-0.0419,-0.0428,3,0.0037,0.0032,2,0.0039,0.0026,3,-0.011,0.0527,27,0.0141,0.0086,20,5,2,3,1.1849,0.0,2026-08-22,22,-0.8160000000000001,60,True,-0.7386352941176472,4.705882352941177,-0.039435294117647055,2.8235294117647056,0.0034823529411764707,1.8823529411764706,0.0036705882352941173,2.8235294117647056,-0.010352941176470589,25.411764705882355,0.013270588235294117,18.823529411764707,-0.768,56.470588235294116,1.8823529411764706,4.705882352941177,1.1152000000000002,60.0,-0.8150999999999999,-0.7671529411764705,0.01786544408219076,0.04555397382726262,-0.15696000000000002,4.432476476460234,0.04541026125202353,0.05889176243409072,0.010218093855726062,0.028142921531641923,-0.013966666666666667,2.9580743708398898,-0.01709435260435738,-0.016844314579300725,0.011655440824251158,0.04497247620439232,0.00185,1.155739228418098,-0.0012741768247097537,-0.0013144176446274825,0.0033222591362126247,0.08075927219536061,0.0013,1.9162359398072069,0.004519102890107538,0.004525862877335398,0.16972471267568665,0.2700374781153283,-0.0004074074074074074,29.930864794992925,-0.008492700968656402,-0.007736070687737574,0.00398406374501992,0.3642751009820834,0.000705,20.858108158543907,0.0036004106070182977,0.0035559923844392773,0.026668544351425825,0.04107881478419962,0.5979015030917882,0.01677217586937139
4JMAk3z9qK,2026,ljqEdk9V5x,APk5LGOMOW,102.0,-3.2364,-3.2667,12,0.031,0.0302,5,0.0005,0.0,0,0.0012,0.0,0,-0.0533,0.0104,19,-0.0001,-0.0056,10,12,7,5,3.7333,0.0833,2026-08-29,23,-3.2571000000000003,46,True,-3.0460235294117646,11.294117647058822,0.029176470588235293,4.705882352941177,0.00047058823529411766,0.0,0.0011294117647058823,0.0,-0.05016470588235294,17.88235294117647,-9.411764705882352e-05,9.411764705882353,-3.0655058823529417,43.294117647058826,6.588235294117648,11.294117647058822,3.5136941176470584,41.66666666666667,-3.2667,-3.0745411764705883,0.04183080941610709,0.04555397382726262,-0.2697,4.732596774616318,0.006856931495147269,0.06287928800687649,0.01691493085882438,0.028142921531641923,0.0062,3.0110492819582744,-0.016540172915133083,-0.017145972332224365,0.0,0.04497247620439232,,1.0710851555627712,-0.0012181409030281492,-0.0012181409030281492,0.0,0.08075927219536061,,1.6882097594908945,0.0039872991216331555,0.0039872991216331555,0.12576024099984584,0.2700374781153283,-0.002805263157894737,27.897641430359865,-0.01614577810588109,-0.007210554309226777,0.001996007984031936,0.3642751009820834,-1e-05,17.429636619889006,0.002965210759067242,0.0029714897733177743,-0.02009465054819466,0.04426340935734812,1.4041564179375554,0.007211179095498184
4wM4J01Nqj,2026,OlMlWz70QL,zeQZkL1MKw,105.0,1.9287,1.8976,5,0.0941,0.0932,5,0.0029,0.0024,1,0.096,0.0947,4,0.039,0.1045,49,0.0085,0.0028,42,5,0,5,1.8976,0.0,2026-03-14,4,2.1692000000000005,106,True,1.7633828571428571,4.571428571428571,0.08603428571428572,4.571428571428571,0.0026514285714285715,0.9142857142857144,0.08777142857142857,3.6571428571428575,0.03565714285714286,44.8,0.007771428571428572,38.400000000000006,1.9832685714285718,96.91428571428571,0.0,4.571428571428571,1.7349485714285713,100.0,1.8976,1.7349485714285713,0.01786544408219076,0.04683105127852783,0.38574,4.4265456897985205,0.08826741333976056,0.05881296348704976,0.01691493085882438,0.028946694384082813,0.01882,3.008558998434267,-0.01588426705027309,-0.017131791783052398,0.005861881820464166,0.04623404140666874,0.0029,1.1119414049793725,-0.0012382911790108258,-0.0012646065535884285,0.004424778761061947,0.08293754561811274,0.024,1.9875237556388292,0.004884527565742817,0.00469423404321131,0.27059693373576665,0.2757893608978995,0.0007959183673469387,35.24232468068403,0.0009461914569821468,-0.009108895342562207,0.008330027766759222,0.37101403992684695,0.0002023809523809524,28.099686248125845,0.004798038013763645,0.004790572066457445,0.08177361214696525,0.04079247591751548,0.5703995903629181,0.01756664349032286
4wM4J01Nqj,2026,NWMWkzlEMl,zeQZkL1MKw,104.0,0.5631,0.5323,4,0.0495,0.0486,3,0.0059,0.0054,3,0.016,0.0147,4,0.0014,0.0663,38,0.0071,0.0015,23,4,1,3,1.5323,0.25,2026-07-22,17,0.643,75,True,0.5197846153846154,3.6923076923076925,0.0456923076923077,2.769230769230769,0.005446153846153846,2.769230769230769,0.01476923076923077,3.6923076923076925,0.0012923076923076924,35.07692307692307,0.006553846153846154,21.23076923076923,0.5935384615384616,69.23076923076923,0.9230769230769231,3.6923076923076925,1.4144307692307692,75.0,0.5323,0.49135384615384614,0.014343606244813343,0.04640573869042975,0.140775,4.38568478795526,0.06628993286519656,0.058270068214626845,0.010218093855726062,0.028678917864907755,0.0165,2.9564429406106667,-0.016164550791763405,-0.016835024642487064,0.017381864589308817,0.04581389016751004,0.0019666666666666665,1.197010724917472,-0.0012967736420972564,-0.0013613555540494978,0.004424778761061947,0.08221260243570114,0.004,1.9890949046806932,0.004712362715318547,0.004697944862414528,0.2234227794155382,0.27388216495825446,3.6842105263157895e-05,32.554177353624326,-0.006266236371214081,-0.00841410426707462,0.004578936890304599,0.3687836577821413,0.00030869565217391307,21.73142964507285,0.003718633422936747,0.003704880506586253,0.05099336819837711,0.04006240912001645,0.4670421368394297,0.02137109944696458
4wM4J01Nqj,2026,7vQ7RXBGqD,zeQZkL1MKw,107.0,0.8891,0.8573,2,-0.0446,-0.0455,2,0.0056,0.0051,2,0.2514,0.2501,2,-0.0228,0.044,43,0.0096,0.0039,21,2,0,2,0.8573,0.0,2026-07-25,18,1.0883000000000003,72,True,0.7976971962616822,1.7943925233644857,-0.04001495327102804,1.7943925233644857,0.005024299065420561,1.7943925233644857,0.22555514018691591,1.7943925233644857,-0.02045607476635514,38.57943925233645,0.008613084112149531,18.8411214953271,0.9764186915887854,64.59813084112149,0.0,1.7943925233644857,0.7691663551401868,100.0,0.8573,0.7691663551401868,0.007223609427050639,0.04768053930704691,0.44455,4.294264236602789,0.07043324990612841,0.057055415994714136,0.00683534396587721,0.029481804738224416,-0.0223,2.9275482015886674,-0.01700278014607582,-0.016670487848357996,0.011655440824251158,0.04707323484510101,0.0028,1.1531969674779567,-0.00125860507043681,-0.0013115263413344873,0.0022172949002217295,0.08438400168723158,0.1257,1.8329708702196987,0.004830478694265598,0.004329203228282596,0.24560041776461078,0.27957385359298004,-0.0005302325581395349,33.55316388899558,-0.01091185686322501,-0.00867230697877919,0.0041824337781318464,0.37542785014671104,0.0004571428571428571,20.829019374372276,0.0035760056794619972,0.003551033186116943,0.04966649220011836,0.038281331240642,0.22267506425268152,0.04379690792610185
4wM4J01Nqj,2026,4wM4O8JNQj,zeQZkL1MKw,106.0,-0.4186,-0.4501,3,-0.1632,-0.164,2,0.0099,0.0094,1,-0.0004,-0.0017,3,-0.0052,0.0609,36,0.0149,0.0092,21,3,1,2,0.5499,0.0,2026-08-02,19,-0.5626,66,True,-0.37910943396226415,2.716981132075472,-0.14780377358490568,1.8113207547169812,0.008966037735849058,0.9056603773584906,-0.0003622641509433963,2.716981132075472,-0.004709433962264151,32.60377358490566,0.01349433962264151,19.0188679245283,-0.5095245283018868,59.77358490566037,0.9056603773584906,2.716981132075472,0.498022641509434,66.66666666666666,-0.45009999999999994,-0.4076377358490565,0.010796419581442509,0.047255984648415836,-0.13953333333333334,4.338976540480989,0.05049057823700466,0.05764948262808715,0.00683534396587721,0.029214323301186104,-0.0816,2.928355053849432,-0.018194433651307636,-0.01667508234856168,0.005861881820464166,0.046653822803158336,0.0099,1.1114520057597932,-0.001192139767266009,-0.0012640499617953451,0.0033222591362126247,0.08366134446616015,-0.00013333333333333334,1.9101863218812203,0.004495739812932518,0.004511574584007574,0.21418227519501587,0.2776865643339975,-0.00014444444444444444,31.880634564188263,-0.007461456827717825,-0.008240017261370563,0.0041824337781318464,0.37322871560620957,0.0007095238095238095,20.90235888520656,0.0036106607193953743,0.0035635364649389194,0.03174894852304108,0.03954544410530605,0.33655874067032693,0.02941294517898237
4wM4J01Nqj,2026,vzqoYzJJMa,zeQZkL1MKw,108.0,-1.9616,-1.9937,8,0.0174,0.0165,4,0.012,0.0115,1,0.0072,0.0059,2,-0.0358,0.0317,22,-0.1524,-0.1582,14,8,4,4,2.0063,0.125,2026-08-16,20,-2.1132,51,True,-1.7436444444444446,7.111111111111111,0.015466666666666667,3.5555555555555554,0.010666666666666668,0.8888888888888888,0.0064,1.7777777777777777,-0.031822222222222224,19.555555555555554,-0.13546666666666668,12.444444444444443,-1.8784,45.33333333333333,3.5555555555555554,7.111111111111111,1.7833777777777777,50.0,-1.9937,-1.7721777777777779,0.028281553028987088,0.048104715760470984,-0.2452,4.5489099950984295,0.027184407238284705,0.06043874754623323,0.013577878462138824,0.02974913881707011,0.00435,2.979629151727878,-0.016560690326981098,-0.016967055073435794,0.005861881820464166,0.04749227801976034,0.012,1.1104744985808457,-0.0011774214087014404,-0.0012629382467542996,0.0022172949002217295,0.08510551998018141,0.0036,1.8315264633769344,0.00433081992264445,0.004325791755209978,0.1427819177286672,0.28145130618479425,-0.0016272727272727272,28.211965601294324,-0.012805571933701992,-0.007291795998094393,0.002792181890706023,0.3776116065626405,-0.010885714285714287,18.40660938289843,0.0025698199227033257,0.0031380488724776397,0.0035413634142479502,0.042380798855636365,0.8421085410234915,0.011966536628122864
4wM4JxWpqj,2026,a35ro3r2qL,mKAqBBmqbg,105.0,0.6176,0.5865,7,0.0062,0.0053,5,0.0005,0.0,0,0.0099,0.0086,1,-0.013,0.0526,35,0.0084,0.0028,13,7,2,5,2.5865,0.4286,2026-05-17,14,0.6295999999999999,61,True,0.5646628571428572,6.4,0.005668571428571428,4.571428571428571,0.0004571428571428572,0.0,0.009051428571428573,0.9142857142857144,-0.011885714285714286,32.0,0.007679999999999999,11.885714285714286,0.5756342857142857,55.77142857142857,1.8285714285714287,6.4,2.3648,71.42857142857143,0.5865,0.5362285714285715,0.024834152450295324,0.04683105127852783,0.08822857142857143,4.5121796121364,0.06834846107547807,0.059950732099563454,0.01691493085882438,0.028946694384082813,0.00124,3.008558998434267,-0.01677890564592471,-0.017131791783052398,0.0,0.04623404140666874,,1.069670281407561,-0.0012165317722581562,-0.0012165317722581562,0.0011098779134295228,0.08293754561811274,0.0099,1.7600379162291486,0.004171671718248301,0.0041569464919678336,0.2094790648483472,0.2757893608978995,-0.00037142857142857143,31.712220861190918,-0.00894691279656929,-0.008196488271476857,0.002593257530420906,0.37101403992684695,0.0006461538461538461,18.262513989494014,0.0031360101814582137,0.003113482784427655,0.048713792760432424,0.040676349549171535,0.7786889889302505,0.012928539141492598
4wM4JxWpqj,2026,kRQalzejqK,mKAqBBmqbg,101.0,-0.2569,-0.2869,5,-0.006,-0.0068,4,0.0979,0.0974,2,-0.0019,-0.0031,2,0.0215,0.0846,43,0.0042,-0.0012,17,5,1,4,0.7131,0.2,2026-05-24,15,-0.14120000000000005,73,True,-0.24418217821782182,4.752475247524753,-0.005702970297029703,3.801980198019802,0.09305346534653466,1.900990099009901,-0.0018059405940594059,1.900990099009901,0.020435643564356433,40.87128712871287,0.003992079207920792,16.15841584158416,-0.13420990099009905,69.38613861386139,0.9504950495049505,4.752475247524753,0.6777980198019802,80.0,-0.28690000000000004,-0.2726970297029704,0.01786544408219076,0.04512752053375302,-0.05138,4.434456938571193,0.05379497249478804,0.05891807569367997,0.013577878462138824,0.027874701472863753,-0.0015,2.9853855270915393,-0.016829815021100973,-0.0169998338968548,0.011655440824251158,0.044551212499878944,0.04895,1.156249026279085,-0.0006399913774329851,-0.001314997435714605,0.0022172949002217295,0.08003087967968145,-0.00095,1.841685381378367,0.004336261462060416,0.004349785601114571,0.24560041776461078,0.2680998263788889,0.0005,34.0875558145264,-0.002460624533164985,-0.008810428404243457,0.0033884791708192145,0.3619965837381058,0.00024705882352941174,19.900638334584087,0.0033979218437326327,0.003392758241800273,0.04159872486888214,0.039535359799781955,0.6079758402851365,0.016498841373534655
4wM4JxWpqj,2026,9vQ2GrZmMK,mKAqBBmqbg,80.0,-0.239,-0.2627,5,-0.0199,-0.0206,4,0.0128,0.0124,2,-0.0047,-0.0057,1,0.0062,0.0561,23,0.0049,0.0007,5,5,1,4,0.7373,0.0,2026-07-26,18,-0.23970000000000002,40,True,-0.28679999999999994,6.0,-0.02388,4.800000000000001,0.015360000000000002,2.4000000000000004,-0.005640000000000001,1.2000000000000002,0.00744,27.599999999999998,0.00588,6.0,-0.28764,48.0,1.2000000000000002,6.0,0.8847599999999999,80.0,-0.26270000000000004,-0.3152400000000001,0.01786544408219076,0.036083136983248026,-0.047799999999999995,4.476459331825898,0.054590815660478756,0.059476137305141626,0.013577878462138824,0.022207681187950416,-0.004975,3.0027888807188416,-0.017069605673374455,-0.017098934705855037,0.011655440824251158,0.03561802325315476,0.0064,1.1670596437640022,-0.0012247655256428212,-0.0013272923081409246,0.0011098779134295228,0.06446347339120131,-0.0047,1.7954935904105058,0.004226614789776583,0.004240687494959589,0.14830946355164235,0.22489260542731962,0.0002695652173913043,30.70246858471246,-0.005531136577636065,-0.007935502996195132,0.000999000999000999,0.3100677150937445,0.00098,17.05543141977843,0.0029214862754923013,0.0029076934389764106,0.0379134089490943,0.040262788228886535,0.9619110565631721,0.01049178494974337
4wM4JxWpqj,2026,Oa5wP6A4q1,mKAqBBmqbg,98.0,1.1959,1.1668,9,-0.156,-0.1568,9,0.0167,0.0162,2,0.0012,0.0,0,0.0037,0.0649,31,0.0019,-0.0033,13,9,0,9,1.1668,0.2222,2026-08-02,19,1.0634000000000001,64,True,1.1714938775510204,8.816326530612246,-0.15281632653061222,8.816326530612246,0.016359183673469387,1.9591836734693877,0.0011755102040816325,0.0,0.0036244897959183675,30.367346938775512,0.0018612244897959185,12.73469387755102,1.0416979591836735,62.69387755102041,0.0,8.816326530612246,1.1429877551020409,100.0,1.1668,1.1429877551020409,0.031704665012010046,0.04384587107573929,0.13287777777777776,4.6122131872930545,0.07876750567991432,0.0612798206068223,0.03004037090837303,0.027069152256985234,-0.017333333333333333,3.1204429622904053,-0.018859927987065605,-0.017768898375824373,0.011655440824251158,0.043285188593004446,0.00835,1.1577811219065228,-0.0011887140461204924,-0.0013167398820004485,0.0,0.07783875962203923,,1.6935733575994902,0.003999967138689073,0.003999967138689073,0.19008942954436575,0.2622246548359651,0.00011935483870967743,31.27870877679136,-0.005838019734924316,-0.00808444071949752,0.002593257530420906,0.35506196896711517,0.00014615384615384615,18.725680002022532,0.0031912640653858565,0.0031924455935550913,0.06007207511587883,0.041302154361744114,1.1489807655239712,0.008798609374142327
4wM4JxWpqj,2026,gpMOglerMz,mKAqBBmqbg,106.0,0.3894,0.358,4,0.0637,0.0628,3,0.0129,0.0124,2,-0.016,-0.0173,7,0.0082,0.0744,33,0.0097,0.004,9,4,1,3,1.358,0.0,2026-08-17,20,0.46790000000000004,58,True,0.35266415094339626,3.6226415094339623,0.057690566037735855,2.716981132075472,0.011683018867924527,1.8113207547169812,-0.014490566037735849,6.339622641509434,0.007426415094339623,29.886792452830186,0.008784905660377358,8.150943396226415,0.42375849056603776,52.52830188679245,0.9056603773584906,3.6226415094339623,1.2298867924528303,75.0,0.3580000000000001,0.3242264150943397,0.014343606244813343,0.047255984648415836,0.09735,4.3817744133701195,0.06350154662536821,0.058218113319362455,0.010218093855726062,0.029214323301186104,0.021233333333333337,2.954813308914657,-0.01601272922144083,-0.016825744947153307,0.011655440824251158,0.046653822803158336,0.00645,1.1537045245249178,-0.0012100777087226014,-0.0013121035839526978,0.007717750826901874,0.08366134446616015,-0.002285714285714286,2.213261381079385,0.005148005661329073,0.005227392574358599,0.19990170238138133,0.2776865643339975,0.0002484848484848485,31.12616540826193,-0.004890685897910871,-0.008045013650150474,0.0017967658215212617,0.37322871560620957,0.0010777777777777778,16.846137372203223,0.002899474417750063,0.0028720119651999385,0.04943553387637305,0.04013465567766452,0.4555222519162216,0.021899725775826117
4wM4JxWpqj,2026,Pk5L3D6EMO,mKAqBBmqbg,101.0,-0.1491,-0.1791,7,-0.038,-0.0389,4,0.0064,0.0059,3,-0.009,-0.0102,2,0.031,0.094,40,0.0084,0.003,19,7,3,4,2.8209,0.1429,2026-08-20,21,-0.15030000000000004,75,True,-0.14171881188118812,6.653465346534654,-0.03611881188118812,3.801980198019802,0.006083168316831684,2.8514851485148514,-0.008554455445544555,1.900990099009901,0.029465346534653464,38.019801980198025,0.007984158415841583,18.05940594059406,-0.1428594059405941,71.2871287128713,2.8514851485148514,6.653465346534654,2.6812514851485147,57.14285714285714,-0.17910000000000004,-0.17023366336633666,0.024834152450295324,0.04512752053375302,-0.021300000000000003,4.520243908298724,0.05617532938576916,0.06005787775872531,0.013577878462138824,0.027874701472863753,-0.0095,2.9853855270915393,-0.01715409663589679,-0.0169998338968548,0.017381864589308817,0.044551212499878944,0.0021333333333333334,1.1985947332096631,-0.0012950173650994325,-0.0013631570404032509,0.0022172949002217295,0.08003087967968145,-0.0045,1.841685381378367,0.004321764825466418,0.004349785601114571,0.23244848951122227,0.2680998263788889,0.000775,33.32307314128759,-0.0006077248187690628,-0.008612836652710926,0.003785614664275752,0.3619965837381058,0.0004421052631578947,20.588790256145636,0.003531248174627772,0.003510077750061033,0.04497150356609807,0.040941913519931934,0.8464909637393012,0.011905321470163257
4wM4JxWpqj,2026,aDQ0WDlGqE,mKAqBBmqbg,104.0,-1.3385,-1.3693,10,-0.0859,-0.0868,5,0.0005,0.0,0,-0.0208,-0.022,2,-0.0093,0.0556,37,0.005,-0.0005,11,10,5,5,3.6307,0.1,2026-08-23,22,-1.4490000000000003,65,True,-1.2355384615384617,9.230769230769232,-0.0792923076923077,4.615384615384616,0.0004615384615384616,0.0,-0.0192,1.8461538461538463,-0.008584615384615385,34.15384615384615,0.004615384615384615,10.153846153846153,-1.3375384615384618,60.0,4.615384615384616,9.230769230769232,3.351415384615385,50.0,-1.3693,-1.2639692307692307,0.03510374418555889,0.04640573869042975,-0.13385,4.642701186856101,0.03770516257903348,0.06168489710004071,0.01691493085882438,0.028678917864907755,-0.01718,3.009388635130496,-0.01772117690196108,-0.017136516025835328,0.0,0.04581389016751004,,1.0701414906074442,-0.0012170676766139208,-0.0012170676766139208,0.0022172949002217295,0.08221260243570114,-0.0104,1.8373177924917063,0.004287479820388265,0.004339470008971159,0.21882985295635568,0.27388216495825446,-0.0002513513513513513,32.301363047509014,-0.008298480288935692,-0.008348760704288336,0.002195170624625823,0.3687836577821413,0.00045454545454545455,17.646441435793747,0.0030194553592914762,0.003008451719646124,0.01777537289120253,0.0423304744219204,1.1325202434275723,0.00892535063900035
4wM4JxWpqj,2026,7VqGXPLzQv,mKAqBBmqbg,104.0,-0.6944,-0.7253,5,-0.0761,-0.0769,2,0.0096,0.0091,1,0.0016,0.0004,5,0.0059,0.0709,35,0.0096,0.004,20,5,3,2,2.2747,0.0,2026-08-30,23,-0.7437999999999998,68,True,-0.6409846153846154,4.615384615384616,-0.07024615384615385,1.8461538461538463,0.00886153846153846,0.9230769230769231,0.0014769230769230768,4.615384615384616,0.005446153846153846,32.30769230769231,0.00886153846153846,18.461538461538463,-0.6865846153846151,62.769230769230774,2.769230769230769,4.615384615384616,2.099723076923077,40.0,-0.7252999999999998,-0.6695076923076921,0.01786544408219076,0.04640573869042975,-0.13888,4.428520854438733,0.046800180564935616,0.05883920636219582,0.00683534396587721,0.028678917864907755,-0.03805,2.9299700933507515,-0.017332276962147227,-0.01668427895081293,0.005861881820464166,0.04581389016751004,0.0096,1.1124312353774535,-0.001195146367865059,-0.001265163635759113,0.0055248618784530384,0.08221260243570114,0.00032,2.0649834607751867,0.004853887330121361,0.004877182289136213,0.2094790648483472,0.27388216495825446,0.00016857142857142857,31.79573443527839,-0.005373782347093075,-0.00821807357871577,0.00398406374501992,0.3687836577821413,0.00047999999999999996,20.710182592753075,0.0035563116139734133,0.0035307733098512207,0.031309173831925025,0.04107964579589545,0.579120649705611,0.017306683219466778
4wM4JxWpqj,2026,Pk5L3DzEMO,mKAqBBmqbg,113.0,0.9368,0.9032,10,-0.2358,-0.2367,7,0.0047,0.0042,2,-0.1292,-0.1306,5,-0.0133,0.0573,42,0.0101,0.0041,22,10,3,7,3.9032,0.1,2026-09-06,24,0.5733,88,True,0.7958654867256636,8.495575221238937,-0.20032566371681418,5.946902654867257,0.0039929203539823006,1.6991150442477876,-0.1097628318584071,4.2477876106194685,-0.011299115044247788,35.68141592920354,0.008580530973451328,18.690265486725664,0.48705132743362833,74.76106194690266,2.5486725663716814,8.495575221238937,3.3159929203539824,70.0,0.9032,0.7673203539823008,0.03510374418555889,0.050219942598261465,0.09368,4.624131225051294,0.07448800121422595,0.06143816871133368,0.023521755654127043,0.031083603094555087,-0.033685714285714284,3.054752953866157,-0.01940610406883932,-0.01739483639228446,0.011655440824251158,0.04958197787816778,0.00235,1.150160978812612,-0.0012613241118264566,-0.001308073523456115,0.0055248618784530384,0.08869612138986066,-0.025840000000000002,2.0503958128694806,0.00452325354873599,0.00484272844514312,0.24126680872392986,0.29069367615385133,-0.00031666666666666665,32.78830770974179,-0.008935039098313892,-0.008474618689142802,0.004380724810832338,0.3883052654259923,0.00045909090909090905,20.729454755792833,0.003560267245275706,0.003534058922548218,0.05296905472925799,0.04263742747414165,0.9700054968036622,0.010405144751995464
4wM4JxWpqj,2026,KPqj3zB2Q6,mKAqBBmqbg,99.0,-0.0587,-0.088,2,0.0256,0.0247,1,0.0005,0.0,0,0.0012,0.0,0,0.0323,0.0942,29,0.0061,0.0008,13,2,1,1,0.912,0.0,2026-09-10,25,0.006999999999999998,45,True,-0.05692121212121212,1.9393939393939394,0.024824242424242422,0.9696969696969697,0.0004848484848484849,0.0,0.0011636363636363637,0.0,0.031321212121212125,28.12121212121212,0.005915151515151516,12.606060606060607,0.006787878787878786,43.63636363636363,0.9696969696969697,1.9393939393939394,0.8843636363636365,50.0,-0.08799999999999997,-0.0853333333333333,0.007223609427050639,0.04427346966994863,-0.02935,4.309627628718666,0.055932223172114534,0.05725954053851602,0.0034293925216784442,0.027337816958284907,0.0256,2.9075060984268224,-0.01624432573215083,-0.0165563610725687,0.0,0.04370756918706364,,1.0725037776398014,-0.0012197542962947765,-0.0012197542962947765,0.0,0.07857062614795715,,1.6922292654870246,0.003996792594015759,0.003996792594015759,0.18003349632311236,0.2641934977551204,0.0011137931034482758,30.682862483397546,-0.0003501618508950877,-0.007930435511953632,0.002593257530420906,0.3573901965395055,0.00046923076923076926,18.658080260040123,0.003195375739618803,0.003180920858624563,0.045310149626408405,0.038730703110339236,0.2503106485067602,0.0391508138202636
7VqG07YAQv,2026,Vj589ne4q8,lgpMOvnQzy,103.0,0.3214,0.2909,2,-0.0754,-0.0762,2,0.0025,0.002,1,-0.0341,-0.0353,4,0.0553,0.1196,45,0.0096,0.004,49,2,0,2,0.2909,0.5,2026-02-22,1,0.27930000000000005,103,True,0.29955728155339806,1.8640776699029125,-0.0702757281553398,1.8640776699029125,0.002330097087378641,0.9320388349514562,-0.03178252427184466,3.728155339805825,0.05154174757281553,41.94174757281553,0.00894757281553398,45.66990291262136,0.2603184466019418,96.0,0.0,1.8640776699029125,0.2711300970873786,100.0,0.2909,0.2711300970873786,0.007223609427050639,0.045980046376263226,0.1607,4.301932215971758,0.061738243370755744,0.0571572960208677,0.00683534396587721,0.028410993621519526,-0.0377,2.9307782813277754,-0.017330046301674163,-0.016688881057054204,0.005861881820464166,0.045393368596699575,0.0025,1.1129214975241135,-0.0012419921650763412,-0.0012657212089557458,0.004424778761061947,0.08148651220296954,-0.008525,1.990668539692568,0.004605767257293244,0.004701661553107343,0.254120801152466,0.27196489736136725,0.001228888888888889,34.41450749468744,0.004112630627671654,-0.008894933857945667,0.009704892057833234,0.36653740149227726,0.00019591836734693876,30.691067857476163,0.005239938937370095,0.005232363488669968,0.057124541726340246,0.04024178493868939,0.2477001750482647,0.03954710082812182
7VqG07YAQv,2026,jYQJJyDPQG,lgpMOvnQzy,100.0,0.8189,0.7893,2,0.0078,0.007,2,0.0045,0.004,2,0.0898,0.0886,5,0.0487,0.1112,56,0.0219,0.0165,53,2,0,2,0.7893,0.0,2026-03-01,2,0.9915999999999999,120,True,0.786144,1.92,0.007488,1.92,0.004319999999999999,1.92,0.086208,4.800000000000001,0.046752,53.760000000000005,0.021023999999999998,50.88,0.9519359999999999,115.19999999999999,0.0,1.92,0.7577280000000001,100.0,0.7893,0.7577280000000001,0.007223609427050639,0.04470068598514822,0.40945,4.307701195605223,0.0695614269283274,0.05723394513110336,0.00683534396587721,0.027606333322638656,0.0039,2.933205522591648,-0.016510340976062965,-0.01670270262145149,0.011655440824251158,0.04412957699158392,0.00225,1.1567592740833514,-0.0012699083866886992,-0.0013155777385204363,0.0055248618784530384,0.0793013319140693,0.01796,2.071533698327986,0.0050711728178862185,0.004892652971196861,0.29774384271551574,0.26615186045015843,0.0008696428571428571,37.49985569692673,0.002903329188236884,-0.009692387321194752,0.010488818523649317,0.3597016747647554,0.0004132075471698113,32.40351114383241,0.005606804454550891,0.005524309202959144,0.06536248402624972,0.03994023962409268,0.2671772133179395,0.036770150667418545
7VqG07YAQv,2026,raMyNnLO5d,lgpMOvnQzy,101.0,-0.4939,-0.5238,2,-0.001,-0.0018,1,0.0005,0.0,0,0.0215,0.0203,3,0.0021,0.0652,37,0.0095,0.004,36,2,1,1,0.4762,0.0,2026-03-08,3,-0.4613,79,True,-0.46944950495049503,1.900990099009901,-0.0009504950495049505,0.9504950495049505,0.00047524752475247524,0.0,0.020435643564356433,2.8514851485148514,0.001996039603960396,35.16831683168317,0.00902970297029703,34.21782178217822,-0.4384633663366337,75.0891089108911,0.9504950495049505,1.900990099009901,0.4526257425742575,50.0,-0.5238,-0.49786930693069315,0.007223609427050639,0.04512752053375302,-0.24695,4.305776483979898,0.0491141746615893,0.057208372596111966,0.0034293925216784442,0.027874701472863753,-0.001,2.9059012298223834,-0.01650044094221496,-0.01654722238697712,0.0,0.044551212499878944,,1.0715576124179291,-0.0012186782263373136,-0.0012186782263373136,0.0033222591362126247,0.08003087967968145,0.007166666666666666,1.9177543363214304,0.004560061916820216,0.004529449102953049,0.21882985295635568,0.2680998263788889,5.6756756756756757e-05,32.55859046804878,-0.006169358035087817,-0.008415244901178395,0.007148530579825258,0.3619965837381058,0.00026388888888888886,26.438081589418793,0.004524946311852055,0.0045072935702774935,0.034310705686621486,0.04006396975484968,0.2515407040092896,0.03896682323082133
7VqG07YAQv,2026,kRQalzboqK,lgpMOvnQzy,99.0,1.4203,1.3909,4,-0.0815,-0.0823,4,0.0091,0.0086,2,0.103,0.1018,5,0.0549,0.1168,39,0.0247,0.0194,41,4,0,4,1.3909,0.75,2026-03-15,4,1.5305,95,True,1.3772606060606059,3.878787878787879,-0.07903030303030303,3.878787878787879,0.008824242424242425,1.9393939393939394,0.09987878787878787,4.848484848484849,0.05323636363636363,37.81818181818181,0.023951515151515147,39.75757575757576,1.4841212121212122,92.12121212121212,0.0,3.878787878787879,1.3487515151515153,100.0,1.3909,1.3487515151515153,0.014343606244813343,0.04427346966994863,0.355075,4.395491327472507,0.07994917368288257,0.058400362057948366,0.013577878462138824,0.027337816958284907,-0.020375,2.9870342932145606,-0.01760463426144702,-0.0170092225503375,0.011655440824251158,0.04370756918706364,0.00455,1.157269972426834,-0.0012394455084345534,-0.0013161585537227326,0.0055248618784530384,0.07857062614795715,0.0206,2.073177755901362,0.0051054361318967675,0.004896535989454149,0.2279620129126287,0.2641934977551204,0.0014076923076923077,33.24473882526538,0.004034443168888035,-0.008592590000628732,0.00813330688355485,0.3573901965395055,0.0006024390243902439,28.36176559638548,0.004934893630963872,0.004835252636691632,0.07517986684474967,0.04121417957940518,0.5204313049644548,0.019220855026253557
7VqG07YAQv,2026,eVq36laD5W,lgpMOvnQzy,100.0,-0.7137,-0.7433,2,0.0175,0.0166,1,0.0386,0.0381,5,0.0822,0.081,5,0.0777,0.1402,50,0.0272,0.0219,50,3,1,1,0.2567,0.0,2026-03-22,5,-0.47050000000000014,113,True,-0.685152,1.92,0.016800000000000002,0.96,0.037056,4.800000000000001,0.078912,4.800000000000001,0.074592,48.0,0.026112,48.0,-0.4516800000000002,108.47999999999999,0.96,2.88,0.24643199999999998,33.33333333333333,-0.7433000000000001,-0.713568,0.007223609427050639,0.04470068598514822,-0.35685,4.307701195605223,0.04571635414347148,0.05723394513110336,0.0034293925216784442,0.027606333322638656,0.0175,2.906703442601915,-0.016320583908538445,-0.016551790468344908,0.028637920675975252,0.04412957699158392,0.00772,1.2838524558191131,-0.0011344653046728775,-0.001460120310475863,0.0055248618784530384,0.0793013319140693,0.01644,2.071533698327986,0.005053776512795287,0.004892652971196861,0.2746028570545772,0.26615186045015843,0.001554,35.966820980733814,0.008604821535081736,-0.009296152029884087,0.009900990099009901,0.3597016747647554,0.000544,31.367570320509916,0.005463699527482691,0.005347696940213944,0.04738360250561987,0.040166232233809315,0.26810033559695573,0.03664818370584234
7VqG07YAQv,2026,gOMnGz6m5w,lgpMOvnQzy,100.0,-0.7918,-0.8215,3,0.0117,0.0109,1,0.0005,0.0,0,0.101,0.0998,3,0.0338,0.0963,31,0.0047,-0.0007,26,3,2,1,1.1785,0.3333,2026-04-05,6,-0.6401,64,True,-0.7601279999999999,2.88,0.011231999999999999,0.96,0.00048000000000000007,0.0,0.09696,2.88,0.032448,29.759999999999998,0.004512,24.96,-0.614496,61.44,1.92,2.88,1.13136,33.33333333333333,-0.8214999999999999,-0.7886399999999998,0.010796419581442509,0.04470068598514822,-0.2639333333333333,4.350613854150966,0.04478279710176594,0.057804100913297005,0.0034293925216784442,0.027606333322638656,0.0117,2.906703442601915,-0.016378399625421463,-0.016551790468344908,0.0,0.04412957699158392,,1.0720304862595103,-0.001219216023883485,-0.001219216023883485,0.0033222591362126247,0.0793013319140693,0.03366666666666667,1.9192751410529734,0.00473265083502149,0.004533041016420061,0.19008942954436575,0.26615186045015843,0.0010903225806451612,31.112211046122923,-6.45410375643942e-05,-0.008041406940733655,0.005173099880620772,0.3597016747647554,0.00018076923076923077,23.08004373392995,0.0039360267403126155,0.003934798838252347,0.035789317990230704,0.040459527335007364,0.37671059590316686,0.026360594433621473
7VqG07YAQv,2026,Pk5L3DgmMO,lgpMOvnQzy,94.0,0.2218,0.1939,2,0.0033,0.0025,2,0.0005,0.0,0,0.0098,0.0086,3,0.0163,0.075,36,0.0283,0.0233,34,2,0,2,0.1939,0.5,2026-04-11,7,0.27999999999999997,77,True,0.2265191489361702,2.0425531914893615,0.003370212765957447,2.0425531914893615,0.0005106382978723404,0.0,0.010008510638297873,3.0638297872340425,0.016646808510638298,36.765957446808514,0.02890212765957447,34.72340425531915,0.2859574468085106,78.63829787234043,0.0,2.0425531914893615,0.19802553191489358,100.0,0.1939,0.19802553191489358,0.007223609427050639,0.04213164362835147,0.1109,4.319285697624203,0.06043348660604588,0.05738786173831879,0.00683534396587721,0.025993007621227308,0.00165,2.938072086432287,-0.016582919897418443,-0.016730414545485607,0.0,0.04159192842454726,,1.074876517020368,-0.001222452803389831,-0.001222452803389831,0.0033222591362126247,0.07489963042638617,0.0032666666666666664,1.9284508643775318,0.004560509691669898,0.0045547127034522425,0.21418227519501587,0.25424278015988333,0.00045277777777777775,32.91536918097896,-0.003493279616745284,-0.008507459588659448,0.006754072308303536,0.34557787060803086,0.0008323529411764706,26.412591806585677,0.004621020279049088,0.004502947947321347,0.04831636425921131,0.039985195451557494,0.2913069562865186,0.033827410195931114
7VqG07YAQv,2026,9Yqdez69Qv,lgpMOvnQzy,103.0,0.0305,0.0,0,0.0008,0.0,0,0.0005,0.0,0,0.0012,0.0,0,-0.0071,0.0572,30,0.0037,-0.0019,28,0,0,0,0.0,0.0,2026-04-18,8,0.0296,58,True,0.02842718446601942,0.0,0.0007456310679611651,0.0,0.00046601941747572817,0.0,0.0011184466019417475,0.0,-0.00661747572815534,27.961165048543688,0.003448543689320388,26.097087378640776,0.027588349514563106,54.05825242718446,0.0,0.0,0.0,,0.0,0.0,0.0,0.045980046376263226,,4.216221838260664,0.05601851158983809,0.05601851158983809,0.0,0.028410993621519526,,2.8778179825381467,-0.016387306511863518,-0.016387306511863518,0.0,0.045393368596699575,,1.0706131151427236,-0.0012176040533289855,-0.0012176040533289855,0.0,0.08148651220296954,,1.6868741641009146,0.0039841446449483805,0.0039841446449483805,0.1850924842280916,0.27196489736136725,-0.00023666666666666668,30.612279803421725,-0.007788682730093544,-0.007912192383819417,0.005568814638027049,0.36653740149227726,0.00013214285714285715,23.516898911763242,0.004004254726210856,0.0040092760474829325,0.03861331766571128,0.038494829333257485,0.0031624119440251427,0.7633205699928693
7VqG07YAQv,2026,7vQ7RXYYqD,lgpMOvnQzy,108.0,1.2608,1.2288,3,-0.0885,-0.0894,2,0.0039,0.0034,1,0.0695,0.0682,2,-0.007,0.0604,31,0.0076,0.0019,25,3,1,2,2.2288,0.0,2026-04-26,10,1.2463,64,True,1.120711111111111,2.6666666666666665,-0.07866666666666666,1.7777777777777777,0.0034666666666666665,0.8888888888888888,0.06177777777777778,1.7777777777777777,-0.006222222222222223,27.555555555555557,0.006755555555555555,22.22222222222222,1.1078222222222223,56.888888888888886,0.8888888888888888,2.6666666666666665,1.9811555555555556,66.66666666666666,1.2288000000000001,1.0922666666666667,0.010796419581442509,0.048104715760470984,0.4202666666666666,4.335111258385226,0.07664629992019009,0.05759812685076192,0.00683534396587721,0.02974913881707011,-0.04425,2.9267417938308644,-0.01743721269203704,-0.016665895879310322,0.005861881820464166,0.04749227801976034,0.0039,1.1104744985808457,-0.0012301481179315334,-0.0012629382467542996,0.0022172949002217295,0.08510551998018141,0.03475,1.8315264633769344,0.004457321140680351,0.004325791755209978,0.19008942954436575,0.28145130618479425,-0.00022580645161290324,30.46357605077268,-0.007684640462775032,-0.007873757719471955,0.004975124378109453,0.3776116065626405,0.000304,22.098811758177582,0.0037821928373399007,0.00376751360765417,0.05853381262546674,0.03988884036808949,0.3218888274775966,0.030712255463903156
7VqG07YAQv,2026,kRQalzngqK,lgpMOvnQzy,100.0,0.3581,0.3285,2,-0.1527,-0.1535,1,0.0005,0.0,0,0.0012,0.0,0,-0.0039,0.0585,29,0.0151,0.0097,28,2,1,1,1.3285,0.0,2026-05-03,11,0.2183,60,True,0.34377599999999997,1.92,-0.146592,0.96,0.00048000000000000007,0.0,0.0011519999999999998,0.0,-0.003744,27.839999999999996,0.014496000000000002,26.880000000000003,0.209568,57.599999999999994,0.96,1.92,1.27536,50.0,0.3285,0.31536000000000003,0.007223609427050639,0.04470068598514822,0.17905,4.307701195605223,0.06239203534587822,0.05723394513110336,0.0034293925216784442,0.027606333322638656,-0.1527,2.906703442601915,-0.018017176152243523,-0.016551790468344908,0.0,0.04412957699158392,,1.0720304862595103,-0.001219216023883485,-0.001219216023883485,0.0,0.0793013319140693,,1.6908873051404538,0.003993623084254863,0.003993623084254863,0.18003349632311236,0.26615186045015843,-0.00013448275862068965,30.601199474058618,-0.007226282363595259,-0.007909328510296767,0.005568814638027049,0.3597016747647554,0.0005392857142857143,23.770670949478284,0.004101360156142175,0.004052540346749147,0.044024344046552984,0.039599773559582205,0.24674924968711748,0.03969345837711722
7VqG07YAQv,2026,Oa5wP6Ojq1,lgpMOvnQzy,101.0,0.7683,0.7383,3,0.0916,0.0908,2,-0.032,-0.0325,1,0.0053,0.004,3,0.0447,0.1078,40,0.0459,0.0405,56,3,1,2,1.7383,0.0,2026-05-10,12,0.9238,105,True,0.7302653465346534,2.8514851485148514,0.08706534653465346,1.900990099009901,-0.030415841584158415,0.9504950495049505,0.005037623762376237,2.8514851485148514,0.04248712871287129,38.019801980198025,0.04362772277227723,53.22772277227723,0.8780673267326732,99.8019801980198,0.9504950495049505,2.8514851485148514,1.6522455445544555,66.66666666666666,0.7383,0.7017504950495048,0.010796419581442509,0.04512752053375302,0.2561,4.348669968843663,0.0691783869452518,0.057778273628634635,0.00683534396587721,0.027874701472863753,0.0458,2.932395995578769,-0.015665943446243984,-0.016698092890269682,0.005861881820464166,0.044551212499878944,-0.032,1.113903319348507,-0.0014683580051329905,-0.0012668378310259595,0.0033222591362126247,0.08003087967968145,0.0017666666666666666,1.9177543363214304,0.004525657021749998,0.004529449102953049,0.23244848951122227,0.2680998263788889,0.0011175,33.32307314128759,0.002045245252246703,-0.008612836652710926,0.011075949367088608,0.3619965837381058,0.0008196428571428572,33.31960080503427,0.005920057939354538,0.005680488652885094,0.06453504570722607,0.041410444010466216,0.3740458716725979,0.026543404117116226
7VqG07YAQv,2026,KAqBroVBqb,lgpMOvnQzy,108.0,-0.2273,-0.2594,3,0.0214,0.0206,1,0.0005,0.0,0,0.018,0.0167,3,0.0151,0.0825,28,0.0087,0.0029,19,3,2,1,1.7406,0.6667,2026-05-14,13,-0.16360000000000002,54,True,-0.20204444444444442,2.6666666666666665,0.01902222222222222,0.8888888888888888,0.00044444444444444447,0.0,0.016,2.6666666666666665,0.01342222222222222,24.888888888888886,0.007733333333333333,16.88888888888889,-0.14542222222222223,48.0,1.7777777777777777,2.6666666666666665,1.5471999999999997,33.33333333333333,-0.2594000000000001,-0.23057777777777783,0.010796419581442509,0.048104715760470984,-0.07576666666666666,4.335111258385226,0.05343011447895083,0.05759812685076192,0.0034293925216784442,0.02974913881707011,0.0214,2.9002981148823577,-0.016245828801847637,-0.016515316282247585,0.0,0.04749227801976034,,1.0682591403410586,-0.0012149268871151572,-0.0012149268871151572,0.0033222591362126247,0.08510551998018141,0.005999999999999999,1.907175814470429,0.004527516011722696,0.004504464215472364,0.1749113031204952,0.28145130618479425,0.0005392857142857143,29.713039234279893,-0.0035337450017448955,-0.007679770479012767,0.003785614664275752,0.3776116065626405,0.0004578947368421052,20.0848831898435,0.003446022019724166,0.0034241692066487896,0.04040915181969,0.04011674662450755,0.3223401546262393,0.03067057234975828
7VqG07YAQv,2026,raMyNnyd5d,lgpMOvnQzy,80.0,1.1476,1.1239,7,0.1153,0.1146,6,0.0004,0.0,0,0.001,0.0,0,-0.0844,-0.0344,15,-0.0467,-0.051,12,7,1,6,2.1239,0.0,2026-05-17,14,1.1331999999999998,40,True,1.3771200000000001,8.399999999999999,0.13836,7.199999999999999,0.00048000000000000007,0.0,0.0012000000000000001,0.0,-0.10128,18.0,-0.05603999999999999,14.399999999999999,1.3598399999999997,48.0,1.2000000000000002,8.399999999999999,2.54868,85.71428571428571,1.1239,1.3486799999999999,0.024834152450295324,0.036083136983248026,0.16394285714285714,4.563058860585693,0.07769907707277299,0.06062673537412426,0.020229480976184842,0.022207681187950416,0.019216666666666667,3.0560873155699224,-0.015862359354117055,-0.017402434716559993,0.0,0.03561802325315476,,1.0815763879564309,-0.0012300725400558102,-0.0012300725400558102,0.0,0.06446347339120131,,1.7181374223410641,0.00405798378811145,0.00405798378811145,0.10198452682552747,0.22489260542731962,-0.005626666666666667,28.54349957261019,-0.023004296621673272,-0.00737748581210588,0.0023942537909018356,0.3100677150937445,-0.0038916666666666665,19.66000022656588,0.0031605234208364587,0.0033517330791625914,0.04482085576587476,0.04202645917267662,1.3374807129364528,0.007567948129189691
7VqG07YAQv,2026,eVq36l2V5W,lgpMOvnQzy,105.0,-1.7225,-1.7537,6,0.0111,0.0102,2,0.0024,0.0019,1,0.0823,0.081,3,-0.0185,0.0471,23,0.0117,0.0061,20,6,4,2,2.2463,0.1667,2026-07-22,17,-1.6334999999999997,55,True,-1.5748571428571427,5.485714285714286,0.01014857142857143,1.8285714285714287,0.002194285714285714,0.9142857142857144,0.07524571428571428,2.742857142857143,-0.016914285714285715,21.02857142857143,0.010697142857142856,18.285714285714285,-1.493485714285714,50.28571428571429,3.6571428571428575,5.485714285714286,2.05376,33.33333333333333,-1.7536999999999998,-1.603382857142857,0.021362203846968835,0.04683105127852783,-0.2870833333333333,4.469362650967461,0.030703914233010825,0.05938184779330661,0.00683534396587721,0.028946694384082813,0.00555,2.929162350980783,-0.016454546867483415,-0.01667967938201476,0.005861881820464166,0.04623404140666874,0.0024,1.1119414049793725,-0.0012415502135644607,-0.0012646065535884285,0.0033222591362126247,0.08293754561811274,0.027433333333333334,1.911695142502269,0.004674370856860546,0.004515138192796818,0.14830946355164235,0.2757893608978995,-0.0008043478260869565,28.686417587339676,-0.009736867109727841,-0.007414425067689413,0.00398406374501992,0.37101403992684695,0.000585,20.637003845025834,0.0035523785136534545,0.003518297438710708,0.01149769941274911,0.04205657242152153,0.6724367737486473,0.014940864938995187
7VqG07YAQv,2026,KXMeXz8PQ6,lgpMOvnQzy,99.0,0.828,0.7987,3,0.0167,0.0159,3,0.0057,0.0052,1,-0.0096,-0.0108,2,0.017,0.0788,30,0.0034,-0.0019,13,3,0,3,0.7987,0.6667,2026-07-26,18,0.8612,52,True,0.8029090909090908,2.909090909090909,0.016193939393939392,2.909090909090909,0.005527272727272727,0.9696969696969697,-0.00930909090909091,1.9393939393939394,0.016484848484848484,29.090909090909093,0.0032969696969696967,12.606060606060607,0.8351030303030302,50.42424242424243,0.0,2.909090909090909,0.7744969696969697,100.0,0.7987,0.7744969696969697,0.010796419581442509,0.04427346966994863,0.27599999999999997,4.3525594780955865,0.0701754029921645,0.05782995129823219,0.010218093855726062,0.027337816958284907,0.005566666666666667,2.9605248949519813,-0.016517612557447277,-0.016858268724414566,0.005861881820464166,0.04370756918706364,0.0057,1.1148868750333176,-0.001223272404195453,-0.0012679564250087543,0.0022172949002217295,0.07857062614795715,-0.0048,1.8446086616527597,0.004327397687162015,0.004356689952191115,0.1850924842280916,0.2641934977551204,0.0005666666666666667,30.93905011758433,-0.0032714657696225036,-0.007996650960821142,0.002593257530420906,0.3573901965395055,0.00026153846153846154,18.658080260040123,0.0031853265042902355,0.003180920858624563,0.056675776452351515,0.039244685998803416,0.38292700819065983,0.025943760522207947
7VqG07YAQv,2026,p6qbYzow50,lgpMOvnQzy,99.0,-0.2762,-0.3056,1,0.0008,0.0,0,0.0029,0.0024,1,0.0277,0.0265,2,0.0069,0.0687,21,0.0067,0.0013,14,1,1,0,0.6944,0.0,2026-08-01,19,-0.23119999999999996,39,True,-0.26783030303030303,0.9696969696969697,0.0007757575757575757,0.0,0.002812121212121212,0.9696969696969697,0.026860606060606057,1.9393939393939394,0.006690909090909091,20.363636363636363,0.006496969696969697,13.575757575757574,-0.22419393939393936,37.81818181818181,0.9696969696969697,0.9696969696969697,0.6733575757575758,0.0,-0.3056,-0.2963393939393939,0.003624897134080235,0.04427346966994863,-0.2762,4.266695779341747,0.05221183625657291,0.05668912977879986,0.0,0.027337816958284907,,2.880996700164243,-0.016405407246645767,-0.016405407246645767,0.005861881820464166,0.04370756918706364,0.0029,1.1148868750333176,-0.0012415713424884223,-0.0012679564250087543,0.0022172949002217295,0.07857062614795715,0.01385,1.8446086616527597,0.004403676958868942,0.004356689952191115,0.13718215470129144,0.2641934977551204,0.00032857142857142856,28.633361409903276,-0.005094842271441367,-0.007400711921013551,0.002792181890706023,0.3573901965395055,0.00047857142857142857,19.00464045062388,0.00325635256742771,0.003240004136412672,0.03713004492229401,0.03921174827473558,0.13237664727724982,0.07153507200733167
7VqG07YAQv,2026,0x5gxzWwq7,lgpMOvnQzy,100.0,0.0297,0.0,0,0.0008,0.0,0,0.0005,0.0,0,-0.0149,-0.0161,4,0.0302,0.0927,39,0.0005,-0.0049,44,0,0,0,0.0,0.0,2026-08-17,20,0.0468,87,True,0.028512000000000003,0.0,0.000768,0.0,0.00048000000000000007,0.0,-0.014303999999999999,3.84,0.028992000000000004,37.44,0.00048000000000000007,42.24,0.044927999999999996,83.52,0.0,0.0,0.0,,0.0,0.0,0.0,0.04470068598514822,,4.221875878513739,0.056093633566716074,0.056093633566716074,0.0,0.027606333322638656,,2.8802013626121816,-0.016400878315238322,-0.016400878315238322,0.0,0.04412957699158392,,1.0720304862595103,-0.001219216023883485,-0.001219216023883485,0.004424778761061947,0.0793013319140693,-0.003725,1.9954044196904799,0.004659104832493614,0.0047128469938084614,0.2279620129126287,0.26615186045015843,0.0007743589743589744,33.156257334380136,-0.0007632604463078878,-0.008569720662481205,0.008723235527359239,0.3597016747647554,1.1363636363636365e-05,29.295688673864923,0.004953808469063175,0.004994472414723544,0.04732319208284316,0.039611137973645065,0.016950558943792347,0.3756638209007867
7VqG07YAQv,2026,eV5D89k95K,lgpMOvnQzy,101.0,0.0692,0.0392,4,0.0279,0.0271,3,0.0023,0.0018,1,-0.0091,-0.0103,2,0.034,0.097,24,0.0016,-0.0038,14,5,1,3,1.0392,0.0,2026-08-20,21,0.12589999999999998,48,True,0.06577425742574257,3.801980198019802,0.02651881188118812,2.8514851485148514,0.002186138613861386,0.9504950495049505,-0.00864950495049505,1.900990099009901,0.03231683168316832,22.81188118811881,0.001520792079207921,13.306930693069308,0.11966732673267325,45.62376237623762,0.9504950495049505,4.752475247524753,0.9877544554455444,60.0,0.0391999999999999,0.037259405940593966,0.014343606244813343,0.04512752053375302,0.0173,4.391563453707428,0.05860099324445235,0.0583481746611573,0.010218093855726062,0.027874701472863753,0.009300000000000001,2.958890761335154,-0.01639562082560921,-0.01684896339356224,0.005861881820464166,0.044551212499878944,0.0023,1.113903319348507,-0.0012443937672546716,-0.0012668378310259595,0.0022172949002217295,0.08003087967968145,-0.00455,1.841685381378367,0.00432156064748622,0.004349785601114571,0.1537661802406755,0.2680998263788889,0.0014166666666666668,29.245832217347257,-2.591506907770128e-05,-0.007559013977870758,0.002792181890706023,0.3619965837381058,0.0001142857142857143,18.86841045224177,0.00321381817985027,0.0032167789794091332,0.048470442409847256,0.040239924039222046,0.48667959879792194,0.020526478630938993
7VqG07YAQv,2026,aDQ0WDlGqE,lgpMOvnQzy,104.0,0.0804,0.0495,1,-0.0266,-0.0275,1,0.0005,0.0,0,0.0267,0.0255,3,0.0071,0.072,42,0.01,0.0045,45,1,0,1,0.0495,0.0,2026-08-23,22,0.09809999999999999,92,True,0.07421538461538461,0.9230769230769231,-0.024553846153846152,0.9230769230769231,0.0004615384615384616,0.0,0.024646153846153845,2.769230769230769,0.006553846153846154,38.769230769230774,0.00923076923076923,41.53846153846154,0.09055384615384615,84.92307692307692,0.0,0.9230769230769231,0.0456923076923077,100.0,0.0495,0.0456923076923077,0.003624897134080235,0.04640573869042975,0.0804,4.257176588504838,0.057598338878447654,0.05656265377191991,0.0034293925216784442,0.028678917864907755,-0.0266,2.903497246090837,-0.016741695648172364,-0.016533533259138797,0.0,0.04581389016751004,,1.0701414906074442,-0.0012170676766139208,-0.0012170676766139208,0.0033222591362126247,0.08221260243570114,0.0089,1.9132063485861996,0.0045602650073430905,0.004518707435692843,0.24126680872392986,0.27388216495825446,0.00016904761904761907,33.56543457808557,-0.0052133877991898045,-0.008675478518219754,0.008919722497522299,0.3687836577821413,0.00022222222222222223,29.220574695417874,0.00499515140274264,0.004981666615976489,0.0439816041645573,0.039636948369616766,0.12607674264221955,0.07484206968682347
7VqG07YAQv,2026,jYQJJyYZQG,lgpMOvnQzy,101.0,0.03,0.0,0,0.0008,0.0,0,0.0005,0.0,0,0.0012,0.0,0,0.0089,0.072,51,0.0152,0.0098,53,0,0,0,0.0,0.0,2026-08-30,23,0.05659999999999999,104,True,0.028514851485148512,0.0,0.0007603960396039605,0.0,0.00047524752475247524,0.0,0.0011405940594059404,0.0,0.008459405940594059,48.475247524752476,0.014447524752475247,50.37623762376238,0.05379801980198019,98.85148514851485,0.0,0.0,0.0,,0.0,0.0,0.0,0.04512752053375302,,4.219989514252367,0.05606857053106662,0.05606857053106662,0.0,0.027874701472863753,,2.879406464065998,-0.01639635188368456,-0.01639635188368456,0.0,0.044551212499878944,,1.0715576124179291,-0.0012186782263373136,-0.0012186782263373136,0.0,0.08003087967968145,,1.6895474714922398,0.003990458597437615,0.003990458597437615,0.2785650191927529,0.2680998263788889,0.00017450980392156863,36.126176276496565,-0.004980106027285919,-0.009337339741663541,0.010488818523649317,0.3619965837381058,0.00028679245283018867,32.287372922691944,0.00554389768867894,0.0055045093904939535,0.04300779067987538,0.038611168667312776,0.006092174026309898,0.6260484420098813
7VqG07YAQv,2026,2vQ1g1Rb5r,lgpMOvnQzy,102.0,-0.4479,-0.4781,6,0.0395,0.0387,3,0.0005,0.0,0,0.019,0.0178,2,-0.0055,0.0582,41,0.0186,0.0131,49,6,3,3,2.5219,0.0,2026-09-06,24,-0.3758,101,True,-0.4215529411764706,5.647058823529411,0.0371764705882353,2.8235294117647056,0.00047058823529411766,0.0,0.01788235294117647,1.8823529411764706,-0.0051764705882352945,38.58823529411765,0.017505882352941177,46.11764705882353,-0.3536941176470588,95.05882352941177,2.8235294117647056,5.647058823529411,2.3735529411764706,50.0,-0.47809999999999997,-0.44997647058823526,0.021362203846968835,0.04555397382726262,-0.07465000000000001,4.475350804768246,0.05105439166688926,0.059461408944488696,0.010218093855726062,0.028142921531641923,0.013166666666666667,2.9580743708398898,-0.016274223684873503,-0.016844314579300725,0.0,0.04497247620439232,,1.0710851555627712,-0.0012181409030281492,-0.0012181409030281492,0.0022172949002217295,0.08075927219536061,0.0095,1.8402272130351027,0.004375467605253717,0.004346341625434651,0.23688312364197092,0.2700374781153283,-0.00013414634146341462,33.48900568310078,-0.0076695096093304434,-0.008655724350131467,0.009704892057833234,0.3642751009820834,0.0003795918367346938,30.800675620643126,0.0053135556248766385,0.005251049956691637,0.035581540699787514,0.04234062069415464,0.7129845906717821,0.014103153297857178
7VqG07YAQv,2026,zeQZLz1Y5K,lgpMOvnQzy,99.0,1.6239,1.5946,5,0.0376,0.0368,5,-0.0209,-0.0214,1,0.0014,0.0002,1,0.0261,0.0879,39,0.0119,0.0066,35,5,0,5,1.5946,0.0,2026-09-10,25,1.6800000000000002,86,True,1.574690909090909,4.848484848484849,0.03646060606060606,4.848484848484849,-0.020266666666666665,0.9696969696969697,0.0013575757575757575,0.9696969696969697,0.025309090909090913,37.81818181818181,0.01153939393939394,33.93939393939394,1.6290909090909094,83.3939393939394,0.0,4.848484848484849,1.546278787878788,100.0,1.5946,1.546278787878788,0.01786544408219076,0.04427346966994863,0.32477999999999996,4.438423176849426,0.083670469355878,0.05897077281766453,0.01691493085882438,0.027337816958284907,0.007520000000000001,3.01354369147714,-0.01648658957780676,-0.017160176376260432,0.005861881820464166,0.04370756918706364,-0.0209,1.1148868750333176,-0.0013971123179786617,-0.0012679564250087543,0.0011098779134295228,0.07857062614795715,0.0014,1.7684189635698921,0.00417485342102341,0.004176741273103438,0.2279620129126287,0.2641934977551204,0.0006692307692307693,33.24473882526538,-0.0015620153527332197,-0.008592590000628732,0.006951340615690168,0.3573901965395055,0.00034,26.282404452882904,0.0045117230313414455,0.004480752969962974,0.07291132855972421,0.040607544258833034,0.631635338608269,0.015890656080149085
7VqGmob3Mv,2026,a35roEkAqL,9z5k7Yg5A3,99.0,-0.4749,-0.5043,1,0.0008,0.0,0,0.0025,0.002,1,-0.0028,-0.004,2,-0.0018,0.06,26,0.0038,-0.0015,13,1,1,0,0.4957,0.0,2026-02-22,1,-0.4724,43,True,-0.4605090909090909,0.9696969696969697,0.0007757575757575757,0.0,0.0024242424242424242,0.9696969696969697,-0.002715151515151515,1.9393939393939394,-0.0017454545454545455,25.212121212121215,0.0036848484848484844,12.606060606060607,-0.4580848484848485,41.6969696969697,0.9696969696969697,0.9696969696969697,0.4806787878787878,0.0,-0.5043,-0.4890181818181818,0.003624897134080235,0.04427346966994863,-0.4749,4.266695779341747,0.04913867582936058,0.05668912977879986,0.0,0.027337816958284907,,2.880996700164243,-0.016405407246645767,-0.016405407246645767,0.005861881820464166,0.04370756918706364,0.0025,1.1148868750333176,-0.001244185476530275,-0.0012679564250087543,0.0022172949002217295,0.07857062614795715,-0.0014,1.8446086616527597,0.004341303827848532,0.004356689952191115,0.16447250288380957,0.2641934977551204,-6.923076923076922e-05,29.914299580837195,-0.006800743353530404,-0.007731789165351102,0.002593257530420906,0.3573901965395055,0.0002923076923076923,18.658080260040123,0.0031868152798944674,0.003180920858624563,0.03221645886039713,0.038821587752609917,0.13239991494335443,0.07152339974341877
7VqGmob3Mv,2026,KAqBroL4qb,9z5k7Yg5A3,106.0,0.1317,0.1002,9,0.0456,0.0447,7,0.0005,0.0,0,-0.0213,-0.0226,2,-0.0408,0.0254,21,0.0057,1.4396e-06,7,9,2,7,2.1002,0.3333,2026-03-01,2,0.12140000000000002,46,True,0.11927547169811321,8.150943396226415,0.04129811320754717,6.339622641509434,0.0004528301886792453,0.0,-0.01929056603773585,1.8113207547169812,-0.03695094339622642,19.0188679245283,0.005162264150943396,6.339622641509434,0.10994716981132077,41.660377358490564,1.8113207547169812,8.150943396226415,1.902067924528302,77.77777777777779,0.10020000000000007,0.0907471698113208,0.031704665012010046,0.047255984648415836,0.014633333333333335,4.595763777815776,0.06125752107776991,0.061061266775739004,0.023521755654127043,0.029214323301186104,0.006514285714285715,3.0606463291755577,-0.016549473892782388,-0.017428395341519815,0.0,0.046653822803158336,,1.0691994869946686,-0.0012159963396379924,-0.0012159963396379924,0.0022172949002217295,0.08366134446616015,-0.01065,1.834417557081679,0.00427969510400443,0.004332620086419817,0.13718215470129144,0.2776865643339975,-0.001942857142857143,28.1082887845566,-0.013759941880083714,-0.007264999205270123,0.0013980427401637707,0.37322871560620957,0.0008142857142857143,16.170100453369336,0.0027713119596833933,0.002756757881910109,0.03678311602895364,0.042241253857641,0.9834531247237678,0.010264326363493682
7VqGmob3Mv,2026,wvq9kwawMW,9z5k7Yg5A3,96.0,0.5257,0.4972,3,0.0641,0.0633,2,0.002,0.0015,2,0.0668,0.0656,6,0.0096,0.0696,28,0.0126,0.0074,18,3,1,2,1.4972,0.3333,2026-03-08,3,0.6808000000000001,59,True,0.5257,3.0,0.0641,2.0,0.002,2.0,0.0668,6.0,0.0096,28.0,0.0126,18.0,0.6808000000000001,59.0,1.0,3.0,1.4972,66.66666666666666,0.4972000000000001,0.4972000000000001,0.010796419581442509,0.042989524996042236,0.17523333333333332,4.358406805110597,0.06552808371641428,0.05790764136500892,0.00683534396587721,0.02653137735160019,0.03205,2.9364481051987177,-0.01596357626531191,-0.016721167025869878,0.011655440824251158,0.04243930705865313,0.001,1.1588047766677583,-0.001289036946980297,-0.0013179040805039609,0.006622516556291391,0.07637153320966035,0.011133333333333334,2.154497156730846,0.005213753469989624,0.005088600259712199,0.1749113031204952,0.25825519000376856,0.00034285714285714285,30.672232558409693,-0.004701644604216734,-0.007927688052043113,0.0035870864886408927,0.35035453225470276,0.0007,20.61413238950979,0.003553553023749,0.0035143982010129317,0.05234113239364395,0.0405438806673171,0.420329260442975,0.023689890618339985
7VqGmob3Mv,2026,2vQ1g1aK5r,9z5k7Yg5A3,107.0,-0.6573,-0.689,4,0.037,0.0362,1,0.0019,0.0014,1,-0.0093,-0.0106,3,0.0064,0.0732,28,0.0197,0.014,22,4,3,1,2.311,0.0,2026-03-14,4,-0.6015999999999999,59,True,-0.5897271028037383,3.5887850467289715,0.03319626168224299,0.8971962616822429,0.0017046728971962617,0.8971962616822429,-0.008343925233644859,2.691588785046729,0.005742056074766355,25.1214953271028,0.017674766355140186,19.738317757009344,-0.5397532710280373,52.93457943925233,2.691588785046729,3.5887850467289715,2.0734205607476635,25.0,-0.6890000000000001,-0.6181682242990655,0.014343606244813343,0.04768053930704691,-0.164325,4.379821839845341,0.04703418758230347,0.05819217059935772,0.0034293925216784442,0.029481804738224416,0.037,2.901097236589887,-0.016095100611223486,-0.016519866761965558,0.005861881820464166,0.04707323484510101,0.0019,1.110963037149642,-0.0012437139733877402,-0.001263493859732658,0.0033222591362126247,0.08438400168723158,-0.0031,1.9086798810792711,0.004473382296236732,0.00450801659599534,0.1749113031204952,0.27957385359298004,0.0002285714285714286,29.790674644379774,-0.0051620250322030855,-0.007699836488615826,0.004380724810832338,0.37542785014671104,0.0008954545454545454,21.165851838055307,0.00367567850422674,0.0036084580334033996,0.03268240876595263,0.04082544811844242,0.43519134080689,0.022899390936633124
7VqGmob3Mv,2026,zeQZLzJ15K,9z5k7Yg5A3,103.0,-0.7824,-0.813,4,-0.028,-0.0289,2,0.0005,0.0,0,-0.0037,-0.0049,1,-0.0091,0.0552,26,0.0073,0.0018,16,4,2,2,1.187,0.25,2026-03-21,5,-0.8154000000000001,49,True,-0.7292271844660194,3.728155339805825,-0.026097087378640776,1.8640776699029125,0.00046601941747572817,0.0,-0.003448543689320388,0.9320388349514562,-0.008481553398058252,24.233009708737864,0.006803883495145631,14.9126213592233,-0.7599844660194175,45.66990291262136,1.8640776699029125,3.728155339805825,1.1063300970873788,50.0,-0.813,-0.7577475728155338,0.014343606244813343,0.045980046376263226,-0.1956,4.38764259368285,0.045149893204837394,0.05829608045189729,0.00683534396587721,0.028410993621519526,-0.014,2.9307782813277754,-0.016855267101591995,-0.016688881057054204,0.0,0.045393368596699575,,1.0706131151427236,-0.0012176040533289855,-0.0012176040533289855,0.0011098779134295228,0.08148651220296954,-0.0037,1.762822757998828,0.004151663752036308,0.004163523871988121,0.16447250288380957,0.27196489736136725,-0.00035,29.5983524190842,-0.008095732578965372,-0.0076501279907190845,0.003189792663476874,0.36653740149227726,0.00045625,19.417373799927287,0.003328068484829636,0.003310368938233197,0.026461021707816983,0.04021336016101634,0.4636894259224165,0.02152229767967203
7VqGmob3Mv,2026,2lqROeR0Qr,9z5k7Yg5A3,102.0,0.1206,0.0904,5,-0.1107,-0.1115,3,-0.0148,-0.0153,2,-0.0159,-0.0171,4,-0.025,0.0386,25,0.0118,0.0063,19,5,2,3,2.0904,0.0,2026-04-04,6,-0.03400000000000001,58,True,0.11350588235294118,4.705882352941177,-0.10418823529411765,2.8235294117647056,-0.013929411764705883,1.8823529411764706,-0.014964705882352942,3.764705882352941,-0.023529411764705882,23.52941176470588,0.011105882352941175,17.88235294117647,-0.03200000000000001,54.588235294117645,1.8823529411764706,4.705882352941177,1.967435294117647,60.0,0.09039999999999981,0.08508235294117629,0.01786544408219076,0.04555397382726262,0.02412,4.432476476460234,0.05974965337995894,0.05889176243409072,0.010218093855726062,0.028142921531641923,-0.0369,2.9580743708398898,-0.017787532821316725,-0.016844314579300725,0.011655440824251158,0.04497247620439232,-0.0074,1.155739228418098,-0.0013987803389218622,-0.0013144176446274825,0.004424778761061947,0.08075927219536061,-0.003975,1.992244666579311,0.004649523258975575,0.004705384129236146,0.15915342051963938,0.2700374781153283,-0.001,29.42255895383466,-0.011077079812013021,-0.007604691593109875,0.003785614664275752,0.3642751009820834,0.0006210526315789473,20.51526100467842,0.003532534508167133,0.003497542123327127,0.03766831817485003,0.04133126486961591,0.6006175639155839,0.01669759662625257
7VqGmob3Mv,2026,a35ro3KBqL,9z5k7Yg5A3,107.0,0.822,0.7903,4,-0.0636,-0.0645,3,0.0159,0.0153,1,0.0496,0.0483,2,-0.0078,0.059,41,-0.0047,-0.0105,31,4,1,3,1.7903,0.25,2026-04-11,7,0.8113999999999999,82,True,0.7374953271028037,3.5887850467289715,-0.05706168224299066,2.691588785046729,0.014265420560747664,0.8971962616822429,0.04450093457943925,1.7943925233644857,-0.006998130841121495,36.78504672897196,-0.004216822429906543,27.813084112149532,0.7279850467289719,73.57009345794393,0.8971962616822429,3.5887850467289715,1.6062504672897195,75.0,0.7903,0.7090542056074767,0.014343606244813343,0.04768053930704691,0.2055,4.379821839845341,0.07026749641579709,0.05819217059935772,0.010218093855726062,0.029481804738224416,-0.0212,2.9539991665874483,-0.01728913516845702,-0.016821108934750438,0.005861881820464166,0.04707323484510101,0.0159,1.110963037149642,-0.0011525412969582882,-0.001263493859732658,0.0022172949002217295,0.08438400168723158,0.0248,1.8329708702196987,0.004420397184719771,0.004329203228282596,0.23688312364197092,0.27957385359298004,-0.00019024390243902437,33.05149865638014,-0.008008520615219,-0.00854264424675741,0.006161796859471278,0.37542785014671104,-0.00015161290322580646,24.19734401120258,0.004077257161211466,0.004125281658981508,0.05231495368109402,0.04001940844538132,0.43538326448135206,0.02288952758723467
7VqGmob3Mv,2026,kRQalz2gqK,9z5k7Yg5A3,94.0,0.0279,0.0,0,0.0008,0.0,0,0.0038,0.0033,2,0.017,0.0159,2,0.0006,0.0593,30,0.0094,0.0044,23,0,0,0,0.0,0.0,2026-04-18,8,0.059500000000000004,57,True,0.028493617021276597,0.0,0.0008170212765957448,0.0,0.003880851063829787,2.0425531914893615,0.017361702127659574,2.0425531914893615,0.0006127659574468084,30.638297872340427,0.009600000000000001,23.48936170212766,0.060765957446808516,58.21276595744681,0.0,0.0,0.0,,0.0,0.0,0.0,0.04213164362835147,,4.233229574468421,0.05624448358666835,0.05624448358666835,0.0,0.025993007621227308,,2.8849799857591423,-0.01642808947407084,-0.01642808947407084,0.011655440824251158,0.04159192842454726,0.0019,1.159830243164124,-0.001278011160947531,-0.0013190703394866576,0.0022172949002217295,0.07489963042638617,0.0085,1.8519576247931375,0.00439925241004204,0.004374047104707151,0.1850924842280916,0.25424278015988333,1.9999999999999998e-05,31.357455974892872,-0.006488577026774381,-0.008104794087004513,0.004578936890304599,0.34557787060803086,0.00040869565217391306,22.530355302733756,0.003865660294257476,0.003841085263641921,0.040314718629175114,0.038607662054455406,0.011760875120559811,0.4644421596516939
7VqGmob3Mv,2026,Oa5wP6Vjq1,9z5k7Yg5A3,105.0,-2.0527,-2.0838,3,0.0009,0.0,0,0.002,0.0014,1,0.003,0.0017,1,-0.0273,0.0383,22,0.0044,-0.0012,13,4,3,0,0.9162,0.25,2026-04-22,9,-2.0697,40,True,-1.876754285714286,2.742857142857143,0.0008228571428571428,0.0,0.0018285714285714288,0.9142857142857144,0.002742857142857143,0.9142857142857144,-0.024960000000000003,20.114285714285714,0.004022857142857143,11.885714285714286,-1.8922971428571427,36.57142857142857,2.742857142857143,3.6571428571428575,0.8376685714285714,0.0,-2.0838,-1.9051885714285715,0.010796419581442509,0.04683105127852783,-0.6842333333333334,4.340911767460641,0.02498502131175937,0.05767519487453606,0.0,0.028946694384082813,,2.87623125267846,-0.016378271114656333,-0.016378271114656333,0.005861881820464166,0.04623404140666874,0.002,1.1119414049793725,-0.0012441574412073687,-0.0012646065535884285,0.0011098779134295228,0.08293754561811274,0.003,1.7600379162291486,0.004158193070499154,0.0041569464919678336,0.1427819177286672,0.2757893608978995,-0.001240909090909091,28.43426731451874,-0.011337878523465095,-0.007349253134040459,0.002593257530420906,0.37101403992684695,0.00033846153846153846,18.262513989494014,0.003121438057788161,0.003113482784427655,0.0033043453607178902,0.039953493348646334,0.3347905256818827,0.02956369869698785
7VqGmob3Mv,2026,vzqoYz7jMa,9z5k7Yg5A3,107.0,0.0336,0.0019,4,0.0004,-0.0005,3,0.0274,0.0269,1,0.1278,0.1265,4,0.0193,0.0861,37,0.0008,-0.005,36,4,1,3,1.0019,0.0,2026-04-25,10,0.20929999999999999,85,True,0.030145794392523365,3.5887850467289715,0.0003588785046728972,2.691588785046729,0.024583177570093456,0.8971962616822429,0.11466168224299064,3.5887850467289715,0.01731588785046729,33.19626168224299,0.0007177570093457944,32.299065420560744,0.18778317757009344,76.26168224299064,0.8971962616822429,3.5887850467289715,0.8989009345794392,75.0,0.0019000000000000128,0.0017046728971962734,0.014343606244813343,0.04768053930704691,0.0084,4.379821839845341,0.05788519351285221,0.05819217059935772,0.010218093855726062,0.029481804738224416,0.00013333333333333334,2.9539991665874483,-0.016645204699466575,-0.016821108934750438,0.005861881820464166,0.04707323484510101,0.0274,1.110963037149642,-0.001077649455605524,-0.001263493859732658,0.004424778761061947,0.08438400168723158,0.03195,1.9843888919388433,0.004946628172264446,0.004686829963708084,0.21882985295635568,0.27957385359298004,0.0005216216216216217,32.04816819114926,-0.002812498878452168,-0.008283318782713846,0.007148530579825258,0.37542785014671104,2.2222222222222223e-05,25.881506329617736,0.0043849751155942505,0.00441240589541379,0.04668144376718663,0.040923484881282654,0.44089828308744894,0.022609685239963945
7VqGmob3Mv,2026,NPqxLOygq9,9z5k7Yg5A3,99.0,0.7066,0.6772,1,-0.0151,-0.0159,1,-0.0201,-0.0206,1,0.0012,0.0,0,-0.0172,0.0446,22,0.0054,0.0001,8,1,0,1,0.6772,0.0,2026-05-02,11,0.6607999999999999,33,True,0.6851878787878788,0.9696969696969697,-0.014642424242424243,0.9696969696969697,-0.019490909090909093,0.9696969696969697,0.0011636363636363637,0.0,-0.01667878787878788,21.333333333333332,0.005236363636363636,7.757575757575758,0.6407757575757576,32.0,0.0,0.9696969696969697,0.6566787878787879,100.0,0.6772,0.6566787878787879,0.003624897134080235,0.04427346966994863,0.7066,4.266695779341747,0.06741214862629757,0.05668912977879986,0.0034293925216784442,0.027337816958284907,-0.0151,2.9075060984268224,-0.01665014460474748,-0.0165563610725687,0.005861881820464166,0.04370756918706364,-0.0201,1.1148868750333176,-0.0013918840498949561,-0.0012679564250087543,0.0,0.07857062614795715,,1.6922292654870246,0.003996792594015759,0.003996792594015759,0.1427819177286672,0.2641934977551204,-0.0007818181818181818,28.88954904409006,-0.009625711055700719,-0.0074669273698810615,0.001597444089456869,0.3573901965395055,0.000675,16.925279307121308,0.0028991451391131243,0.002885504469684015,0.0466403466490833,0.03828018197504113,0.1268013785091419,0.07444620815150815
7VqGmob3Mv,2026,ljqEdkDE5x,9z5k7Yg5A3,102.0,-0.9816,-1.0118,2,0.0008,0.0,0,0.0251,0.0246,4,0.0076,0.0063,3,-0.0329,0.0308,23,0.0111,0.0056,20,2,2,0,0.9882,0.0,2026-05-09,12,-0.9699,52,True,-0.9238588235294118,1.8823529411764706,0.0007529411764705882,0.0,0.023623529411764703,3.764705882352941,0.007152941176470588,2.8235294117647056,-0.03096470588235294,21.647058823529413,0.010447058823529412,18.823529411764707,-0.9128470588235293,48.94117647058823,1.8823529411764706,1.8823529411764706,0.9300705882352941,0.0,-1.0118,-0.9522823529411765,0.007223609427050639,0.04555397382726262,-0.4908,4.303853491536199,0.041511100278475016,0.05718282290289682,0.0,0.028142921531641923,,2.8786120041623127,-0.01639182794991527,-0.01639182794991527,0.023042313329041816,0.04497247620439232,0.006275,1.2403933012734247,-0.0011988396165204598,-0.0014106943862268156,0.0033222591362126247,0.08075927219536061,0.002533333333333333,1.9162359398072069,0.004526954576682607,0.004525862877335398,0.14830946355164235,0.2700374781153283,-0.0014304347826086957,28.914253112676395,-0.012499022027040316,-0.007473312498482176,0.00398406374501992,0.3642751009820834,0.000555,20.858108158543907,0.003587945602142674,0.0035559923844392773,0.019536310863824253,0.039988843330047236,0.24691372925239805,0.03966806578592376
7VqGmob3Mv,2026,Pk5L3D7YMO,9z5k7Yg5A3,97.0,-0.5163,-0.5451,1,0.0008,0.0,0,0.0005,0.0,0,0.025,0.0238,2,-0.0068,0.0538,26,0.016,0.0108,23,1,1,0,0.4549,0.0,2026-05-16,14,-0.48079999999999995,52,True,-0.5109773195876288,0.9896907216494846,0.0007917525773195877,0.0,0.0004948453608247423,0.0,0.024742268041237116,1.9793814432989691,-0.006729896907216495,25.7319587628866,0.015835051546391754,22.76288659793814,-0.4758432989690722,51.4639175257732,0.9896907216494846,0.9896907216494846,0.45021030927835054,0.0,-0.5450999999999999,-0.539480412371134,0.003624897134080235,0.04341788968918779,-0.5163,4.270515386077515,0.048541786060795254,0.056739878693919686,0.0,0.02680033909578664,,2.8825886937415266,-0.016414472617309984,-0.016414472617309984,0.0,0.04286243471522076,,1.073451615230542,-0.0012208322682307259,-0.0012208322682307259,0.0022172949002217295,0.07710572956823622,0.0125,1.8475412368408963,0.004405147629422622,0.004363616256464648,0.16447250288380957,0.2602452473392331,-0.00026153846153846154,30.07481616420616,-0.007788481545006624,-0.007773277028932784,0.004578936890304599,0.352716809332854,0.0006956521739130435,22.284576899573473,0.0038527716547920006,0.003799183758325409,0.03137591891446254,0.039494096794236246,0.13808483323534618,0.06878133269213732
7VqGmob3Mv,2026,XVqKw7G0q0,9z5k7Yg5A3,111.0,-1.6876,-1.7205,10,-0.0886,-0.0895,4,0.0285,0.028,2,-0.0105,-0.0118,2,-0.027,0.0423,25,0.0094,0.0034,13,10,6,4,4.2795,0.0,2026-05-24,15,-1.7757999999999998,56,True,-1.4595459459459459,8.64864864864865,-0.07662702702702702,3.4594594594594597,0.02464864864864865,1.7297297297297298,-0.00908108108108108,1.7297297297297298,-0.02335135135135135,21.62162162162162,0.00812972972972973,11.243243243243242,-1.5358270270270267,48.43243243243243,5.1891891891891895,8.64864864864865,3.701189189189189,40.0,-1.7205000000000004,-1.4880000000000004,0.03510374418555889,0.049374980936494374,-0.16876,4.628245033899669,0.031915975245229385,0.06149282652050297,0.013577878462138824,0.030550258121162507,-0.02215,2.9771689236281316,-0.017618242854140643,-0.016953045670407434,0.011655440824251158,0.0487471991998347,0.01425,1.1511711973053336,-0.001102764815553439,-0.0013092224409446906,0.0022172949002217295,0.08726326815154181,-0.00525,1.8272068691904395,0.004284750438260305,0.004315589519374771,0.15915342051963938,0.28702540703111823,-0.00108,28.73782744359508,-0.011185188234746487,-0.007427712698526754,0.002593257530420906,0.3840722033630479,0.0007230769230769231,17.88337215236464,0.003074471940642051,0.0030488448280412746,0.009369001719691173,0.043167280058040144,0.9945634861476961,0.010150826548579073
7VqGmob3Mv,2026,7VqGXP0jQv,9z5k7Yg5A3,104.0,-0.653,-0.6839,4,0.0261,0.0253,3,-0.0034,-0.0039,3,0.0125,0.0113,2,-0.0043,0.0607,29,0.0081,0.0026,13,4,1,3,0.3161,0.0,2026-07-22,17,-0.614,54,True,-0.6027692307692307,3.6923076923076925,0.024092307692307698,2.769230769230769,-0.0031384615384615388,2.769230769230769,0.011538461538461539,1.8461538461538463,-0.003969230769230769,26.76923076923077,0.007476923076923076,12.0,-0.5667692307692307,49.846153846153854,0.9230769230769231,3.6923076923076925,0.29178461538461536,75.0,-0.6839,-0.6312923076923077,0.014343606244813343,0.04640573869042975,-0.16325,4.38568478795526,0.04716477334526519,0.058270068214626845,0.010218093855726062,0.028678917864907755,0.008700000000000001,2.9564429406106667,-0.01640018264104422,-0.016835024642487064,0.017381864589308817,0.04581389016751004,-0.0011333333333333332,1.197010724917472,-0.0013612731049279007,-0.0013613555540494978,0.0022172949002217295,0.08221260243570114,0.00625,1.8373177924917063,0.004355309845321718,0.004339470008971159,0.18003349632311236,0.27388216495825446,-0.00014827586206896551,30.27884859858652,-0.007225350276960857,-0.007826012201998071,0.002593257530420906,0.3687836577821413,0.000623076923076923,18.32727280400693,0.0031460336785144993,0.0031245231841361457,0.029679310846168434,0.03971166900919952,0.46048445042269537,0.02166884715272394
7VqGmob3Mv,2026,Vj589JWLq8,9z5k7Yg5A3,97.0,0.0689,0.0401,1,0.0131,0.0123,1,-0.0151,-0.0156,1,-0.0119,-0.013,3,0.0839,0.1444,23,0.0028,-0.0024,8,1,0,1,0.0401,1.0,2026-07-25,18,0.1417,37,True,0.06818969072164949,0.9896907216494846,0.012964948453608249,0.9896907216494846,-0.014944329896907216,0.9896907216494846,-0.011777319587628867,2.9690721649484537,0.08303505154639176,22.76288659793814,0.0027711340206185565,7.917525773195877,0.14023917525773194,36.618556701030926,0.0,0.9896907216494846,0.03968659793814432,100.0,0.0401,0.03968659793814432,0.003624897134080235,0.04341788968918779,0.0689,4.270515386077515,0.05760078680225425,0.056739878693919686,0.0034293925216784442,0.02680033909578664,0.0131,2.9091127406816866,-0.016378008210167473,-0.016565509857948846,0.005861881820464166,0.04286243471522076,-0.0151,1.1158721691755027,-0.0013604085895748577,-0.0012690769961322325,0.0033222591362126247,0.07710572956823622,-0.003966666666666667,1.9238520619805939,0.004503402079803958,0.004543851019556159,0.14830946355164235,0.2602452473392331,0.0036478260869565217,29.302129244271118,0.009402327406414559,-0.007573564769596138,0.001597444089456869,0.352716809332854,0.00035,17.048368596075434,0.0029113782154862886,0.0029064893342172645,0.056679477704216726,0.03878206742401588,0.14157061996017767,0.0672015910704933
7VqGmob3Mv,2026,XVqKw7e0q0,9z5k7Yg5A3,106.0,-0.7591,-0.7906,2,0.0009,0.0,0,0.0005,0.0,0,-0.0459,-0.0472,7,0.0175,0.0837,19,0.0056,-0.0001,7,2,2,0,1.2094,0.0,2026-08-01,19,-0.7805000000000001,35,True,-0.6874867924528302,1.8113207547169812,0.0008150943396226414,0.0,0.0004528301886792453,0.0,-0.04156981132075472,6.339622641509434,0.015849056603773587,17.20754716981132,0.005071698113207547,6.339622641509434,-0.7068679245283019,31.698113207547166,1.8113207547169812,1.8113207547169812,1.0953056603773583,0.0,-0.7906,-0.7160150943396226,0.007223609427050639,0.047255984648415836,-0.37955,4.296178667591857,0.04488959906424862,0.05708085193681183,0.0,0.029214323301186104,,2.8754385437189813,-0.016373757151378426,-0.016373757151378426,0.0,0.046653822803158336,,1.0691994869946686,-0.0012159963396379924,-0.0012159963396379924,0.007717750826901874,0.08366134446616015,-0.006557142857142858,2.213261381079385,0.005075043681952806,0.005227392574358599,0.12576024099984584,0.2776865643339975,0.0009210526315789475,27.605309347272378,-0.0030401251842934497,-0.007134996797790065,0.0013980427401637707,0.37322871560620957,0.0008,16.170100453369336,0.002770989009804157,0.002756757881910109,0.032105753080695715,0.04034025210427405,0.23521151820538316,0.04155960554846201
7VqGmob3Mv,2026,NWMWkzoDMl,9z5k7Yg5A3,104.0,0.6218,0.5909,4,-0.0009,-0.0018,2,0.0005,0.0,0,-0.0099,-0.0112,1,0.0025,0.0675,32,-0.0037,-0.0093,17,4,2,2,2.5909,0.25,2026-08-16,20,0.6102999999999998,56,True,0.5739692307692308,3.6923076923076925,-0.0008307692307692306,1.8461538461538463,0.0004615384615384616,0.0,-0.00913846153846154,0.9230769230769231,0.0023076923076923075,29.53846153846154,-0.0034153846153846153,15.692307692307693,0.563353846153846,51.69230769230769,1.8461538461538463,3.6923076923076925,2.3916,50.0,0.5909,0.5454461538461538,0.014343606244813343,0.04640573869042975,0.15545,4.38568478795526,0.06721308627677454,0.058270068214626845,0.00683534396587721,0.028678917864907755,-0.00045,2.9299700933507515,-0.016579248474390483,-0.01668427895081293,0.0,0.04581389016751004,,1.0701414906074442,-0.0012170676766139208,-0.0012170676766139208,0.0011098779134295228,0.08221260243570114,-0.0099,1.761429236397213,0.004136261015076797,0.004160232582249474,0.19502546663613604,0.27388216495825446,7.8125e-05,31.037291516932456,-0.005984644743132813,-0.00802204289035692,0.0033884791708192145,0.3687836577821413,-0.00021764705882352942,19.6889355404333,0.00333077167711408,0.0033566661131161886,0.0508991580748282,0.039863577392208735,0.45503301810383834,0.02192275532230161
7VqGmob3Mv,2026,2lqROe7aQr,9z5k7Yg5A3,111.0,-0.4041,-0.437,3,0.016,0.0151,1,0.0015,0.001,1,0.0209,0.0195,3,-0.0209,0.0484,26,-0.0008,-0.0067,20,3,2,1,1.563,0.0,2026-08-19,21,-0.3874,54,True,-0.3494918918918919,2.5945945945945947,0.01383783783783784,0.8648648648648649,0.0012972972972972972,0.8648648648648649,0.018075675675675675,2.5945945945945947,-0.018075675675675675,22.486486486486484,-0.000691891891891892,17.2972972972973,-0.3350486486486487,46.70270270270271,1.7297297297297298,2.5945945945945947,1.3517837837837836,33.33333333333333,-0.43700000000000006,-0.377945945945946,0.010796419581442509,0.049374980936494374,-0.13470000000000001,4.329326230392243,0.05060419813948509,0.05752126451521505,0.0034293925216784442,0.030550258121162507,0.016,2.8979033890434933,-0.016286080363178867,-0.016501679872102305,0.005861881820464166,0.0487471991998347,0.0015,1.109011457456828,-0.0012441295536297023,-0.0012612743358815532,0.0033222591362126247,0.08726326815154181,0.006966666666666666,1.9026778038079892,0.004522948498370956,0.0044938405865882075,0.16447250288380957,0.28702540703111823,-0.0008038461538461538,28.98606563345983,-0.010091931117693888,-0.00749187349699827,0.00398406374501992,0.3840722033630479,-4e-05,20.208566032184173,0.0034283086578723292,0.003445255263068968,0.03093331426122592,0.040205532659890096,0.30582979054101994,0.03227290117744071
7VqGmob3Mv,2026,odMXVzEeqY,9z5k7Yg5A3,103.0,0.434,0.4035,6,-0.0617,-0.0626,5,0.0029,0.0024,1,0.002,0.0008,3,-0.0065,0.0579,25,0.0102,0.0046,16,6,1,5,1.4035,0.1667,2026-08-23,22,0.3809,56,True,0.4045048543689321,5.592233009708738,-0.05750679611650486,4.660194174757281,0.0027029126213592228,0.9320388349514562,0.0018640776699029127,2.796116504854369,-0.006058252427184465,23.300970873786408,0.009506796116504854,14.9126213592233,0.35501359223300977,52.19417475728155,0.9320388349514562,5.592233009708738,1.3081165048543688,83.33333333333334,0.40349999999999997,0.3760776699029126,0.021362203846968835,0.045980046376263226,0.07233333333333333,4.473352971393942,0.06507742756294621,0.05943486488292689,0.01691493085882438,0.028410993621519526,-0.01234,3.0102187295122182,-0.01747962363510472,-0.017141242874840232,0.005861881820464166,0.045393368596699575,0.0029,1.1129214975241135,-0.0012393826393587652,-0.0012657212089557458,0.0033222591362126247,0.08148651220296954,0.0006666666666666666,1.9147199457946547,0.004511498929515428,0.0045222823260676025,0.15915342051963938,0.27196489736136725,-0.00026,29.34487057299982,-0.007591782463311351,-0.007584611892444001,0.003189792663476874,0.36653740149227726,0.0006375,19.417373799927287,0.0033392946379436294,0.003310368938233197,0.04661743239263043,0.04127594017098771,0.7013618319909847,0.014333516607010346
7VqGmob3Mv,2026,e7Mzyo0JQr,9z5k7Yg5A3,98.0,0.2545,0.2255,4,0.0363,0.0355,3,0.0221,0.0216,1,0.014,0.0128,1,-0.0056,0.0556,32,0.0005,-0.0048,17,4,1,3,1.2255,0.0,2026-08-29,23,0.32180000000000003,58,True,0.2493061224489796,3.9183673469387754,0.035559183673469386,2.9387755102040813,0.021648979591836738,0.9795918367346939,0.013714285714285715,0.9795918367346939,-0.005485714285714286,31.346938775510203,0.0004897959183673469,16.653061224489797,0.3152326530612245,56.816326530612244,0.9795918367346939,3.9183673469387754,1.2004897959183674,75.0,0.22550000000000003,0.2208979591836735,0.014343606244813343,0.04384587107573929,0.063625,4.397457900391474,0.06160161681959112,0.058426490779841925,0.010218093855726062,0.027069152256985234,0.0121,2.9613426388207778,-0.01632448104045077,-0.016862925245260386,0.005861881820464166,0.043285188593004446,0.0221,1.1153793045092941,-0.0011165858706430698,-0.0012685164631004303,0.0011098779134295228,0.07783875962203923,0.014,1.769823571106794,0.004202919424576392,0.00418005874616426,0.19502546663613604,0.2622246548359651,-0.000175,31.535581908059243,-0.007637505544545491,-0.008150833345132624,0.0033884791708192145,0.35506196896711517,2.9411764705882354e-05,20.116943227363066,0.003420018589903959,0.003429634958786896,0.04414598237843215,0.03975390943129965,0.5143339459375391,0.01944428506338994
7VqGmob3Mv,2026,9z5kBzWJMA,9z5k7Yg5A3,102.0,1.7052,1.6749,2,0.0674,0.0666,2,0.0005,0.0,0,-0.0148,-0.0161,2,-0.0079,0.0558,32,0.0159,0.0104,21,2,0,2,1.6749,0.0,2026-09-05,24,1.7663,59,True,1.604894117647059,1.8823529411764706,0.06343529411764706,1.8823529411764706,0.00047058823529411766,0.0,-0.013929411764705883,1.8823529411764706,-0.00743529411764706,30.11764705882353,0.014964705882352942,19.764705882352942,1.6624,55.529411764705884,0.0,1.8823529411764706,1.5763764705882353,100.0,1.6749,1.5763764705882353,0.007223609427050639,0.04555397382726262,0.8526,4.303853491536199,0.08327654200760061,0.05718282290289682,0.00683534396587721,0.028142921531641923,0.0337,2.9315869152806973,-0.015904085739868602,-0.016693485702838906,0.0,0.04497247620439232,,1.0710851555627712,-0.0012181409030281492,-0.0012181409030281492,0.0022172949002217295,0.08075927219536061,-0.0074,1.8402272130351027,0.004306510088845085,0.004346341625434651,0.19502546663613604,0.2700374781153283,-0.000246875,31.20162939788859,-0.007993994062652384,-0.008064518424306822,0.0041824337781318464,0.3642751009820834,0.0007571428571428572,21.2009553124094,0.0036664625407736404,0.0036144426455514277,0.0661332939316702,0.03916746214370902,0.24327850615094984,0.04023696112414034
7VqGmob3Mv,2026,KXMeXzgvQ6,9z5k7Yg5A3,106.0,0.0314,0.0,0,0.0009,0.0,0,0.0005,0.0,0,-0.0053,-0.0066,1,0.0159,0.0821,26,0.0054,-0.0003,12,0,0,0,0.0,0.0,2026-09-09,25,0.048799999999999996,39,True,0.0284377358490566,0.0,0.0008150943396226414,0.0,0.0004528301886792453,0.0,-0.0048000000000000004,0.9056603773584906,0.014400000000000001,23.547169811320757,0.00489056603773585,10.867924528301888,0.04419622641509434,35.32075471698113,0.0,0.0,0.0,,0.0,0.0,0.0,0.047255984648415836,,4.210582921813594,0.05594359055426121,0.05594359055426121,0.0,0.029214323301186104,,2.8754385437189813,-0.016373757151378426,-0.016373757151378426,0.0,0.046653822803158336,,1.0691994869946686,-0.0012159963396379924,-0.0012159963396379924,0.0011098779134295228,0.08366134446616015,-0.0053,1.7586487922821377,0.004138710534239466,0.00415366558883206,0.16447250288380957,0.2776865643339975,0.0006115384615384615,29.365737377767154,-0.003388015161104034,-0.00759000522397027,0.0023942537909018356,0.37322871560620957,0.00045000000000000004,17.86019275045406,0.003056845668700294,0.0030448930901346843,0.04216137810508051,0.03796239051824126,0.004195466971117784,0.7085396072132027
7vQ7rKGYqD,2026,4JMA1nvkMK,jYQJ19EqGR,112.0,0.2581,0.2249,3,0.024,0.0231,3,0.0006,0.0,0,-0.0128,-0.0142,1,0.0025,0.0724,25,0.0061,0.0001,15,3,0,3,0.2249,0.0,2026-02-23,1,0.2785,47,True,0.2212285714285714,2.571428571428571,0.020571428571428574,2.571428571428571,0.0005142857142857143,0.0,-0.010971428571428573,0.8571428571428571,0.002142857142857143,21.42857142857143,0.005228571428571429,12.857142857142858,0.23871428571428577,40.285714285714285,0.0,2.571428571428571,0.1927714285714286,100.0,0.2249,0.1927714285714286,0.010796419581442509,0.049797649611595635,0.08603333333333334,4.327401317261213,0.06089445693249105,0.057495689302933396,0.010218093855726062,0.030817003983279197,0.008,2.9499351753337284,-0.01638518222020316,-0.01679796714095377,0.0,0.049164771760890486,,1.0663834004547603,-0.001212793615575472,-0.001212793615575472,0.0011098779134295228,0.08798025755104472,-0.0128,1.7503598794060582,0.004104633704241407,0.004134088415531006,0.15915342051963938,0.2888642720919936,0.0001,28.66370841139866,-0.005773265867858874,-0.007408555548330608,0.0029910269192422734,0.3861960325720841,0.00040666666666666667,18.483757428075236,0.00316425885637118,0.0031512014488780417,0.04479210778946613,0.039361662862482605,0.2962559985387413,0.033281120562952515
7vQ7rKGYqD,2026,p6qbYzLB50,jYQJ19EqGR,105.0,-0.7861,-0.8172,5,0.0179,0.017,3,0.0022,0.0017,1,-0.0007,-0.002,3,-0.0045,0.0611,29,0.0151,0.0095,14,5,2,3,1.1828,0.0,2026-03-01,2,-0.7561,55,True,-0.71872,4.571428571428571,0.016365714285714282,2.742857142857143,0.0020114285714285716,0.9142857142857144,-0.0006399999999999999,2.742857142857143,-0.004114285714285714,26.514285714285716,0.013805714285714286,12.8,-0.6912914285714286,50.28571428571429,1.8285714285714287,4.571428571428571,1.081417142857143,60.0,-0.8171999999999999,-0.7471542857142857,0.01786544408219076,0.04683105127852783,-0.15722,4.4265456897985205,0.0453289395853321,0.05881296348704976,0.010218093855726062,0.028946694384082813,0.005966666666666666,2.9556279001319443,-0.01647821047369538,-0.01683038351569397,0.005861881820464166,0.04623404140666874,0.0022,1.1119414049793725,-0.0012428538273859147,-0.0012646065535884285,0.0033222591362126247,0.08293754561811274,-0.00023333333333333333,1.911695142502269,0.004498655799465542,0.004515138192796818,0.18003349632311236,0.2757893608978995,-0.00015517241379310343,30.199319224265295,-0.007243868208730222,-0.007805456669583134,0.002792181890706023,0.37101403992684695,0.0010785714285714285,18.60172682599856,0.003218478923354358,0.0031713134493252344,0.028081141798340484,0.04059896839030627,0.563036856434108,0.017792272229180554
7vQ7rKGYqD,2026,EGMPG8eVQa,jYQJ19EqGR,101.0,0.5922,0.5622,5,0.0206,0.0198,5,-0.2377,-0.2382,5,0.0108,0.0096,1,-0.0367,0.0263,21,0.0004,-0.005,10,5,0,5,0.5622,0.0,2026-03-08,3,0.34959999999999986,47,True,0.5628831683168316,4.752475247524753,0.01958019801980198,4.752475247524753,-0.22593267326732672,4.752475247524753,0.010265346534653465,0.9504950495049505,-0.034883168316831685,19.96039603960396,0.00038019801980198025,9.504950495049506,0.33229306930693053,44.67326732673268,0.0,4.752475247524753,0.5343683168316832,100.0,0.5622,0.5343683168316832,0.01786544408219076,0.04512752053375302,0.11843999999999999,4.434456938571193,0.06724871447720078,0.05891807569367997,0.01691493085882438,0.027874701472863753,0.00412,3.0118802928479247,-0.016650704943775393,-0.017150704400147362,0.028637920675975252,0.044551212499878944,-0.04754,1.2832861470708192,-0.0031648056375948542,-0.0014594762497805423,0.0011098779134295228,0.08003087967968145,0.0108,1.7656164264353034,0.004186657654554922,0.004170122099276093,0.13718215470129144,0.2680998263788889,-0.0017476190476190478,28.481349544108447,-0.013179746339991501,-0.007361422226338227,0.001996007984031936,0.3619965837381058,4e-05,17.49210660911867,0.0029775841630901617,0.002982139962887613,0.04141769937348412,0.04009873487957754,0.6072221174316763,0.016518982489532087
7vQ7rKGYqD,2026,4wM4O82pQj,jYQJ19EqGR,102.0,2.1815,2.1512,6,0.0525,0.0516,6,0.0182,0.0177,5,0.0589,0.0577,3,0.0251,0.0888,34,0.0018,-0.0037,12,7,0,6,2.1512,0.1429,2026-03-15,4,2.3380000000000005,66,True,2.0531764705882356,5.647058823529411,0.04941176470588235,5.647058823529411,0.017129411764705886,4.705882352941177,0.055435294117647055,2.8235294117647056,0.023623529411764703,32.0,0.0016941176470588234,11.294117647058822,2.200470588235295,62.117647058823536,0.0,6.588235294117648,2.0246588235294114,85.71428571428571,2.1512,2.0246588235294114,0.021362203846968835,0.04555397382726262,0.36358333333333337,4.475350804768246,0.0929509691226962,0.059461408944488696,0.020229480976184842,0.028142921531641923,0.008749999999999999,3.037536737517467,-0.016409227720783084,-0.017296801208686183,0.028637920675975252,0.04497247620439232,0.00364,1.282720337701088,-0.0012833414467100634,-0.001458832757026482,0.0033222591362126247,0.08075927219536061,0.019633333333333332,1.9162359398072069,0.004635817150007202,0.004525862877335398,0.20471921699935186,0.2700374781153283,0.0007382352941176471,31.709935239046853,-0.0017256871155963318,-0.008195897518934521,0.0023942537909018356,0.3642751009820834,0.00015,18.115330927619986,0.003087501810331223,0.0030883902955420746,0.08125603179994514,0.040124130632718975,0.7190245748375446,0.013986340285336825
7vQ7rKGYqD,2026,NWMWkzXKMl,jYQJ19EqGR,101.0,0.1393,0.1093,2,-0.0387,-0.0395,2,0.0005,0.0,0,-0.1687,-0.1699,5,-0.0156,0.0475,22,0.0116,0.0062,15,3,0,2,0.1093,0.6667,2026-03-22,5,-0.07159999999999998,46,True,0.1324039603960396,1.900990099009901,-0.03678415841584158,1.900990099009901,0.00047524752475247524,0.0,-0.16034851485148513,4.752475247524753,-0.014827722772277226,20.91089108910891,0.011025742574257424,14.257425742574256,-0.06805544554455444,43.722772277227726,0.0,2.8514851485148514,0.10388910891089109,66.66666666666666,0.1093,0.10388910891089109,0.007223609427050639,0.04512752053375302,0.06965,4.305776483979898,0.05896146285189181,0.057208372596111966,0.00683534396587721,0.027874701472863753,-0.01935,2.932395995578769,-0.016971805829341293,-0.016698092890269682,0.0,0.044551212499878944,,1.0715576124179291,-0.0012186782263373136,-0.0012186782263373136,0.0055248618784530384,0.08003087967968145,-0.03374,2.0698922462075577,0.004475920081803084,0.004888776106630007,0.1427819177286672,0.2680998263788889,-0.0007090909090909091,28.736177101854715,-0.009276208575642163,-0.007427286143515737,0.0029910269192422734,0.3619965837381058,0.0007733333333333332,19.21248641302254,0.003310081457644791,0.003275438733539513,0.039280771760018915,0.040028530176158754,0.2560596066555669,0.03830548435643335
7vQ7rKGYqD,2026,0x5gxzPrq7,jYQJ19EqGR,98.0,0.9293,0.9002,3,0.0189,0.0181,3,0.0021,0.0016,1,0.0322,0.031,2,-0.0315,0.0297,26,0.0069,0.0016,15,3,0,3,0.9002,0.0,2026-04-05,6,0.9579000000000001,50,True,0.910334693877551,2.9387755102040813,0.018514285714285716,2.9387755102040813,0.002057142857142857,0.9795918367346939,0.03154285714285714,1.9591836734693877,-0.030857142857142854,25.46938775510204,0.006759183673469388,14.693877551020408,0.9383510204081633,48.9795918367347,0.0,2.9387755102040813,0.8818285714285714,100.0,0.9002,0.8818285714285714,0.010796419581442509,0.04384587107573929,0.3097666666666667,4.354506843011158,0.0717942750488617,0.05785582481444585,0.010218093855726062,0.027069152256985234,0.0063,2.9613426388207778,-0.016499984847180887,-0.016862925245260386,0.005861881820464166,0.043285188593004446,0.0021,1.1153793045092941,-0.0012473503040035699,-0.0012685164631004303,0.0022172949002217295,0.07783875962203923,0.0161,1.8460737846140975,0.004416384583303853,0.004360150353639446,0.16447250288380957,0.2622246548359651,-0.0012115384615384616,29.994343120451937,-0.012454223874840471,-0.007752477591322007,0.0029910269192422734,0.35506196896711517,0.00046,19.421311614692797,0.0033278581118636784,0.0033110402761709935,0.0493369587180043,0.03964309614457347,0.39088098673769023,0.025429259591645097
7vQ7rKGYqD,2026,BLMvVGzRMx,jYQJ19EqGR,100.0,-0.0826,-0.1123,2,-0.0107,-0.0115,1,0.0077,0.0072,4,0.0054,0.0041,1,-0.0111,0.0513,37,0.0109,0.0055,26,2,1,1,0.8877,0.0,2026-04-19,8,-0.0804,71,True,-0.079296,1.92,-0.010272,0.96,0.007392,3.84,0.005184,0.96,-0.010656,35.519999999999996,0.010464,24.96,-0.077184,68.16,0.96,1.92,0.8521920000000001,50.0,-0.11229999999999996,-0.10780799999999996,0.007223609427050639,0.04470068598514822,-0.0413,4.307701195605223,0.05553537113063223,0.05723394513110336,0.0034293925216784442,0.027606333322638656,-0.0107,2.906703442601915,-0.016601687911314493,-0.016551790468344908,0.023042313329041816,0.04412957699158392,0.001925,1.2414880619071924,-0.0013243370948113928,-0.0014119394531573873,0.0011098779134295228,0.0793013319140693,0.0054,1.7670165837779601,0.004179387397371072,0.004173429061643262,0.21882985295635568,0.26615186045015843,-0.00030000000000000003,32.64524576231583,-0.008734360522075223,-0.008437642232044316,0.005173099880620772,0.3597016747647554,0.00041923076923076923,23.08004373392995,0.0039644979442820475,0.003934798838252347,0.037018870944084244,0.03894080087745235,0.25286593726075807,0.03877052152399018
7vQ7rKGYqD,2026,raMyNnmA5d,jYQJ19EqGR,98.0,0.697,0.6679,6,-0.2941,-0.2949,5,-0.0098,-0.0102,2,-0.0155,-0.0166,3,-0.0047,0.0565,36,0.0074,0.0021,28,6,1,5,1.6679,0.5,2026-04-26,10,0.3803,80,True,0.6827755102040816,5.877551020408163,-0.2880979591836734,4.8979591836734695,-0.0096,1.9591836734693877,-0.015183673469387756,2.9387755102040813,-0.004604081632653061,35.26530612244898,0.007248979591836735,27.428571428571427,0.3725387755102041,78.36734693877551,0.9795918367346939,5.877551020408163,1.6338612244897959,83.33333333333334,0.6678999999999999,0.654269387755102,0.021362203846968835,0.04384587107573929,0.11616666666666665,4.4833600151521065,0.06942112141290789,0.05956782271063407,0.01691493085882438,0.027069152256985234,-0.05882,3.0143760799773203,-0.019873684898767223,-0.017164916288781716,0.011655440824251158,0.043285188593004446,-0.0049,1.1577811219065228,-0.0013675155000585622,-0.0013167398820004485,0.0033222591362126247,0.07783875962203923,-0.005166666666666667,1.9223239981214013,0.004492161398706852,0.004540241961114632,0.21418227519501587,0.2622246548359651,-0.00013055555555555555,32.56307443313078,-0.007524310345849817,-0.008416403847673035,0.005568814638027049,0.35506196896711517,0.0002642857142857143,23.94291709704953,0.0040944125203639554,0.00408190571317436,0.04924218458730309,0.04129191036646787,0.7770269243953114,0.012955835068938071
7vQ7rKGYqD,2026,a35ro3PBqL,jYQJ19EqGR,97.0,1.8013,1.7725,7,0.0373,0.0365,6,0.0124,0.0119,4,-0.0182,-0.0193,2,-0.0299,0.0306,16,0.0026,-0.0026,13,7,1,6,2.7725,0.0,2026-05-02,11,1.8054999999999999,48,True,1.7827298969072163,6.927835051546391,0.03691546391752577,5.938144329896907,0.012272164948453608,3.9587628865979383,-0.01801237113402062,1.9793814432989691,-0.029591752577319587,15.835051546391753,0.00257319587628866,12.8659793814433,1.786886597938144,47.50515463917526,0.9896907216494846,6.927835051546391,2.743917525773196,85.71428571428571,1.7725,1.7542268041237112,0.024834152450295324,0.04341788968918779,0.2573285714285714,4.528337081551455,0.08760975574360676,0.06016540709115809,0.020229480976184842,0.02680033909578664,0.006216666666666666,3.0417329753824864,-0.016587779212991146,-0.017320696061143153,0.023042313329041816,0.04286243471522076,0.0031,1.243133831010385,-0.001292435193986224,-0.0014138111798367525,0.0022172949002217295,0.07710572956823622,-0.0091,1.8475412368408963,0.004316662284154854,0.004363616256464648,0.10804887439196957,0.2602452473392331,-0.00186875,27.49919309775602,-0.01189214087271629,-0.0071075694978106315,0.002593257530420906,0.352716809332854,0.00019999999999999998,18.793771363908114,0.003205492622543931,0.0032040541422533124,0.06535955537061187,0.04189100075108552,0.9195358545133665,0.010969976579281145
7vQ7rKGYqD,2026,eVq36lp65W,jYQJ19EqGR,100.0,-0.002,-0.0316,5,0.0021,0.0013,4,0.0005,0.0,0,-0.0885,-0.0897,2,-0.0073,0.0552,28,0.0047,-0.0007,17,5,1,4,0.9684,0.2,2026-05-10,12,-0.0905,56,True,-0.0019200000000000003,4.800000000000001,0.002016,3.84,0.00048000000000000007,0.0,-0.08496,1.92,-0.007008,26.880000000000003,0.004512,16.32,-0.08688,53.760000000000005,0.96,4.800000000000001,0.929664,80.0,-0.03159999999999996,-0.03033599999999996,0.01786544408219076,0.04470068598514822,-0.0004,4.4364391712424505,0.05785964079023149,0.05894441247768429,0.013577878462138824,0.027606333322638656,0.000525,2.986209682571114,-0.016752354671865147,-0.017004526927664663,0.0,0.04412957699158392,,1.0720304862595103,-0.001219216023883485,-0.001219216023883485,0.0022172949002217295,0.0793013319140693,-0.04425,1.8431458624154669,0.004162741825171537,0.004353235039031662,0.1749113031204952,0.26615186045015843,-0.0002607142857142857,30.34569368802647,-0.00785522988792504,-0.007843289295078324,0.0033884791708192145,0.3597016747647554,0.00027647058823529415,19.972221263962464,0.003412134680092558,0.0034049620500167478,0.0396077167118219,0.04063557732010622,0.618268465935214,0.016228634305082142
7vQ7rKGYqD,2026,gOMnGz2l5w,jYQJ19EqGR,101.0,-0.8809,-0.9108,3,0.0325,0.0317,1,0.0005,0.0,0,0.0207,0.0195,1,-0.0038,0.0593,25,0.0093,0.0039,18,3,2,1,1.0892,0.0,2026-05-14,13,-0.8217000000000001,48,True,-0.8372910891089109,2.8514851485148514,0.03089108910891089,0.9504950495049505,0.00047524752475247524,0.0,0.019675247524752474,0.9504950495049505,-0.0036118811881188117,23.762376237623762,0.008839603960396038,17.10891089108911,-0.7810217821782179,45.62376237623762,1.900990099009901,2.8514851485148514,1.035279207920792,33.33333333333333,-0.9108,-0.8657108910891089,0.010796419581442509,0.04512752053375302,-0.29363333333333336,4.348669968843663,0.043368370880076335,0.057778273628634635,0.0034293925216784442,0.027874701472863753,0.0325,2.9059012298223834,-0.016166597498014277,-0.01654722238697712,0.0,0.044551212499878944,,1.0715576124179291,-0.0012186782263373136,-0.0012186782263373136,0.0011098779134295228,0.08003087967968145,0.0207,1.7656164264353034,0.004206057879440282,0.004170122099276093,0.15915342051963938,0.2680998263788889,-0.000152,29.500659775093528,-0.007125012395447173,-0.0076248778950482685,0.0035870864886408927,0.3619965837381058,0.0005166666666666666,20.24471429536486,0.0034765575573137025,0.003451417995930653,0.026540698197031556,0.04000903521547869,0.3625895312159605,0.02735912163285926
7vQ7rKGYqD,2026,7vQ7RXJGqD,jYQJ19EqGR,102.0,-0.2572,-0.2874,2,0.0008,0.0,0,0.0005,0.0,0,0.1355,0.1343,2,-0.0134,0.0503,30,0.0098,0.0044,18,2,2,0,1.7126,0.0,2026-05-17,14,-0.12399999999999994,52,True,-0.2420705882352941,1.8823529411764706,0.0007529411764705882,0.0,0.00047058823529411766,0.0,0.1275294117647059,1.8823529411764706,-0.012611764705882354,28.235294117647058,0.009223529411764707,16.941176470588236,-0.11670588235294113,48.94117647058823,1.8823529411764706,1.8823529411764706,1.6118588235294118,0.0,-0.2874000000000001,-0.2704941176470589,0.007223609427050639,0.04555397382726262,-0.1286,4.303853491536199,0.052771665258592095,0.05718282290289682,0.0,0.028142921531641923,,2.8786120041623127,-0.01639182794991527,-0.01639182794991527,0.0,0.04497247620439232,,1.0710851555627712,-0.0012181409030281492,-0.0012181409030281492,0.0022172949002217295,0.08075927219536061,0.06775,1.8402272130351027,0.00461314661891069,0.004346341625434651,0.1850924842280916,0.2700374781153283,-0.00044666666666666666,30.69332355673032,-0.009002334429582782,-0.007933139329679123,0.0035870864886408927,0.3642751009820834,0.0005444444444444444,20.172413850812926,0.0034661516474318154,0.0034390918622149765,0.0342386602424084,0.03942514820792391,0.24100934068963115,0.04060042142916769
7vQ7rKGYqD,2026,p6qbYzRw50,jYQJ19EqGR,96.0,0.5351,0.5067,3,-0.2922,-0.293,2,-0.0037,-0.0042,1,-0.003,-0.0042,1,0.0135,0.0734,30,0.008,0.0029,19,3,1,2,1.5067,0.0,2026-05-25,15,0.2577,56,True,0.5351,3.0,-0.2922,2.0,-0.0037,1.0,-0.003,1.0,0.013499999999999998,30.0,0.008,19.0,0.2577,56.0,1.0,3.0,1.5067,66.66666666666666,0.5066999999999999,0.5066999999999999,0.010796419581442509,0.042989524996042236,0.17836666666666667,4.358406805110597,0.06567552330728132,0.05790764136500892,0.00683534396587721,0.02653137735160019,-0.1461,2.9364481051987177,-0.019539337655220188,-0.016721167025869878,0.005861881820464166,0.04243930705865313,-0.0037,1.1163654696091052,-0.0012864083657744448,-0.0012696380247605651,0.0011098779134295228,0.07637153320966035,-0.003,1.7726394906825444,0.004176160550625547,0.004186709527317406,0.1850924842280916,0.25825519000376856,0.00045,31.18874293841723,-0.003971361607523666,-0.008061187729986164,0.003785614664275752,0.35035453225470276,0.0004210526315789474,20.964486921764497,0.0035940142815482795,0.0035741283567433395,0.048648590510936854,0.03961648646845306,0.4035289704228195,0.024651867802494714
7vQ7rKGYqD,2026,Xj5YPzLRMb,jYQJ19EqGR,104.0,-1.7052,-1.7361,10,-0.0958,-0.0966,5,0.0005,0.0,0,-0.0037,-0.005,2,0.001,0.0659,30,0.0141,0.0085,22,10,5,5,3.2639,0.1,2026-07-17,16,-1.7891000000000004,69,True,-1.5740307692307691,9.230769230769232,-0.08843076923076923,4.615384615384616,0.0004615384615384616,0.0,-0.0034153846153846153,1.8461538461538463,0.0009230769230769232,27.69230769230769,0.013015384615384616,20.307692307692307,-1.6514769230769235,63.69230769230769,4.615384615384616,9.230769230769232,3.012830769230769,50.0,-1.7361,-1.602553846153846,0.03510374418555889,0.04640573869042975,-0.17052,4.642701186856101,0.03172882551595997,0.06168489710004071,0.01691493085882438,0.028678917864907755,-0.01916,3.009388635130496,-0.0178219660313284,-0.017136516025835328,0.0,0.04581389016751004,,1.0701414906074442,-0.0012170676766139208,-0.0012170676766139208,0.0022172949002217295,0.08221260243570114,-0.00185,1.8373177924917063,0.004322311454813552,0.004339470008971159,0.1850924842280916,0.27388216495825446,3.3333333333333335e-05,30.531662904701832,-0.006242352411197882,-0.007891355764784353,0.004380724810832338,0.3687836577821413,0.0006409090909090909,21.39101396096626,0.0036909273533563985,0.003646844774341242,0.014460678204989719,0.0434262724161195,1.1333308339226187,0.008919023910048002
7vQ7rKGYqD,2026,gpMOglorMz,jYQJ19EqGR,103.0,0.2394,0.2089,6,0.0192,0.0184,3,0.0138,0.0132,1,-0.0259,-0.0272,1,-0.0556,0.0087,18,0.0117,0.0062,17,6,3,3,3.2089,0.3333,2026-07-23,17,0.20259999999999995,46,True,0.22313009708737866,5.592233009708738,0.01789514563106796,2.796116504854369,0.012862135922330096,0.9320388349514562,-0.024139805825242718,0.9320388349514562,-0.05182135922330097,16.776699029126213,0.01090485436893204,15.844660194174757,0.188831067961165,42.87378640776699,2.796116504854369,5.592233009708738,2.990819417475728,50.0,0.20889999999999986,0.19470291262135908,0.021362203846968835,0.045980046376263226,0.0399,4.473352971393942,0.06197807623804977,0.05943486488292689,0.010218093855726062,0.028410993621519526,0.0063999999999999994,2.9572584307225895,-0.01647420673527302,-0.016839668329649546,0.005861881820464166,0.045393368596699575,0.0138,1.1129214975241135,-0.0011682730635548153,-0.0012657212089557458,0.0011098779134295228,0.08148651220296954,-0.0259,1.762822757998828,0.004108229051450765,0.004163523871988121,0.11993512676015416,0.27196489736136725,-0.003088888888888889,27.570497650409152,-0.016485281300973684,-0.007125999204518418,0.0033884791708192145,0.36653740149227726,0.000688235294117647,19.759000892580282,0.0034032761206158856,0.0033686111973373414,0.0353618203103149,0.041735611209128644,0.6937885102658867,0.014487712959495974
7vQ7rKGYqD,2026,Vj589JWLq8,jYQJ19EqGR,97.0,0.7217,0.693,5,0.0207,0.0199,4,0.0211,0.0206,5,0.0029,0.0017,4,0.0455,0.1061,40,0.0091,0.0039,20,5,1,4,1.693,0.0,2026-07-25,18,0.8210000000000001,78,True,0.7142597938144329,4.948453608247423,0.02048659793814433,3.9587628865979383,0.020882474226804122,4.948453608247423,0.002870103092783505,3.9587628865979383,0.04503092783505155,39.58762886597938,0.00900618556701031,19.79381443298969,0.8125360824742269,77.1958762886598,0.9896907216494846,4.948453608247423,1.6755463917525775,80.0,0.6930000000000001,0.6858556701030929,0.01786544408219076,0.04341788968918779,0.14434,4.442396516393475,0.06942468199997018,0.059023564292078626,0.013577878462138824,0.02680033909578664,0.005175,2.9886848815021665,-0.016577543304033077,-0.01701862157986543,0.028637920675975252,0.04286243471522076,0.00422,1.2855543849553457,-0.0012648238156343756,-0.001462055907738259,0.004424778761061947,0.07710572956823622,0.000725,2.000162887120292,0.004709599199950831,0.00472408578264767,0.23244848951122227,0.2602452473392331,0.0011375,33.68068845723636,0.002223774842265999,-0.008705267572503797,0.00398406374501992,0.352716809332854,0.000455,21.237335238873865,0.003644717951831205,0.00362064487350378,0.06216040687435075,0.040182349888122595,0.6681979633759566,0.01503421953916712
7vQ7rKGYqD,2026,eVq36lxV5W,jYQJ19EqGR,105.0,-0.6155,-0.6466,5,0.0286,0.0278,3,0.0056,0.005,3,0.0104,0.0092,1,-0.0059,0.0597,37,0.0126,0.0069,16,5,2,3,1.3534,0.0,2026-08-02,19,-0.5642,65,True,-0.5627428571428572,4.571428571428571,0.02614857142857143,2.742857142857143,0.0051199999999999996,2.742857142857143,0.009508571428571429,0.9142857142857144,-0.005394285714285714,33.82857142857143,0.01152,14.62857142857143,-0.51584,59.42857142857143,1.8285714285714287,4.571428571428571,1.2373942857142857,60.0,-0.6466000000000001,-0.5911771428571428,0.01786544408219076,0.04683105127852783,-0.12310000000000001,4.4265456897985205,0.04802722440281607,0.05881296348704976,0.010218093855726062,0.028946694384082813,0.009533333333333333,2.9556279001319443,-0.016370493989974776,-0.01683038351569397,0.017381864589308817,0.04623404140666874,0.0018666666666666666,1.1964836521229953,-0.0012982823529581488,-0.001360756116248973,0.0011098779134295228,0.08293754561811274,0.0104,1.7600379162291486,0.004172648431853311,0.0041569464919678336,0.21882985295635568,0.2757893608978995,-0.00015945945945945944,32.21652140683279,-0.007628851772446662,-0.008326832138774764,0.003189792663476874,0.37101403992684695,0.0007875,19.280152499007652,0.0033249210161661598,0.003286974779120392,0.030227165735455953,0.03973891298742028,0.5594247968585352,0.017905095338549237
7vQ7rKGYqD,2026,0x5gxzWwq7,jYQJ19EqGR,100.0,0.3548,0.3251,5,0.0306,0.0298,3,0.0005,0.0,0,0.0185,0.0172,1,0.0274,0.0899,50,0.0066,0.0012,33,6,2,3,2.3251,0.0,2026-08-17,20,0.4384,92,True,0.340608,4.800000000000001,0.029376,2.88,0.00048000000000000007,0.0,0.017759999999999998,0.96,0.026304,48.0,0.0063360000000000005,31.68,0.420864,88.32000000000001,1.92,5.76,2.2320960000000003,50.0,0.32509999999999994,0.31209599999999993,0.01786544408219076,0.04470068598514822,0.07096,4.4364391712424505,0.06351555988595808,0.05894441247768429,0.010218093855726062,0.027606333322638656,0.010199999999999999,2.959707602581381,-0.01637292874228283,-0.016853614774558077,0.0,0.04412957699158392,,1.0720304862595103,-0.001219216023883485,-0.001219216023883485,0.0011098779134295228,0.0793013319140693,0.0185,1.7670165837779601,0.004205078759465957,0.004173429061643262,0.2746028570545772,0.26615186045015843,0.000548,35.966820980733814,-0.001331029816201161,-0.009296152029884087,0.0065567256109676135,0.3597016747647554,0.0002,25.497238988349107,0.004351828405976323,0.004346894117991146,0.05314929246903289,0.04009575282899304,0.6163173365254512,0.016279174339174383
7vQ7rKGYqD,2026,gjMNWr635K,jYQJ19EqGR,100.0,-0.1882,-0.2178,7,0.0187,0.0179,5,0.0038,0.0033,1,0.0617,0.0605,2,-0.036,0.0265,21,0.0152,0.0099,14,7,2,5,1.7822,0.0,2026-08-20,21,-0.12480000000000001,50,True,-0.180672,6.720000000000001,0.017952000000000003,4.800000000000001,0.003648,0.96,0.05923199999999999,1.92,-0.034559999999999994,20.16,0.014592,13.440000000000001,-0.119808,48.0,1.92,6.720000000000001,1.710912,71.42857142857143,-0.2178,-0.209088,0.024834152450295324,0.04470068598514822,-0.026885714285714287,4.522264488333935,0.055573127531387274,0.060084724042071574,0.01691493085882438,0.027606333322638656,0.0037400000000000003,3.0127117625608473,-0.016674666321124028,-0.01715543908077125,0.005861881820464166,0.04412957699158392,0.0038,1.1143948801714307,-0.0012351442363269277,-0.0012673968812019604,0.0022172949002217295,0.0793013319140693,0.03085,1.8431458624154669,0.004469660349046042,0.004353235039031662,0.13718215470129144,0.26615186045015843,-0.0017142857142857142,28.5571531858014,-0.013084240086539228,-0.007381014788549216,0.002792181890706023,0.3597016747647554,0.0010857142857142858,18.93628044063997,0.0032767412044386653,0.0032283497872715484,0.032325478440881794,0.04186245811785236,0.8620254670614155,0.01169328520363147
7vQ7rKGYqD,2026,a35ro3BoqL,jYQJ19EqGR,96.0,1.5907,1.5622,8,-0.0984,-0.0992,7,0.0431,0.0427,3,0.0218,0.0206,4,0.0224,0.0823,38,0.0131,0.0079,29,9,1,7,2.5622,0.1111,2026-08-22,22,1.5926999999999998,89,True,1.5907,8.0,-0.09840000000000002,7.0,0.0431,3.0,0.0218,4.0,0.0224,38.0,0.0131,29.0,1.5926999999999998,89.0,1.0,9.0,2.5622,77.77777777777779,1.5621999999999998,1.5621999999999998,0.028281553028987088,0.042989524996042236,0.1988375,4.573354430090808,0.08476299337203762,0.06076352667727927,0.023521755654127043,0.02653137735160019,-0.014057142857142857,3.069104991956719,-0.018080278031934092,-0.017476561938753018,0.017381864589308817,0.04243930705865313,0.014366666666666666,1.2012440837264116,-0.001042449534503828,-0.001366170136247357,0.004424778761061947,0.07637153320966035,0.00545,2.0017540903115254,0.004755196691645624,0.0047278439667542815,0.2234227794155382,0.25825519000376856,0.0005894736842105263,33.254784458447375,-0.002295109398777814,-0.008595186441758359,0.005766553986876119,0.35035453225470276,0.0004517241379310345,24.468032244311523,0.004211111710605994,0.004171429914047413,0.0723114648090735,0.04222488204132223,1.0791949493055704,0.009362242062310289
7vQ7rKGYqD,2026,zeQZLzkY5K,jYQJ19EqGR,98.0,0.9979,0.9688,11,0.0353,0.0345,9,0.0124,0.0119,2,0.0012,0.0,0,0.0148,0.076,36,0.0107,0.0055,23,11,2,9,2.9688,0.1818,2026-08-29,23,1.0722999999999998,81,True,0.9775346938775511,10.775510204081632,0.03457959183673469,8.816326530612246,0.012146938775510204,1.9591836734693877,0.0011755102040816325,0.0,0.01449795918367347,35.26530612244898,0.010481632653061224,22.53061224489796,1.0504163265306121,79.34693877551021,1.9591836734693877,10.775510204081632,2.908212244897959,81.81818181818183,0.9687999999999999,0.9490285714285713,0.03847904275677089,0.04384587107573929,0.09071818181818182,4.6981153020536865,0.07641918667899603,0.06242115253761445,0.03004037090837303,0.027069152256985234,0.003922222222222222,3.1204429622904053,-0.016867447853682244,-0.017768898375824373,0.011655440824251158,0.043285188593004446,0.0062,1.1577811219065228,-0.0012177271122311981,-0.0013167398820004485,0.0,0.07783875962203923,,1.6935733575994902,0.003999967138689073,0.003999967138689073,0.21418227519501587,0.2622246548359651,0.0004111111111111111,32.56307443313078,-0.003746492270740491,-0.008416403847673035,0.004578936890304599,0.35506196896711517,0.0004652173913043478,22.203838065373866,0.0038153844516170656,0.003785419006634604,0.06240287103264824,0.042704496577440264,1.4024863537494439,0.007219704086903944
7vQ7rKGYqD,2026,gjMNWr735K,jYQJ19EqGR,101.0,1.3938,1.3638,4,-0.0159,-0.0167,4,0.0136,0.0131,4,0.0461,0.0449,2,-0.0098,0.0533,36,0.0025,-0.003,23,4,0,4,1.3638,0.0,2026-09-06,24,1.4303,73,True,1.3248,3.801980198019802,-0.015112871287128715,3.801980198019802,0.012926732673267327,3.801980198019802,0.04381782178217822,1.900990099009901,-0.009314851485148514,34.21782178217822,0.0023762376237623766,21.861386138613863,1.3594930693069305,69.38613861386139,0.0,3.801980198019802,1.2962851485148514,100.0,1.3638,1.2962851485148514,0.014343606244813343,0.04512752053375302,0.34845,4.391563453707428,0.07946041553307863,0.0583481746611573,0.013577878462138824,0.027874701472863753,-0.003975,2.9853855270915393,-0.01693013964567843,-0.0169998338968548,0.023042313329041816,0.044551212499878944,0.0034,1.240940440140241,-0.0012815765740382692,-0.0014113166450918965,0.0022172949002217295,0.08003087967968145,0.02305,1.841685381378367,0.004434266892555052,0.004349785601114571,0.21418227519501587,0.2680998263788889,-0.0002722222222222222,32.3037629103025,-0.008444568115249568,-0.008349380984000883,0.004578936890304599,0.3619965837381058,0.00010869565217391305,21.965094099268732,0.0037385022034961057,0.0037447167665825534,0.06097690029416353,0.039682145502906836,0.49110239438775116,0.020345381213040168
7vQ7rKGYqD,2026,KAqBroRmqb,jYQJ19EqGR,102.0,0.387,0.3568,5,-0.1011,-0.102,4,0.0028,0.0023,1,-0.012,-0.0132,2,0.0078,0.0715,35,-0.0087,-0.0142,20,5,1,4,1.3568,0.2,2026-09-13,26,0.27580000000000005,67,True,0.3642352941176471,4.705882352941177,-0.09515294117647059,3.764705882352941,0.0026352941176470586,0.9411764705882353,-0.011294117647058824,1.8823529411764706,0.007341176470588235,32.94117647058823,-0.008188235294117645,18.823529411764707,0.2595764705882353,63.05882352941177,0.9411764705882353,4.705882352941177,1.2769882352941175,80.0,0.3568,0.33581176470588237,0.01786544408219076,0.04555397382726262,0.0774,4.432476476460234,0.06396879857863576,0.05889176243409072,0.013577878462138824,0.028142921531641923,-0.025275,2.9845618263990823,-0.01778863001189217,-0.016995143455762547,0.005861881820464166,0.04497247620439232,0.0028,1.1134121919904345,-0.0012405817604495806,-0.0012662792738278158,0.0022172949002217295,0.08075927219536061,-0.006,1.8402272130351027,0.004312222545825682,0.004346341625434651,0.2094790648483472,0.2700374781153283,0.00022285714285714283,31.964088159625984,-0.005038749050247836,-0.00826158706624837,0.00398406374501992,0.3642751009820834,-0.00043499999999999995,20.858108158543907,0.0035056765699635565,0.0035559923844392773,0.04771873687183541,0.040271086648125926,0.5954484056494073,0.016840109405776665
9z5kGga5A3,2026,a35roEkAqL,EKXMeX3Q64,99.0,0.2734,0.244,3,-0.0563,-0.0571,3,0.0169,0.0164,2,-0.007,-0.0082,4,-0.1756,-0.1138,29,-0.0122,-0.0175,17,3,0,3,0.244,0.0,2026-02-22,1,0.03919999999999994,58,True,0.2651151515151515,2.909090909090909,-0.0545939393939394,2.909090909090909,0.016387878787878785,1.9393939393939394,-0.006787878787878787,3.878787878787879,-0.1702787878787879,28.12121212121212,-0.011830303030303031,16.484848484848484,0.03801212121212116,56.24242424242424,0.0,2.909090909090909,0.2366060606060606,100.0,0.244,0.2366060606060606,0.010796419581442509,0.04427346966994863,0.09113333333333333,4.3525594780955865,0.06148813779988802,0.05782995129823219,0.010218093855726062,0.027337816958284907,-0.018766666666666668,2.9605248949519813,-0.01725371830759221,-0.016858268724414566,0.011655440824251158,0.04370756918706364,0.00845,1.157269972426834,-0.0011868403908774686,-0.0013161585537227326,0.004424778761061947,0.07857062614795715,-0.00175,1.9969880578184949,0.004680254051908291,0.004716587310366472,0.18003349632311236,0.2641934977551204,-0.006055172413793103,30.682862483397546,-0.03995111880941759,-0.007930435511953632,0.0033884791708192145,0.3573901965395055,-0.0007176470588235295,20.044321022375172,0.0033569322568092544,0.003417253969777001,0.011133646600718299,0.03985892978828474,0.39014833846869756,0.02547579591960904
9z5kGga5A3,2026,eVq36lkD5W,EKXMeX3Q64,98.0,1.0785,1.0494,8,-0.1884,-0.1892,7,0.0005,0.0,0,-0.1745,-0.1757,1,-0.035,0.0262,16,0.0037,-0.0016,6,9,1,7,2.0494,0.4444,2026-03-01,2,0.6848,38,True,1.0564897959183674,7.836734693877551,-0.18455510204081635,6.857142857142857,0.0004897959183673469,0.0,-0.1709387755102041,0.9795918367346939,-0.034285714285714294,15.673469387755102,0.0036244897959183675,5.877551020408163,0.6708244897959184,37.224489795918366,0.9795918367346939,8.816326530612246,2.0075755102040818,77.77777777777779,1.0493999999999999,1.0279836734693877,0.028281553028987088,0.04384587107573929,0.1348125,4.5692621299127385,0.07641346256822243,0.060709154641426226,0.023521755654127043,0.027069152256985234,-0.026914285714285717,3.0674095211338623,-0.01899794379248255,-0.01746690733230304,0.0,0.043285188593004446,,1.0729774871120652,-0.0012202930442004117,-0.0012202930442004117,0.0011098779134295228,0.07783875962203923,-0.1745,1.769823571106794,0.003832651119189454,0.00418005874616426,0.10804887439196957,0.2622246548359651,-0.0021875,27.425611807773095,-0.012804874278841093,-0.007088551334970977,0.0011985617259288853,0.35506196896711517,0.0006166666666666667,16.290969357676598,0.0027860762302478153,0.0027773642043994323,0.05000907880213564,0.041890825880515487,1.0210610196262724,0.009890007922367086
9z5kGga5A3,2026,gpMOglOEMz,EKXMeX3Q64,100.0,-1.2914,-1.321,4,0.0239,0.0231,2,0.0005,0.0,0,0.0053,0.0041,1,-0.0307,0.0317,21,0.0108,0.0054,14,4,2,2,0.679,0.25,2026-03-07,3,-1.2816,42,True,-1.2397440000000002,3.84,0.022944,1.92,0.00048000000000000007,0.0,0.0050880000000000005,0.96,-0.029472000000000005,20.16,0.010368,13.440000000000001,-1.230336,40.32,1.92,3.84,0.6518400000000001,50.0,-1.321,-1.26816,0.014343606244813343,0.04470068598514822,-0.32285,4.393526512696709,0.03719127056802647,0.05837425669549065,0.00683534396587721,0.027606333322638656,0.01195,2.933205522591648,-0.016348942753273293,-0.01670270262145149,0.0,0.04412957699158392,,1.0720304862595103,-0.001219216023883485,-0.001219216023883485,0.0011098779134295228,0.0793013319140693,0.0053,1.7670165837779601,0.004179191280103173,0.004173429061643262,0.13718215470129144,0.26615186045015843,-0.001461904761904762,28.5571531858014,-0.012095529678317115,-0.007381014788549216,0.002792181890706023,0.3597016747647554,0.0007714285714285715,18.93628044063997,0.003260123806365507,0.0032283497872715484,0.01496689719902126,0.04047310211052127,0.49162135070441415,0.020324341092859577
9z5kGga5A3,2026,odMXVz4WqY,EKXMeX3Q64,116.0,-0.1093,-0.1437,2,-0.0189,-0.0198,1,0.0006,0.0,0,0.0014,0.0,0,-0.0486,0.0238,27,0.0061,-0.0001,6,2,1,1,0.8563,0.0,2026-03-15,4,-0.1687,36,True,-0.0904551724137931,1.6551724137931034,-0.015641379310344827,0.8275862068965517,0.000496551724137931,0.0,0.0011586206896551723,0.0,-0.040220689655172406,22.344827586206897,0.005048275862068965,4.9655172413793105,-0.13961379310344826,29.793103448275865,0.8275862068965517,1.6551724137931034,0.7086620689655172,50.0,-0.14370000000000005,-0.11892413793103454,0.007223609427050639,0.05148457242992875,-0.05465,4.277110829507068,0.054728532692552095,0.056827508552682274,0.0034293925216784442,0.03188252113336903,-0.0189,2.893920955162302,-0.01661006051438354,-0.016479002494634274,0.0,0.0508314023846178,,1.0645142361883881,-0.0012106678224622716,-0.0012106678224622716,0.0,0.09083698598422302,,1.6697017732179786,0.0039435860243747616,0.0039435860243747616,0.16972471267568665,0.29612584690902904,-0.0018,28.86115585011433,-0.015010724669876019,-0.007459588732753422,0.0011985617259288853,0.39454687523961385,0.0010166666666666668,15.293590745741074,0.002622836992541749,0.002607326216222995,0.028463502702746783,0.038229161743430065,0.18179244829325655,0.053123003352847774
9z5kGga5A3,2026,XVqKw7YOq0,EKXMeX3Q64,95.0,0.2519,0.2237,3,-0.0002,-0.001,3,0.0021,0.0017,1,-0.0005,-0.0016,3,-0.0216,0.0378,34,0.0047,-0.0004,13,3,0,3,0.2237,0.0,2026-03-21,5,0.23640000000000003,57,True,0.2545515789473684,3.031578947368421,-0.00020210526315789476,3.031578947368421,0.0021221052631578948,1.0105263157894737,-0.0005052631578947368,3.031578947368421,-0.021827368421052634,34.357894736842105,0.0047494736842105265,13.13684210526316,0.23888842105263164,57.599999999999994,0.0,3.031578947368421,0.22605473684210525,100.0,0.2237,0.22605473684210525,0.010796419581442509,0.04256077648112915,0.08396666666666668,4.360359406982662,0.06126094662038204,0.05793358446164771,0.010218093855726062,0.026262266901200856,-6.666666666666667e-05,2.963798583160776,-0.016706479360214598,-0.016876910255055944,0.005861881820464166,0.0420158051273663,0.0021,1.1168592063882843,-0.0012490053069708932,-0.0012701995496429926,0.0033222591362126247,0.07563616776058033,-0.00016666666666666666,1.9269154892923097,0.004534899536593808,0.004551086376987616,0.20471921699935186,0.2562543966484767,-0.0006352941176470589,32.30867915754274,-0.010843079908129463,-0.00835065166015506,0.002593257530420906,0.34797494963450326,0.00036153846153846154,18.931450556409132,0.0032369059729577382,0.003227526364964404,0.04023418755461863,0.03921443573874574,0.4192444884529223,0.02374973113338078
9z5kGga5A3,2026,jYQJJy1yQG,EKXMeX3Q64,99.0,-0.6264,-0.6558,7,-0.0038,-0.0046,3,0.0029,0.0024,1,0.0012,0.0,0,-0.015,0.0468,27,0.0041,-0.0012,14,8,4,3,3.3442,0.125,2026-04-04,6,-0.637,52,True,-0.6074181818181817,6.787878787878787,-0.0036848484848484844,2.909090909090909,0.002812121212121212,0.9696969696969697,0.0011636363636363637,0.0,-0.014545454545454545,26.18181818181818,0.003975757575757576,13.575757575757574,-0.6176969696969697,50.42424242424243,3.878787878787879,7.757575757575758,3.242860606060606,37.5,-0.6558000000000002,-0.6359272727272729,0.024834152450295324,0.04427346966994863,-0.08948571428571428,4.5242868756032655,0.04856444265208513,0.06011159433709686,0.010218093855726062,0.027337816958284907,-0.0012666666666666666,2.9605248949519813,-0.016724327185912637,-0.016858268724414566,0.005861881820464166,0.04370756918706364,0.0029,1.1148868750333176,-0.0012415713424884223,-0.0012679564250087543,0.0,0.07857062614795715,,1.6922292654870246,0.003996792594015759,0.003996792594015759,0.16972471267568665,0.2641934977551204,-0.0005555555555555556,30.17048721502398,-0.009319311229324136,-0.007798004614218612,0.002792181890706023,0.3573901965395055,0.0002928571428571429,19.00464045062388,0.0032464977478880966,0.003240004136412672,0.028522523236263787,0.041424161303883364,0.8715454194829324,0.011567036038132455
9z5kGga5A3,2026,EGMPG8ljQa,EKXMeX3Q64,103.0,0.0379,0.0074,4,-0.0138,-0.0146,3,-0.0029,-0.0034,1,0.0038,0.0026,2,-0.0438,0.0205,26,0.0054,-0.0001,12,4,1,3,1.0074,0.25,2026-04-11,7,-0.013399999999999994,48,True,0.03532427184466019,3.728155339805825,-0.012862135922330096,2.796116504854369,-0.0027029126213592228,0.9320388349514562,0.0035417475728155338,1.8640776699029125,-0.04082330097087379,24.233009708737864,0.005033009708737865,11.184466019417476,-0.01248932038834951,44.737864077669904,0.9320388349514562,3.728155339805825,0.9389359223300973,75.0,0.007400000000000073,0.006897087378640844,0.014343606244813343,0.045980046376263226,0.009475,4.38764259368285,0.05805620993105085,0.05829608045189729,0.010218093855726062,0.028410993621519526,-0.0046,2.9572584307225895,-0.016806599721481387,-0.016839668329649546,0.005861881820464166,0.045393368596699575,-0.0029,1.1129214975241135,-0.0012772207622636193,-0.0012657212089557458,0.0022172949002217295,0.08148651220296954,0.0019,1.8387713518967415,0.004341020088982576,0.004342903099027863,0.16447250288380957,0.27196489736136725,-0.0016846153846153847,29.5983524190842,-0.014592793890313571,-0.0076501279907190845,0.0023942537909018356,0.36653740149227726,0.00045000000000000004,18.0508654293153,0.003089480084278012,0.003077399901816619,0.032810095730252856,0.039960865923417396,0.467828765256334,0.021335931807514565
9z5kGga5A3,2026,kRQalz2gqK,EKXMeX3Q64,94.0,1.0785,1.0507,4,-0.0047,-0.0054,4,0.0341,0.0337,4,-0.0007,-0.0019,2,0.0506,0.1093,49,0.0071,0.0021,22,4,0,4,1.0507,0.0,2026-04-18,8,1.1649000000000003,85,True,1.1014468085106384,4.085106382978723,-0.0048000000000000004,4.085106382978723,0.03482553191489361,4.085106382978723,-0.0007148936170212766,2.0425531914893615,0.05167659574468085,50.04255319148936,0.007251063829787234,22.46808510638298,1.189685106382979,86.80851063829788,0.0,4.085106382978723,1.0730553191489363,100.0,1.0507,1.0730553191489363,0.014343606244813343,0.04213164362835147,0.269625,4.405341820779984,0.07472888703058847,0.05853123988996923,0.013577878462138824,0.025993007621227308,-0.001175,2.9911641871054324,-0.016849192203461406,-0.017032739616900373,0.023042313329041816,0.04159192842454726,0.008525,1.2447839693078802,-0.0011385471153160052,-0.001415687875583484,0.0022172949002217295,0.07489963042638617,-0.00035,1.8519576247931375,0.004362911334699646,0.004374047104707151,0.27059693373576665,0.25424278015988333,0.0010326530612244898,36.2908477941655,0.003299122548961447,-0.009379901508911812,0.004380724810832338,0.34557787060803086,0.00032272727272727276,22.17742471147449,0.003795706762099031,0.003780915928761973,0.06819888835757118,0.03885787392204268,0.5672072070019328,0.017663766526158142
9z5kGga5A3,2026,Xj5YPz60Mb,EKXMeX3Q64,103.0,-2.1401,-2.1706,5,-0.0474,-0.0482,1,0.0005,0.0,0,-0.0046,-0.0059,1,-0.0239,0.0404,43,0.0015,-0.004,36,5,4,1,1.8294,0.0,2026-04-22,9,-2.2139999999999995,86,True,-1.9946563106796118,4.660194174757281,-0.04417864077669903,0.9320388349514562,0.00046601941747572817,0.0,-0.004287378640776699,0.9320388349514562,-0.022275728155339805,40.07766990291262,0.0013980582524271844,33.55339805825243,-2.0635339805825237,80.15533980582524,3.728155339805825,4.660194174757281,1.705071844660194,20.0,-2.1706000000000003,-2.0230834951456313,0.01786544408219076,0.045980046376263226,-0.42801999999999996,4.430497782538397,0.023934828953883092,0.0588654726674121,0.0034293925216784442,0.028410993621519526,-0.0474,2.904298131932961,-0.01695348114046502,-0.01653809378445886,0.0,0.045393368596699575,,1.0706131151427236,-0.0012176040533289855,-0.0012176040533289855,0.0011098779134295228,0.08148651220296954,-0.0046,1.762822757998828,0.004149902885796354,0.004163523871988121,0.24560041776461078,0.27196489736136725,-0.0005558139534883721,33.90754380251868,-0.011240139460624224,-0.008763901661395502,0.007148530579825258,0.36653740149227726,4.1666666666666665e-05,26.249915652987212,0.004451041595524211,0.004475214120316089,0.003124548780785427,0.04098461116053296,0.5791374805999561,0.017306188957052056
9z5kGga5A3,2026,2lqROekWQr,EKXMeX3Q64,103.0,0.3564,0.3258,5,-0.1494,-0.1502,3,0.0037,0.0031,1,0.015,0.0138,3,-0.0025,0.0618,28,0.0073,0.0018,8,5,2,3,2.3258,0.4,2026-04-25,10,0.2305,48,True,0.332178640776699,4.660194174757281,-0.1392466019417476,2.796116504854369,0.003448543689320388,0.9320388349514562,0.013980582524271843,2.796116504854369,-0.002330097087378641,26.097087378640776,0.006803883495145631,7.45631067961165,0.2148349514563107,44.737864077669904,1.8640776699029125,4.660194174757281,2.167735922330097,60.0,0.3258000000000001,0.3036582524271846,0.01786544408219076,0.045980046376263226,0.07128,4.430497782538397,0.06345582718171487,0.0588654726674121,0.010218093855726062,0.028410993621519526,-0.049800000000000004,2.9572584307225895,-0.018172432719355768,-0.016839668329649546,0.005861881820464166,0.045393368596699575,0.0037,1.1129214975241135,-0.0012341635879236127,-0.0012657212089557458,0.0033222591362126247,0.08148651220296954,0.005,1.9147199457946547,0.0045390641114593155,0.0045222823260676025,0.1749113031204952,0.27196489736136725,-8.928571428571429e-05,30.105316111252964,-0.006890304468399108,-0.007781160187269251,0.001597444089456869,0.36653740149227726,0.0009125,16.684357058703316,0.0028642072950336933,0.0028444308654000405,0.04456219781252938,0.040345636133005194,0.5845571963571455,0.017148486358033743
9z5kGga5A3,2026,4JMA1nd6MK,EKXMeX3Q64,103.0,1.1313,1.1008,4,-0.058,-0.0588,4,0.0528,0.0523,2,-0.0097,-0.011,1,-0.0031,0.0612,30,-0.0045,-0.01,8,4,0,4,1.1008,0.25,2026-05-03,11,1.1087999999999998,49,True,1.0544155339805825,3.728155339805825,-0.05405825242718447,3.728155339805825,0.049211650485436895,1.8640776699029125,-0.009040776699029127,0.9320388349514562,-0.0028893203883495143,27.961165048543688,-0.004194174757281554,7.45631067961165,1.0334446601941747,45.66990291262136,0.0,3.728155339805825,1.025988349514563,100.0,1.1008,1.025988349514563,0.014343606244813343,0.045980046376263226,0.282825,4.38764259368285,0.07525938768119324,0.05829608045189729,0.013577878462138824,0.028410993621519526,-0.0145,2.983738580117404,-0.017347197438213863,-0.01699045560224489,0.011655440824251158,0.045393368596699575,0.0264,1.1552298799055034,-0.000943056562775246,-0.001313838364582506,0.0011098779134295228,0.08148651220296954,-0.0097,1.762822757998828,0.004139924643769945,0.004163523871988121,0.1850924842280916,0.27196489736136725,-0.00010333333333333333,30.612279803421725,-0.007033202341200108,-0.007912192383819417,0.001597444089456869,0.36653740149227726,-0.0005625,16.684357058703316,0.0028248951118682183,0.0028444308654000405,0.05690075109464218,0.03908754883863864,0.46646251143955614,0.02139708691880695
9z5kGga5A3,2026,N6MmgzlRqE,EKXMeX3Q64,104.0,0.8795,0.8487,7,-0.1385,-0.1393,5,0.0005,0.0,0,0.0013,0.0,0,-0.0027,0.0623,26,0.0058,0.0002,6,7,2,5,2.8487,0.1429,2026-05-10,12,0.7458999999999998,44,True,0.8118461538461538,6.461538461538462,-0.12784615384615386,4.615384615384616,0.0004615384615384616,0.0,0.0012,0.0,-0.0024923076923076925,24.0,0.0053538461538461535,5.538461538461538,0.6885230769230768,40.61538461538461,1.8461538461538463,6.461538461538462,2.629569230769231,71.42857142857143,0.8487,0.7834153846153846,0.024834152450295324,0.04640573869042975,0.12564285714285714,4.51419298740568,0.07257333055802985,0.059977482657333776,0.01691493085882438,0.028678917864907755,-0.027700000000000002,3.009388635130496,-0.018256682781225816,-0.017136516025835328,0.0,0.04581389016751004,,1.0701414906074442,-0.0012170676766139208,-0.0012170676766139208,0.0,0.08221260243570114,,1.6855406803027195,0.00398099515552779,0.00398099515552779,0.16447250288380957,0.27388216495825446,-0.00010384615384615386,29.520405680240586,-0.006879263069541911,-0.007629981513639221,0.0011985617259288853,0.3687836577821413,0.0009666666666666666,15.944363015260786,0.0027334883335185505,0.0027182730584210703,0.05293480051969454,0.040693185655194156,0.790184169664645,0.012742858247816886
9z5kGga5A3,2026,vzqoYzPjMa,EKXMeX3Q64,101.0,-0.4168,-0.4467,8,-0.011,-0.0118,5,0.0024,0.0019,1,0.0063,0.0051,1,-0.0078,0.0553,28,0.0064,0.001,13,8,3,5,2.5533,0.125,2026-05-13,13,-0.4205,56,True,-0.39616633663366335,7.603960396039604,-0.010455445544554454,4.752475247524753,0.002281188118811881,0.9504950495049505,0.005988118811881189,0.9504950495049505,-0.007413861386138613,26.613861386138616,0.006083168316831684,12.356435643564357,-0.3996831683168317,53.22772277227723,2.8514851485148514,7.603960396039604,2.42689900990099,62.5,-0.4466999999999999,-0.4245861386138613,0.028281553028987088,0.04512752053375302,-0.0521,4.5631373931624895,0.052189489956626776,0.060627778791247984,0.01691493085882438,0.027874701472863753,-0.0021999999999999997,3.0118802928479247,-0.016972682064237608,-0.017150704400147362,0.005861881820464166,0.044551212499878944,0.0024,1.113903319348507,-0.001243740810292927,-0.0012668378310259595,0.0011098779134295228,0.08003087967968145,0.0063,1.7656164264353034,0.004177839370516122,0.004170122099276093,0.1749113031204952,0.2680998263788889,-0.00027857142857142854,30.26514244833234,-0.007928909177690003,-0.0078224696465808,0.002593257530420906,0.3619965837381058,0.0004923076923076923,18.524334491460994,0.0031735790678514095,0.003158119225278753,0.033395576342773764,0.04171600823804871,0.9610128652375979,0.010501487908392537
9z5kGga5A3,2026,2lqROePJQr,EKXMeX3Q64,102.0,-0.1859,-0.2161,3,0.0372,0.0363,2,0.008,0.0075,1,0.0132,0.012,3,-0.0191,0.0446,20,0.009,0.0035,10,3,1,2,0.7839,0.3333,2026-05-16,14,-0.1376,39,True,-0.17496470588235297,2.8235294117647056,0.03501176470588235,1.8823529411764706,0.0075294117647058826,0.9411764705882353,0.012423529411764705,2.8235294117647056,-0.017976470588235295,18.823529411764707,0.008470588235294117,9.411764705882353,-0.1295058823529412,36.705882352941174,0.9411764705882353,2.8235294117647056,0.7377882352941176,66.66666666666666,-0.21609999999999996,-0.2033882352941176,0.010796419581442509,0.04555397382726262,-0.06196666666666667,4.346727819844211,0.054220909789228666,0.057752469413294795,0.00683534396587721,0.028142921531641923,0.0186,2.9315869152806973,-0.01620666565433891,-0.016693485702838906,0.005861881820464166,0.04497247620439232,0.008,1.1134121919904345,-0.0012066429688776389,-0.0012662792738278158,0.0033222591362126247,0.08075927219536061,0.0044,1.9162359398072069,0.004538838210417845,0.004525862877335398,0.13150874989037448,0.2700374781153283,-0.0009549999999999999,28.151794350938996,-0.009854962077630515,-0.007276243856540627,0.001996007984031936,0.3642751009820834,0.0009,17.429636619889006,0.002996869380472629,0.0029714897733177743,0.03448834667927208,0.040013813230740616,0.36211107732559383,0.02739428069233979
9z5kGga5A3,2026,9vQ2Gr9mMK,EKXMeX3Q64,110.0,0.2709,0.2383,8,0.1003,0.0994,4,0.0086,0.008,1,-0.0057,-0.007,1,-0.0117,0.057,30,0.0057,-0.0002,12,8,4,4,4.2383,0.125,2026-05-23,15,0.3681,56,True,0.23642181818181818,6.9818181818181815,0.08753454545454545,3.4909090909090907,0.007505454545454546,0.8727272727272727,-0.004974545454545455,0.8727272727272727,-0.010210909090909092,26.18181818181818,0.004974545454545455,10.472727272727273,0.32125090909090903,48.87272727272727,3.4909090909090907,6.9818181818181815,3.6988799999999995,50.0,0.23829999999999973,0.20797090909090885,0.028281553028987088,0.048951936071393795,0.0338625,4.544861305075256,0.06302971598889354,0.06038495493339473,0.013577878462138824,0.030283365387002038,0.025075,2.977988548122068,-0.015713561363745087,-0.016957712900193427,0.005861881820464166,0.04832925971200161,0.0086,1.109498709300019,-0.001198499543313129,-0.0012618284854719797,0.0011098779134295228,0.08654515053466595,-0.0057,1.7531141550288407,0.004124907316214396,0.004140593602880929,0.1850924842280916,0.28517700738778745,-0.00039,30.056739545188982,-0.00850037235913365,-0.0077686048618079775,0.0023942537909018356,0.38193362575782447,0.000475,17.612141544129894,0.0030154448798575127,0.0030026041062088627,0.044757634918773576,0.04154000639501113,0.8093112431123186,0.012445444595341797
9z5kGga5A3,2026,gOMnGzll5w,EKXMeX3Q64,105.0,0.2015,0.1704,5,0.091,0.0901,4,0.0005,0.0,0,0.0244,0.0231,2,-0.0188,0.0468,31,0.0088,0.0032,15,5,1,4,1.1704,0.2,2026-07-23,17,0.30739999999999995,57,True,0.18422857142857146,4.571428571428571,0.0832,3.6571428571428575,0.0004571428571428572,0.0,0.022308571428571428,1.8285714285714287,-0.017188571428571428,28.34285714285714,0.008045714285714286,13.714285714285714,0.2810514285714285,52.114285714285714,0.9142857142857144,4.571428571428571,1.0700800000000001,80.0,0.1704000000000001,0.1557942857142858,0.01786544408219076,0.04683105127852783,0.0403,4.4265456897985205,0.060949256617847766,0.05881296348704976,0.013577878462138824,0.028946694384082813,0.02275,2.9820934492831057,-0.015829361575125902,-0.016981087649373186,0.0,0.04623404140666874,,1.069670281407561,-0.0012165317722581562,-0.0012165317722581562,0.0022172949002217295,0.08293754561811274,0.0122,1.8358665293657088,0.00437609007922463,0.004336042342382326,0.19008942954436575,0.2757893608978995,-0.0006064516129032258,30.70361976990717,-0.009966803290162446,-0.007935800536881043,0.0029910269192422734,0.37101403992684695,0.0005866666666666667,18.940939662503105,0.0032527220020227504,0.003229144114222813,0.041565372061548644,0.040244729985142516,0.5606799416153743,0.017865728884215632
9z5kGga5A3,2026,raMyNnrd5d,EKXMeX3Q64,107.0,1.0138,0.982,7,-0.0876,-0.0885,6,0.028,0.0275,3,0.0452,0.0439,3,0.0069,0.0737,29,0.0029,-0.0029,15,7,1,6,1.982,0.1429,2026-07-25,18,1.0091999999999999,63,True,0.909577570093458,6.2803738317757,-0.07859439252336449,5.383177570093458,0.025121495327102804,2.691588785046729,0.04055327102803738,2.691588785046729,0.006190654205607477,26.018691588785046,0.0026018691588785047,13.457943925233643,0.9054504672897195,56.523364485981304,0.8971962616822429,6.2803738317757,1.7782429906542054,85.71428571428571,0.982,0.8810467289719626,0.024834152450295324,0.04768053930704691,0.14482857142857145,4.508158244709168,0.07462427318009215,0.0598973025063231,0.020229480976184842,0.029481804738224416,-0.0146,3.033352061583791,-0.01781945074375718,-0.017272972193927757,0.017381864589308817,0.04707323484510101,0.009333333333333334,1.1954308978062718,-0.0011419915209870892,-0.0013595588229363168,0.0033222591362126247,0.08438400168723158,0.015066666666666666,1.9086798810792711,0.004588579476213277,0.00450801659599534,0.18003349632311236,0.27957385359298004,0.00023793103448275862,30.041507260687496,-0.005079922885728921,-0.007764667854626717,0.0029910269192422734,0.37542785014671104,0.0001933333333333333,18.808024592274094,0.003207769448316773,0.0032064841023982044,0.058379256954149014,0.04121460433322585,0.7580275510906355,0.013276251867420874
9z5kGga5A3,2026,4JMA1no1MK,EKXMeX3Q64,106.0,-0.3677,-0.3991,2,0.0009,0.0,0,0.0005,0.0,0,0.0111,0.0098,1,-0.0274,0.0388,25,0.0047,-0.001,16,2,2,0,1.6009,0.0,2026-08-01,19,-0.3779,44,True,-0.333011320754717,1.8113207547169812,0.0008150943396226414,0.0,0.0004528301886792453,0.0,0.010052830188679246,0.9056603773584906,-0.02481509433962264,22.641509433962263,0.004256603773584906,14.49056603773585,-0.3422490566037736,39.84905660377359,1.8113207547169812,1.8113207547169812,1.4498716981132076,0.0,-0.3991,-0.3614490566037736,0.007223609427050639,0.047255984648415836,-0.18385,4.296178667591857,0.05096293656703961,0.05708085193681183,0.0,0.029214323301186104,,2.8754385437189813,-0.016373757151378426,-0.016373757151378426,0.0,0.046653822803158336,,1.0691994869946686,-0.0012159963396379924,-0.0012159963396379924,0.0011098779134295228,0.08366134446616015,0.0111,1.7586487922821377,0.0041707214556528155,0.00415366558883206,0.15915342051963938,0.2776865643339975,-0.001096,29.11424765912504,-0.011405834673469556,-0.00752500402023024,0.003189792663476874,0.37322871560620957,0.00029375,19.212266588121835,0.003282955330250377,0.003275401256714344,0.029421025188456826,0.03939516127111157,0.22024913863645862,0.044257957264258754
9z5kGga5A3,2026,0x5gxzWPq7,EKXMeX3Q64,99.0,1.8197,1.7903,8,-0.0051,-0.0059,7,0.026,0.0255,4,0.1581,0.1569,3,-0.0062,0.0556,36,0.0073,0.002,21,8,1,7,2.7903,0.125,2026-08-15,20,1.9998,79,True,1.7645575757575758,7.757575757575758,-0.004945454545454545,6.787878787878787,0.02521212121212121,3.878787878787879,0.1533090909090909,2.909090909090909,-0.006012121212121212,34.90909090909091,0.007078787878787879,20.363636363636363,1.9392,76.60606060606061,0.9696969696969697,7.757575757575758,2.7057454545454545,87.5,1.7902999999999998,1.7360484848484847,0.028281553028987088,0.04427346966994863,0.2274625,4.567218724980186,0.08834670872396956,0.06068200509681304,0.023521755654127043,0.027337816958284907,-0.0007285714285714286,3.0665624880022984,-0.017103897691679432,-0.017462084028106298,0.023042313329041816,0.04370756918706364,0.0065,1.2420361672138664,-0.0011939880838080657,-0.0014125628111506885,0.0033222591362126247,0.07857062614795715,0.0527,1.9207983597356273,0.0048578659898395535,0.004536638631278794,0.21418227519501587,0.2641934977551204,-0.0001722222222222222,32.476175922705025,-0.007794056697189856,-0.008393943654026202,0.0041824337781318464,0.3573901965395055,0.0003476190476190476,21.430561784710225,0.003669463952534472,0.0036535870809294396,0.07078209619366622,0.041603640315738086,1.011735638581047,0.009980256430892478
9z5kGga5A3,2026,gpMOgleDMz,EKXMeX3Q64,98.0,-0.79,-0.819,7,-0.0251,-0.0259,4,0.0032,0.0027,2,-0.0047,-0.0059,2,-0.0182,0.043,27,0.0056,0.0003,13,7,3,4,2.181,0.4286,2026-08-19,21,-0.8292,55,True,-0.7738775510204081,6.857142857142857,-0.024587755102040816,3.9183673469387754,0.0031346938775510206,1.9591836734693877,-0.004604081632653061,1.9591836734693877,-0.01782857142857143,26.448979591836732,0.005485714285714286,12.73469387755102,-0.8122775510204082,53.87755102040816,2.9387755102040813,6.857142857142857,2.1364897959183677,57.14285714285714,-0.819,-0.8022857142857143,0.024834152450295324,0.04384587107573929,-0.11285714285714286,4.5263110725324225,0.04595905622611116,0.060138488676030145,0.013577878462138824,0.027069152256985234,-0.006275,2.987859359399049,-0.01703747698373735,-0.01701392076702105,0.011655440824251158,0.043285188593004446,0.0016,1.1577811219065228,-0.0012798015792587544,-0.0013167398820004485,0.0022172949002217295,0.07783875962203923,-0.00235,1.8460737846140975,0.004340863383024185,0.004360150353639446,0.16972471267568665,0.2622246548359651,-0.0006740740740740741,30.25121625171982,-0.009952766477147447,-0.007818870216957109,0.002593257530420906,0.35506196896711517,0.0004307692307692308,18.725680002022532,0.0032050851338094517,0.0031924455935550913,0.025234959702801242,0.041541553757246066,0.8973807496632582,0.01123776674922722
9z5kGga5A3,2026,2vQ1g1db5r,EKXMeX3Q64,100.0,-0.048,-0.0776,5,-0.1595,-0.1603,2,0.0005,0.0,0,0.0336,0.0324,2,-0.0272,0.0353,27,0.0061,0.0007,12,5,3,2,2.9224,0.6,2026-08-22,22,-0.19450000000000003,48,True,-0.04608,4.800000000000001,-0.15312,1.92,0.00048000000000000007,0.0,0.032256,1.92,-0.026112,25.92,0.005856,11.52,-0.18672000000000002,46.08,2.88,4.800000000000001,2.805504,40.0,-0.07759999999999989,-0.0744959999999999,0.01786544408219076,0.04470068598514822,-0.009600000000000001,4.4364391712424505,0.05713045839560306,0.05894441247768429,0.00683534396587721,0.027606333322638656,-0.07975,2.933205522591648,-0.018187479030268693,-0.01670270262145149,0.0,0.04412957699158392,,1.0720304862595103,-0.001219216023883485,-0.001219216023883485,0.0022172949002217295,0.0793013319140693,0.0168,1.8431458624154669,0.004412240838254607,0.004353235039031662,0.16972471267568665,0.26615186045015843,-0.0010074074074074074,30.090187901994316,-0.01160213702953154,-0.00777725007985988,0.0023942537909018356,0.3597016747647554,0.0005083333333333334,18.245653225091637,0.003125367094682123,0.0031106082787747485,0.03365923424485606,0.04070908707029584,0.6157418131468908,0.01629414227648199
9z5kGga5A3,2026,p6qbYz3X50,EKXMeX3Q64,99.0,0.1589,0.1296,1,-0.0113,-0.0121,1,0.0015,0.001,3,0.0646,0.0634,3,-0.0195,0.0423,31,0.0061,0.0008,13,1,0,1,0.1296,0.0,2026-08-29,23,0.2003,52,True,0.1540848484848485,0.9696969696969697,-0.010957575757575756,0.9696969696969697,0.0014545454545454545,2.909090909090909,0.06264242424242425,2.909090909090909,-0.01890909090909091,30.060606060606062,0.005915151515151516,12.606060606060607,0.19423030303030303,50.42424242424243,0.0,0.9696969696969697,0.12567272727272727,100.0,0.1296,0.12567272727272727,0.003624897134080235,0.04427346966994863,0.1589,4.266695779341747,0.05894123787650291,0.05668912977879986,0.0034293925216784442,0.027337816958284907,-0.0113,2.9075060984268224,-0.0166122548819989,-0.0165563610725687,0.017381864589308817,0.04370756918706364,0.0005,1.1996530698203502,-0.0013302194461967357,-0.0013643606824367107,0.0033222591362126247,0.07857062614795715,0.021533333333333335,1.9207983597356273,0.00465897933797324,0.004536638631278794,0.19008942954436575,0.2641934977551204,-0.0006290322580645161,31.195237751771113,-0.010260289652744094,-0.008062866409688653,0.002593257530420906,0.3573901965395055,0.00046923076923076926,18.658080260040123,0.003195375739618803,0.003180920858624563,0.038592828973155226,0.03842310110400916,0.13819029334289373,0.06873244993113661
9z5kGga5A3,2026,OlMlWzg4QL,EKXMeX3Q64,100.0,-0.0683,-0.0979,4,0.0,-0.0008,3,0.0431,0.0426,2,0.0012,0.0,0,-0.0282,0.0342,32,0.001,-0.0044,11,4,1,3,0.9021,0.0,2026-09-09,25,-0.051199999999999996,52,True,-0.065568,3.84,0.0,2.88,0.041376,1.92,0.0011519999999999998,0.0,-0.027072,30.72,0.0009600000000000001,10.56,-0.049152,49.92,0.96,3.84,0.8660159999999999,75.0,-0.09789999999999999,-0.09398399999999998,0.014343606244813343,0.04470068598514822,-0.017075,4.393526512696709,0.05646090967302997,0.05837425669549065,0.010218093855726062,0.027606333322638656,0.0,2.959707602581381,-0.016681402956983393,-0.016853614774558077,0.011655440824251158,0.04412957699158392,0.02155,1.1567592740833514,-0.0010096953788359421,-0.0013155777385204363,0.0,0.0793013319140693,,1.6908873051404538,0.003993623084254863,0.003993623084254863,0.19502546663613604,0.26615186045015843,-0.00088125,31.367716832155075,-0.011917337744676895,-0.0081074461559521,0.002195170624625823,0.3597016747647554,9.090909090909092e-05,17.900339617317474,0.003048610649021964,0.0030517375245263487,0.03389470732581056,0.03914297863524126,0.49121864292120493,0.020340664346864417
9z5kGga5A3,2026,p6qbYzPX50,EKXMeX3Q64,96.0,0.2346,0.2061,2,0.0334,0.0326,2,0.0122,0.0117,3,-0.2092,-0.2104,2,0.0057,0.0657,32,-0.004,-0.0092,22,3,0,2,0.2061,0.0,2026-09-12,26,0.0727,63,True,0.23460000000000003,2.0,0.0334,2.0,0.012200000000000003,3.0,-0.2092,2.0,0.0057,32.0,-0.004,22.0,0.0727,63.0,0.0,3.0,0.2061,66.66666666666666,0.2061,0.2061,0.007223609427050639,0.042989524996042236,0.1173,4.315417280114555,0.06057886795190529,0.057336464302554846,0.00683534396587721,0.02653137735160019,0.0167,2.9364481051987177,-0.01627167582935958,-0.016721167025869878,0.017381864589308817,0.04243930705865313,0.004066666666666667,1.2012440837264116,-0.0012575121131248484,-0.001366170136247357,0.0022172949002217295,0.07637153320966035,-0.1046,1.8490110238922046,0.003928565188712282,0.004367087673796364,0.19502546663613604,0.25825519000376856,0.000178125,31.705253318424766,-0.005495108691245445,-0.008194687407929212,0.004380724810832338,0.35035453225470276,-0.00018181818181818183,22.015550518528602,0.0037193412818794687,0.003753318823934561,0.04520247778876717,0.03917484623023933,0.27730532477319303,0.03547482419751806
BLMv64wlMx,2026,KPqj3zLRQ6,zeQZBOzQKw,99.0,0.1164,0.0871,2,-0.0511,-0.0519,2,0.0005,0.0001,1,0.0503,0.0491,3,-0.0412,0.0207,49,0.0065,0.0012,50,2,0,2,0.0871,0.0,2026-02-22,1,0.0814,107,True,0.11287272727272729,1.9393939393939394,-0.04955151515151515,1.9393939393939394,0.0004848484848484849,0.9696969696969697,0.04877575757575757,2.909090909090909,-0.039951515151515155,47.515151515151516,0.0063030303030303025,48.484848484848484,0.07893333333333333,103.75757575757576,0.0,1.9393939393939394,0.08446060606060607,100.0,0.0871,0.08446060606060607,0.007223609427050639,0.04427346966994863,0.0582,4.309627628718666,0.05865774806746821,0.05725954053851602,0.00683534396587721,0.027337816958284907,-0.02555,2.9340154966894016,-0.01710552003525797,-0.016707314898491633,0.005861881820464166,0.04370756918706364,0.0005,1.1148868750333176,-0.001257256146739539,-0.0012679564250087543,0.0033222591362126247,0.07857062614795715,0.016766666666666666,1.9207983597356273,0.00462856137945251,0.004536638631278794,0.27059693373576665,0.2641934977551204,-0.0008408163265306122,35.80661516713322,-0.01489724315479295,-0.009254744489303834,0.009900990099009901,0.3573901965395055,0.00013,31.480807311639346,0.005354383352762128,0.005367002136784618,0.03538067346289238,0.03993316549377522,0.2652854900170702,0.03702264730523899
BLMv64wlMx,2026,0x5gxzeZq7,zeQZBOzQKw,98.0,0.3992,0.3702,2,-0.1215,-0.1223,2,0.0005,0.0,0,0.0005,-0.0007,2,0.0175,0.0787,59,0.0159,0.0107,64,2,0,2,0.3702,0.0,2026-03-02,2,0.31210000000000004,129,True,0.3910530612244898,1.9591836734693877,-0.11902040816326531,1.9591836734693877,0.0004897959183673469,0.0,0.0004897959183673469,1.9591836734693877,0.017142857142857147,57.79591836734694,0.015575510204081634,62.69387755102041,0.305730612244898,126.36734693877551,0.0,1.9591836734693877,0.36264489795918364,100.0,0.3702,0.36264489795918364,0.007223609427050639,0.04384587107573929,0.1996,4.311555785630842,0.06308789424121788,0.05728515884904978,0.00683534396587721,0.027069152256985234,-0.06075,2.9348259182425065,-0.01781637602184894,-0.016711929723499722,0.0,0.043285188593004446,,1.0729774871120652,-0.0012202930442004117,-0.0012202930442004117,0.0022172949002217295,0.07783875962203923,0.00025,1.8460737846140975,0.004351505936993135,0.004360150353639446,0.30876936057894055,0.2622246548359651,0.00029661016949152546,38.471156452292114,-0.003349858920726316,-0.009943434237280401,0.01263823064770932,0.35506196896711517,0.0002484375,36.46428612511433,0.006252533995002437,0.006216610000260604,0.05130540618643779,0.039986262197969295,0.26844155519507623,0.03660330484457149
BLMv64wlMx,2026,9z5kBz9jMA,zeQZBOzQKw,98.0,0.4117,0.3826,3,0.0166,0.0158,3,-0.0398,-0.0403,2,-0.0098,-0.011,2,-0.0048,0.0564,41,-0.0189,-0.0242,37,3,0,3,0.3826,0.0,2026-03-08,3,0.355,88,True,0.40329795918367345,2.9387755102040813,0.01626122448979592,2.9387755102040813,-0.03898775510204082,1.9591836734693877,-0.0096,1.9591836734693877,-0.00470204081632653,40.163265306122454,-0.018514285714285716,36.244897959183675,0.3477551020408163,86.20408163265306,0.0,2.9387755102040813,0.37479183673469385,100.0,0.3826,0.37479183673469385,0.010796419581442509,0.04384587107573929,0.13723333333333335,4.354506843011158,0.06368295113766836,0.05785582481444585,0.010218093855726062,0.027069152256985234,0.005533333333333334,2.9613426388207778,-0.01652318362623142,-0.016862925245260386,0.011655440824251158,0.043285188593004446,-0.0199,1.1577811219065228,-0.0015699322403658113,-0.0013167398820004485,0.0022172949002217295,0.07783875962203923,-0.0049,1.8460737846140975,0.004330425493554637,0.004360150353639446,0.23688312364197092,0.2622246548359651,-0.0001170731707317073,33.8474400894702,-0.0076147059728007265,-0.008748366975848548,0.007345642247369466,0.35506196896711517,-0.0005108108108108108,27.07325935406573,0.0044800921824375145,0.0046155817849459204,0.046785646974262546,0.03990352484992183,0.39423623263869273,0.025218295323567314
BLMv64wlMx,2026,7VqGXPm6Qv,zeQZBOzQKw,106.0,-0.5642,-0.5957,6,-0.0662,-0.067,4,0.0047,0.0042,2,-0.0007,-0.002,1,0.0141,0.0803,57,0.0187,0.013,48,8,2,4,1.4043,0.25,2026-03-22,5,-0.5936,118,True,-0.5109735849056604,5.433962264150944,-0.05995471698113207,3.6226415094339623,0.004256603773584906,1.8113207547169812,-0.0006339622641509434,0.9056603773584906,0.012769811320754717,51.62264150943396,0.016935849056603773,43.47169811320755,-0.5376,106.86792452830188,1.8113207547169812,7.245283018867925,1.2718188679245284,50.0,-0.5956999999999999,-0.5395018867924527,0.021362203846968835,0.047255984648415836,-0.09403333333333334,4.467370159148382,0.049113542024422495,0.05935537470191308,0.013577878462138824,0.029214323301186104,-0.01655,2.981271563979882,-0.017415837073325755,-0.016976407545744934,0.011655440824251158,0.046653822803158336,0.00235,1.1537045245249178,-0.0012652101414611125,-0.0013121035839526978,0.0011098779134295228,0.08366134446616015,-0.0007,1.7586487922821377,0.0041476892073188205,0.00415366558883206,0.3014578893640755,0.2776865643339975,0.0002473684210526316,37.161918655672594,-0.003938319228340812,-0.009605042539911176,0.009508716323296355,0.37322871560620957,0.00038958333333333336,30.028857289464064,0.005182027055877794,0.005119466589351625,0.035823891844491425,0.04073495321048795,0.6601043268141603,0.01521575150081374
BLMv64wlMx,2026,gpMOglznMz,zeQZBOzQKw,103.0,0.626,0.5955,10,0.0004,-0.0004,7,0.0025,0.002,1,0.0034,0.0021,1,0.045,0.1093,78,0.061,0.0555,82,10,3,7,3.5955,0.0,2026-04-05,6,0.7383,179,True,0.5834563106796117,9.320388349514563,0.00037281553398058254,6.524271844660194,0.002330097087378641,0.9320388349514562,0.003168932038834951,0.9320388349514562,0.04194174757281553,72.69902912621359,0.05685436893203884,76.42718446601941,0.6881242718446601,166.83495145631068,2.796116504854369,9.320388349514563,3.351145631067961,70.0,0.5954999999999999,0.5550291262135921,0.03510374418555889,0.045980046376263226,0.0626,4.644773726816128,0.06975296044672684,0.06171243374498609,0.023521755654127043,0.028410993621519526,5.714285714285715e-05,3.063179028301847,-0.017028414510835768,-0.01744281742003092,0.005861881820464166,0.045393368596699575,0.0025,1.1129214975241135,-0.0012419921650763412,-0.0012657212089557458,0.0011098779134295228,0.08148651220296954,0.0034,1.762822757998828,0.004165555030151504,0.004163523871988121,0.37128512204041364,0.27196489736136725,0.0005769230769230769,42.77940841547202,0.0022117972326500556,-0.011056965101023417,0.016135379771743407,0.36653740149227726,0.0007439024390243903,41.964761915025036,0.007542629018565569,0.007154358039106738,0.06540253505218187,0.043264811926070866,1.1617188075176994,0.008702973794089176
BLMv64wlMx,2026,2vQ1g1N45r,zeQZBOzQKw,102.0,-0.028,-0.0582,6,0.0146,0.0138,4,0.0013,0.0008,2,0.0212,0.02,4,0.005,0.0686,62,0.0063,0.0008,45,7,2,4,1.9418,0.2857,2026-04-12,7,0.0204,123,True,-0.026352941176470586,5.647058823529411,0.013741176470588236,3.764705882352941,0.0012235294117647058,1.8823529411764706,0.019952941176470586,3.764705882352941,0.004705882352941176,58.35294117647058,0.005929411764705882,42.35294117647059,0.019200000000000002,115.76470588235293,1.8823529411764706,6.588235294117648,1.8275764705882351,57.14285714285714,-0.05820000000000003,-0.05477647058823533,0.021362203846968835,0.04555397382726262,-0.004666666666666667,4.475350804768246,0.057745033210090495,0.059461408944488696,0.013577878462138824,0.028142921531641923,0.00365,2.9845618263990823,-0.016616472798716798,-0.016995143455762547,0.011655440824251158,0.04497247620439232,0.00065,1.155739228418098,-0.001290341604931865,-0.0013144176446274825,0.004424778761061947,0.08075927219536061,0.0053,1.992244666579311,0.004731284627482315,0.004705384129236146,0.3194540255972912,0.2700374781153283,8.064516129032258e-05,38.82621701526256,-0.005829160893843743,-0.010035204843722308,0.008919722497522299,0.3642751009820834,0.00014,29.429287005181163,0.0050092465945188935,0.005017248912243036,0.043749589134599295,0.04083927604185554,0.72128892321337,0.01394304505313897
BLMv64wlMx,2026,zeQZLz7K5K,zeQZBOzQKw,106.0,-0.0895,-0.1209,9,0.057,0.0561,5,0.0005,0.0,0,-0.0017,-0.003,5,-0.3095,-0.2433,37,0.008,0.0023,30,9,4,5,3.8791,0.3333,2026-04-19,8,-0.3352,86,True,-0.0810566037735849,8.150943396226415,0.051622641509433964,4.528301886792454,0.0004528301886792453,0.0,-0.001539622641509434,4.528301886792454,-0.2803018867924528,33.50943396226415,0.0072452830188679245,27.169811320754718,-0.30357735849056605,77.88679245283019,3.6226415094339623,8.150943396226415,3.513147169811321,55.55555555555556,-0.12089999999999979,-0.10949433962264131,0.031704665012010046,0.047255984648415836,-0.009944444444444443,4.595763777815776,0.05767636309863043,0.061061266775739004,0.01691493085882438,0.029214323301186104,0.0114,3.007729819045107,-0.01625738575901551,-0.01712707014433656,0.0,0.046653822803158336,,1.0691994869946686,-0.0012159963396379924,-0.0012159963396379924,0.0055248618784530384,0.08366134446616015,-0.00033999999999999997,2.061723851480303,0.004838707503554985,0.004869483579183087,0.21882985295635568,0.2776865643339975,-0.008364864864864865,32.132124282830375,-0.06530491238478016,-0.008305018465110591,0.005964214711729622,0.37322871560620957,0.0002666666666666667,23.94452501995906,0.004095915586257544,0.004082179839743154,-0.0161673082949907,0.04336484524558009,0.9918415513169417,0.010178400166811829
BLMv64wlMx,2026,KAqBro9Jqb,zeQZBOzQKw,103.0,-0.307,-0.3376,2,-0.0063,-0.0071,1,0.0005,0.0,0,0.1621,0.1608,3,-0.0362,0.0282,18,0.0536,0.0481,13,3,1,1,0.6624,0.0,2026-04-23,9,-0.13330000000000003,37,True,-0.2861359223300971,1.8640776699029125,-0.005871844660194175,0.9320388349514562,0.00046601941747572817,0.0,0.15108349514563107,2.796116504854369,-0.03373980582524272,16.776699029126213,0.049957281553398056,12.116504854368932,-0.12424077669902914,34.48543689320388,0.9320388349514562,2.796116504854369,0.6173825242718446,33.33333333333333,-0.3376,-0.31465631067961164,0.007223609427050639,0.045980046376263226,-0.1535,4.301932215971758,0.051974328148648274,0.0571572960208677,0.0034293925216784442,0.028410993621519526,-0.0063,2.904298131932961,-0.01654412603256619,-0.01653809378445886,0.0,0.045393368596699575,,1.0706131151427236,-0.0012176040533289855,-0.0012176040533289855,0.0033222591362126247,0.08148651220296954,0.05403333333333333,1.9147199457946547,0.0048509747471474594,0.0045222823260676025,0.11993512676015416,0.27196489736136725,-0.002011111111111111,27.570497650409152,-0.012921424638055812,-0.007125999204518418,0.002593257530420906,0.36653740149227726,0.004123076923076923,18.392492521968297,0.0033241668469541825,0.0031356421609207634,0.029466315018798928,0.039933523465549806,0.23939422699271964,0.04086314591289671
BLMv64wlMx,2026,gjMNWr1v5K,zeQZBOzQKw,105.0,-0.6267,-0.6578,5,-0.0588,-0.0596,3,0.0083,0.0078,1,0.0154,0.0141,5,0.0147,0.0803,35,0.0034,-0.0023,26,5,2,3,1.3422,0.0,2026-04-26,10,-0.6437,75,True,-0.5729828571428572,4.571428571428571,-0.053759999999999995,2.742857142857143,0.007588571428571429,0.9142857142857144,0.014079999999999999,4.571428571428571,0.013439999999999999,32.0,0.0031085714285714284,23.771428571428572,-0.5885257142857143,68.57142857142857,1.8285714285714287,4.571428571428571,1.2271542857142856,60.0,-0.6577999999999999,-0.6014171428571428,0.01786544408219076,0.04683105127852783,-0.12534,4.4265456897985205,0.04785008026473975,0.05881296348704976,0.010218093855726062,0.028946694384082813,-0.0196,2.9556279001319443,-0.0172503463897113,-0.01683038351569397,0.005861881820464166,0.04623404140666874,0.0083,1.1119414049793725,-0.0012030936058315678,-0.0012646065535884285,0.0055248618784530384,0.08293754561811274,0.0030800000000000003,2.0633523687753894,0.004881516608555097,0.004873329893625802,0.2094790648483472,0.2757893608978995,0.00041999999999999996,31.712220861190918,-0.0036894160978155005,-0.008196488271476857,0.005173099880620772,0.37101403992684695,0.00013076923076923077,22.67228086405311,0.0038606233377275543,0.003865281428096182,0.03444936411766403,0.041260096468012486,0.5695780119285329,0.017591536459328358
BLMv64wlMx,2026,xW5pOJklMg,zeQZBOzQKw,8.0,-0.3962,-0.3986,1,0.0001,0.0,0,0.0,0.0,0,0.0001,0.0,0,-0.0032,0.0018,1,0.0004,0.0,0,1,1,0,0.6014,0.0,2026-05-03,11,-0.3988,2,True,-4.7544,12.0,0.0012000000000000001,0.0,0.0,0.0,0.0012000000000000001,0.0,-0.038400000000000004,12.0,0.0048000000000000004,0.0,-4.7856,24.0,12.0,12.0,7.216800000000001,0.0,-0.39859999999999995,-4.783199999999999,0.003624897134080235,0.0037294261536177085,-0.3962,4.4476984970217055,0.0524920844470343,0.05909400865546016,0.0,0.002266059656152073,,2.9552585058703933,-0.016828280055007964,-0.016828280055007964,0.0,0.003679761575336228,,1.117395877055168,-0.0012708099030657725,-0.0012708099030657725,0.0,0.006843380614875747,,1.8239582373087369,0.004307916736430827,0.004307916736430827,0.007514213016749265,0.02819628241730498,-0.0032,31.04990930265082,-0.008711610321643816,-0.008025304142008303,0.0,0.043008866329886666,,21.076712371171425,0.0035932611007294156,0.0035932611007294156,0.03358256200447699,0.040870792392538366,18.94138834121049,0.0005381697682605681
BLMv64wlMx,2026,eVq36lp65W,zeQZBOzQKw,100.0,0.8361,0.8064,4,0.0552,0.0544,3,0.0117,0.0112,2,0.0019,0.0007,4,-0.0314,0.031,49,0.0123,0.0069,31,5,1,3,1.8064,0.4,2026-05-10,12,0.8858,93,True,0.802656,3.84,0.052992,2.88,0.011231999999999999,1.92,0.001824,3.84,-0.030143999999999997,47.04,0.011808,29.759999999999998,0.850368,89.28,0.96,4.800000000000001,1.7341440000000001,60.0,0.8064,0.7741439999999999,0.014343606244813343,0.04470068598514822,0.209025,4.393526512696709,0.0707095088117473,0.05837425669549065,0.010218093855726062,0.027606333322638656,0.0184,2.959707602581381,-0.016124939667719634,-0.016853614774558077,0.011655440824251158,0.04412957699158392,0.00585,1.1567592740833514,-0.0012213712453275631,-0.0013155777385204363,0.004424778761061947,0.0793013319140693,0.000475,1.9954044196904799,0.004696187569496711,0.0047128469938084614,0.27059693373576665,0.26615186045015843,-0.0006408163265306122,35.71131519470166,-0.012924919386709133,-0.009230112814665643,0.006161796859471278,0.3597016747647554,0.0003967741935483871,24.80661177280078,0.004263741676063841,0.004229152609494346,0.049398207757551514,0.0399169509710493,0.5053807388088326,0.019781941182596404
BLMv64wlMx,2026,gpMOglrrMz,zeQZBOzQKw,100.0,0.583,0.5533,3,0.0475,0.0467,3,-0.006,-0.0065,2,0.0052,0.004,2,-0.005,0.0574,32,0.0062,0.0008,23,3,0,3,0.5533,0.0,2026-05-14,13,0.6308999999999999,65,True,0.55968,2.88,0.0456,2.88,-0.00576,1.92,0.004992,1.92,-0.0048000000000000004,30.72,0.005952000000000001,22.080000000000002,0.6056639999999999,62.400000000000006,0.0,2.88,0.531168,100.0,0.5533,0.531168,0.010796419581442509,0.04470068598514822,0.19433333333333333,4.350613854150966,0.06630806480945703,0.057804100913297005,0.010218093855726062,0.027606333322638656,0.015833333333333335,2.959707602581381,-0.016202562264229253,-0.016853614774558077,0.011655440824251158,0.04412957699158392,-0.003,1.1567592740833514,-0.001340691717840356,-0.0013155777385204363,0.0022172949002217295,0.0793013319140693,0.0026,1.8431458624154669,0.004354208307775007,0.004353235039031662,0.19502546663613604,0.26615186045015843,-0.00015625,31.367716832155075,-0.0074821476256135095,-0.0081074461559521,0.004578936890304599,0.3597016747647554,0.0002695652173913043,22.044102910607457,0.003768187600155585,0.0037581865755071473,0.049405059109704504,0.0396388838588052,0.37708792462480256,0.026334911653328113
BLMv64wlMx,2026,2vQ1g1jO5r,zeQZBOzQKw,102.0,-0.9511,-0.9814,6,0.006,0.0052,3,0.0005,0.0,0,0.0012,0.0,0,-0.0264,0.0373,28,0.0041,-0.0014,28,6,3,3,2.0186,0.0,2026-05-17,14,-0.9657,65,True,-0.8951529411764705,5.647058823529411,0.005647058823529412,2.8235294117647056,0.00047058823529411766,0.0,0.0011294117647058823,0.0,-0.02484705882352941,26.35294117647059,0.0038588235294117652,26.35294117647059,-0.9088941176470589,61.17647058823529,2.8235294117647056,5.647058823529411,1.899858823529412,50.0,-0.9813999999999998,-0.923670588235294,0.021362203846968835,0.04555397382726262,-0.15851666666666667,4.475350804768246,0.043036456862081296,0.059461408944488696,0.010218093855726062,0.028142921531641923,0.002,2.9580743708398898,-0.016611746028887136,-0.016844314579300725,0.0,0.04497247620439232,,1.0710851555627712,-0.0012181409030281492,-0.0012181409030281492,0.0,0.08075927219536061,,1.6882097594908945,0.0039872991216331555,0.0039872991216331555,0.1749113031204952,0.2700374781153283,-0.0009428571428571429,30.18501771557206,-0.011415147781431092,-0.007801760235051424,0.005568814638027049,0.3642751009820834,0.00014642857142857144,23.60088538946783,0.0040204327758113,0.00402359447333648,0.021799154046179374,0.041608086822078026,0.7050761579849786,0.014259084634975069
BLMv64wlMx,2026,4JMA1n82MK,zeQZBOzQKw,16.0,0.0047,0.0,0,0.0001,0.0,0,0.0001,0.0,0,0.0517,0.0515,1,-0.0003,0.0097,3,0.0009,0.0001,2,0,0,0,0.0,0.0,2026-09-10,25,0.0572,6,True,0.028200000000000003,0.0,0.0006000000000000001,0.0,0.0006000000000000001,0.0,0.31020000000000003,6.0,-0.0018,18.0,0.0054,12.0,0.3432,36.0,0.0,0.0,0.0,,0.0,0.0,0.0,0.007431138425241169,,4.386585934867706,0.05828204123471344,0.05828204123471344,0.0,0.004521872479508069,,2.9485768548166296,-0.016790232386778865,-0.016790232386778865,0.0,0.007332541147508283,,1.1132992014318863,-0.001266150770113327,-0.001266150770113327,0.0011098779134295228,0.013593734133101254,0.0517,1.893123440433417,0.0045749407651354155,0.0044712746083517795,0.022208874620723015,0.054846108470680506,-9.999999999999999e-05,30.856579257489997,-0.007866740929702838,-0.007975335158296286,0.00039984006397441024,0.08247075881766026,0.00045,21.19725524566731,0.0036161808736552576,0.0036138118400604997,0.040550038786909076,0.040335409367937246,0.1260626227915584,0.07484982504373004
BLMva87Qxe,2026,eV5D816A5K,wvq9B9wQWn,100.0,-0.3302,-0.3598,3,0.0092,0.0084,2,0.0069,0.0064,1,-0.0111,-0.0123,3,-0.0258,0.0366,23,-0.0001,-0.0055,20,3,1,2,0.6402,0.0,2026-02-21,1,-0.35109999999999997,52,True,-0.316992,2.88,0.008832,1.92,0.006624,0.96,-0.010656,2.88,-0.024768,22.080000000000002,-9.6e-05,19.200000000000003,-0.33705599999999997,49.92,0.96,2.88,0.614592,66.66666666666666,-0.3598,-0.345408,0.010796419581442509,0.04470068598514822,-0.11006666666666666,4.350613854150966,0.052010076396114366,0.057804100913297005,0.00683534396587721,0.027606333322638656,0.0046,2.933205522591648,-0.0164963063479943,-0.01670270262145149,0.005861881820464166,0.04412957699158392,0.0069,1.1143948801714307,-0.0012148936379513524,-0.0012673968812019604,0.0033222591362126247,0.0793013319140693,-0.0037,1.9192751410529734,0.004494388660811038,0.004533041016420061,0.14830946355164235,0.26615186045015843,-0.0011217391304347826,29.068164757865706,-0.011234741923590067,-0.007513093218986105,0.00398406374501992,0.3597016747647554,-5e-06,21.008162087284962,0.003566886603107771,0.003581574312761948,0.031125409750497456,0.040435523520839456,0.37775736101379753,0.026289469582668038
BLMva87Qxe,2026,0x5gxzeZq7,wvq9B9wQWn,98.0,-0.3329,-0.3619,6,0.0205,0.0197,4,0.0016,0.0011,1,0.0061,0.0049,4,-0.053,0.0082,24,0.0053,0.0,14,6,2,4,1.6381,0.3333,2026-03-02,2,-0.35239999999999994,53,True,-0.3261061224489796,5.877551020408163,0.020081632653061225,3.9183673469387754,0.0015673469387755103,0.9795918367346939,0.005975510204081633,3.9183673469387754,-0.05191836734693877,23.51020408163265,0.005191836734693878,13.714285714285714,-0.34520816326530607,51.91836734693878,1.9591836734693877,5.877551020408163,1.6046693877551017,66.66666666666666,-0.3619000000000001,-0.35451428571428584,0.021362203846968835,0.04384587107573929,-0.05548333333333333,4.4833600151521065,0.05298143697376404,0.05956782271063407,0.013577878462138824,0.027069152256985234,0.005125,2.987859359399049,-0.016574992763557072,-0.01701392076702105,0.005861881820464166,0.043285188593004446,0.0016,1.1153793045092941,-0.0012506194148375824,-0.0012685164631004303,0.004424778761061947,0.07783875962203923,0.001525,1.998574211628705,0.004712933091174526,0.004720333568589819,0.1537661802406755,0.2622246548359651,-0.0022083333333333334,29.48059685791617,-0.016458678638188843,-0.007619692340051801,0.002792181890706023,0.35506196896711517,0.0003785714285714286,19.073495808357663,0.0032628249306141813,0.003251742934863042,0.026672904178969257,0.04163776964391366,0.7765664787674852,0.012963417323718267
BLMva87Qxe,2026,EGMPG8eVQa,wvq9B9wQWn,101.0,0.6229,0.5929,4,0.0409,0.0401,3,0.0005,0.0,0,-0.0017,-0.0029,2,0.0073,0.0703,35,0.0017,-0.0037,29,4,1,3,1.5929,0.25,2026-03-08,3,0.6716,73,True,0.5920633663366337,3.801980198019802,0.03887524752475247,2.8514851485148514,0.00047524752475247524,0.0,-0.0016158415841584159,1.900990099009901,0.006938613861386139,33.26732673267327,0.0016158415841584159,27.56435643564356,0.6383524752475247,69.38613861386139,0.9504950495049505,3.801980198019802,1.5140435643564358,75.0,0.5929,0.5635485148514852,0.014343606244813343,0.04512752053375302,0.155725,4.391563453707428,0.06732050262178314,0.0583481746611573,0.010218093855726062,0.027874701472863753,0.013633333333333332,2.958890761335154,-0.016264605857073833,-0.01684896339356224,0.0,0.044551212499878944,,1.0715576124179291,-0.0012186782263373136,-0.0012186782263373136,0.0022172949002217295,0.08003087967968145,-0.00085,1.841685381378367,0.00433666981802081,0.004349785601114571,0.2094790648483472,0.2680998263788889,0.00020857142857142857,32.048935352556235,-0.005148032476541835,-0.008283517066823374,0.005766553986876119,0.3619965837381058,5.862068965517241e-05,24.029549863953374,0.004081174526067387,0.0040966752913648334,0.05310703040591836,0.040443476866913776,0.48755258090092335,0.02049047825846926
BLMva87Qxe,2026,xW5pOJxdMg,wvq9B9wQWn,101.0,-0.4985,-0.5285,5,-0.0239,-0.0247,3,0.0005,0.0,0,0.0012,0.0,0,0.0005,0.0636,23,0.0046,-0.0008,13,5,2,3,1.4715,0.0,2026-03-15,4,-0.5156000000000001,44,True,-0.4738217821782178,4.752475247524753,-0.022716831683168317,2.8514851485148514,0.00047524752475247524,0.0,0.0011405940594059404,0.0,0.00047524752475247524,21.861386138613863,0.004372277227722772,12.356435643564357,-0.4900752475247525,41.82178217821782,1.900990099009901,4.752475247524753,1.3986534653465348,60.0,-0.5285,-0.5023366336633663,0.01786544408219076,0.04512752053375302,-0.0997,4.434456938571193,0.04996689092259288,0.05891807569367997,0.010218093855726062,0.027874701472863753,-0.007966666666666667,2.958890761335154,-0.016917665084850163,-0.01684896339356224,0.0,0.044551212499878944,,1.0715576124179291,-0.0012186782263373136,-0.0012186782263373136,0.0,0.08003087967968145,,1.6895474714922398,0.003990458597437615,0.003990458597437615,0.14830946355164235,0.2680998263788889,2.173913043478261e-05,28.991004659600986,-0.006288374552512732,-0.007493150060693247,0.002593257530420906,0.3619965837381058,0.00035384615384615386,18.524334491460994,0.0031669276012476536,0.003158119225278753,0.032699559257577934,0.04050586183580354,0.5987869824742434,0.016747788753448803
BLMva87Qxe,2026,Oa5wP6Y8q1,wvq9B9wQWn,107.0,-0.3823,-0.414,2,-0.0002,-0.0011,1,0.0005,0.0,0,0.0063,0.005,2,-0.0124,0.0544,30,0.0131,0.0074,27,2,1,1,0.586,0.0,2026-03-22,5,-0.37499999999999994,62,True,-0.34299813084112146,1.7943925233644857,-0.0001794392523364486,0.8971962616822429,0.0004485981308411215,0.0,0.005652336448598131,1.7943925233644857,-0.011125233644859813,26.915887850467286,0.011753271028037384,24.22429906542056,-0.33644859813084105,55.626168224299064,0.8971962616822429,1.7943925233644857,0.5257570093457944,50.0,-0.41400000000000003,-0.37143925233644864,0.007223609427050639,0.04768053930704691,-0.19115,4.294264236602789,0.05071378020496903,0.057055415994714136,0.0034293925216784442,0.029481804738224416,-0.0002,2.901097236589887,-0.016465203454666514,-0.016519866761965558,0.0,0.04707323484510101,,1.068729106821327,-0.0012154613781308284,-0.0012154613781308284,0.0022172949002217295,0.08438400168723158,0.00315,1.8329708702196987,0.004332406454475301,0.004329203228282596,0.1850924842280916,0.27957385359298004,-0.0004133333333333333,30.292339876995214,-0.008697829995205974,-0.007829499220637607,0.0053709966182613885,0.37542785014671104,0.00048518518518518523,22.85001415647046,0.003934204602074433,0.0038955822698356823,0.03260189643351545,0.03971537413209842,0.22064192339963268,0.044182650693419666
BLMva87Qxe,2026,eVq36la65W,wvq9B9wQWn,100.0,0.3734,0.3438,7,-0.0029,-0.0037,6,0.0005,0.0,0,0.0173,0.0161,1,0.0192,0.0817,29,0.0049,-0.0004,21,7,1,6,1.3438,0.0,2026-04-04,6,0.4124,64,True,0.358464,6.720000000000001,-0.0027839999999999996,5.76,0.00048000000000000007,0.0,0.016608,0.96,0.018431999999999997,27.839999999999996,0.004704,20.16,0.39590400000000003,61.44,0.96,6.720000000000001,1.290048,85.71428571428571,0.3438000000000001,0.3300480000000001,0.024834152450295324,0.04470068598514822,0.05334285714285714,4.522264488333935,0.06458332607060291,0.060084724042071574,0.020229480976184842,0.027606333322638656,-0.0004833333333333333,3.03921384255058,-0.01698596889481997,-0.01730635123387783,0.0,0.04412957699158392,,1.0720304862595103,-0.001219216023883485,-0.001219216023883485,0.0011098779134295228,0.0793013319140693,0.0173,1.7670165837779601,0.004202725352251159,0.004173429061643262,0.18003349632311236,0.26615186045015843,0.0006620689655172413,30.601199474058618,-0.002837886999726222,-0.007909328510296767,0.0041824337781318464,0.3597016747647554,0.00023333333333333333,21.353475695059124,0.0036460580294677405,0.0036404450670103473,0.051389037533892123,0.0414637024026671,0.8601358299223287,0.011718673204761639
BLMva87Qxe,2026,raMyNnAA5d,wvq9B9wQWn,104.0,0.2642,0.2333,3,0.0411,0.0403,2,0.0033,0.0027,1,-0.0179,-0.0192,4,0.0159,0.0809,35,0.0215,0.0159,32,3,1,2,1.2333,0.0,2026-04-12,7,0.3281000000000001,77,True,0.24387692307692307,2.769230769230769,0.03793846153846153,1.8461538461538463,0.0030461538461538464,0.9230769230769231,-0.01652307692307692,3.6923076923076925,0.014676923076923077,32.30769230769231,0.019846153846153847,29.53846153846154,0.30286153846153857,71.07692307692308,0.9230769230769231,2.769230769230769,1.1384307692307694,66.66666666666666,0.23330000000000006,0.21535384615384623,0.010796419581442509,0.04640573869042975,0.08806666666666667,4.3428487214717855,0.06120716752414465,0.057700930067057864,0.00683534396587721,0.028678917864907755,0.02055,2.9299700933507515,-0.016158674053036982,-0.01668427895081293,0.005861881820464166,0.04581389016751004,0.0033,1.1124312353774535,-0.001236228292606665,-0.001265163635759113,0.004424778761061947,0.08221260243570114,-0.004475,1.9890949046806932,0.00463777165639302,0.004697944862414528,0.2094790648483472,0.27388216495825446,0.0004542857142857143,31.79573443527839,-0.0034707707140449297,-0.00821807357871577,0.006359300476947536,0.3687836577821413,0.000671875,24.795170802032178,0.004306261259181327,0.0042272020967913495,0.04928552738003042,0.04045856086097593,0.35331223052498295,0.02805736327436806
BLMva87Qxe,2026,BLMvVGzRMx,wvq9B9wQWn,100.0,-0.943,-0.9726,9,-0.0098,-0.0106,5,0.0005,0.0,0,-0.0043,-0.0055,2,0.0282,0.0906,37,0.0052,-0.0002,35,9,4,5,3.0274,0.1111,2026-04-19,8,-0.9232,88,True,-0.9052799999999999,8.64,-0.009408,4.800000000000001,0.00048000000000000007,0.0,-0.004128,1.92,0.027072,35.519999999999996,0.004992,33.599999999999994,-0.8862720000000001,84.48,3.84,8.64,2.9063040000000004,55.55555555555556,-0.9725999999999999,-0.9336959999999999,0.031704665012010046,0.04470068598514822,-0.10477777777777778,4.60808980542542,0.04397609849114392,0.06122503560645887,0.01691493085882438,0.027606333322638656,-0.00196,3.0127117625608473,-0.016965137244743345,-0.01715543908077125,0.0,0.04412957699158392,,1.0720304862595103,-0.001219216023883485,-0.001219216023883485,0.0022172949002217295,0.0793013319140693,-0.00215,1.8431458624154669,0.004334796017649788,0.004353235039031662,0.21882985295635568,0.26615186045015843,0.0007621621621621621,32.64524576231583,-0.0011465349770821806,-0.008437642232044316,0.006951340615690168,0.3597016747647554,0.00014857142857142857,26.187866203897435,0.0044606464819662356,0.0044646356264879455,0.03344065274505093,0.04323060893527943,1.1060041542135934,0.009137377774528712
BLMva87Qxe,2026,Pk5L3DkmMO,wvq9B9wQWn,104.0,-1.4369,-1.4678,3,0.0008,0.0,0,0.0005,0.0,0,-0.0068,-0.0081,3,0.0079,0.0728,33,0.0189,0.0133,26,3,3,0,1.5322,0.0,2026-04-26,10,-1.4156000000000002,65,True,-1.326369230769231,2.769230769230769,0.0007384615384615384,0.0,0.0004615384615384616,0.0,-0.0062769230769230775,2.769230769230769,0.007292307692307693,30.46153846153846,0.017446153846153847,24.0,-1.3067076923076923,60.0,2.769230769230769,2.769230769230769,1.4143384615384615,0.0,-1.4678,-1.3548923076923076,0.010796419581442509,0.04640573869042975,-0.4789666666666667,4.3428487214717855,0.034620552591667235,0.057700930067057864,0.0,0.028678917864907755,,2.877024398830922,-0.016382787567464665,-0.016382787567464665,0.0,0.04581389016751004,,1.0701414906074442,-0.0012170676766139208,-0.0012170676766139208,0.0033222591362126247,0.08221260243570114,-0.0022666666666666664,1.9132063485861996,0.004489287806149693,0.004518707435692843,0.19990170238138133,0.27388216495825446,0.00023939393939393942,31.290105823047767,-0.004973308108143923,-0.008087386453143204,0.005173099880620772,0.3687836577821413,0.0007269230769230769,22.752676697392626,0.003944481517347223,0.003878987703321285,0.020481158562941644,0.0404113835088502,0.347395181625285,0.028521623375397945
BLMva87Qxe,2026,zeQZLz3K5K,wvq9B9wQWn,99.0,0.9485,0.9192,6,0.035,0.0342,4,0.0005,0.0,0,0.0012,0.0,0,-0.0115,0.0504,32,-0.005,-0.0103,23,6,2,4,2.9192,0.3333,2026-05-03,11,0.9687,65,True,0.9197575757575758,5.818181818181818,0.03393939393939394,3.878787878787879,0.0004848484848484849,0.0,0.0011636363636363637,0.0,-0.011151515151515152,31.03030303030303,-0.0048484848484848485,22.303030303030305,0.9393454545454545,63.03030303030303,1.9393939393939394,5.818181818181818,2.830739393939394,66.66666666666666,0.9192,0.8913454545454544,0.021362203846968835,0.04427346966994863,0.15808333333333333,4.481355026226346,0.0734028262052559,0.0595411835773807,0.013577878462138824,0.027337816958284907,0.00875,2.9870342932145606,-0.01642339449360285,-0.0170092225503375,0.0,0.04370756918706364,,1.0725037776398014,-0.0012197542962947765,-0.0012197542962947765,0.0,0.07857062614795715,,1.6922292654870246,0.003996792594015759,0.003996792594015759,0.19502546663613604,0.2641934977551204,-0.000359375,31.451425385957897,-0.00874804864111423,-0.008129081858556163,0.004578936890304599,0.3573901965395055,-0.0002173913043478261,22.12368216587775,0.0037324606354168636,0.0037717536365056586,0.05474088200367667,0.04095167110271368,0.7491040602087474,0.013432277164750681
BLMva87Qxe,2026,Xj5YPzw0Mb,wvq9B9wQWn,100.0,0.1297,0.1,2,-0.3067,-0.3075,2,0.0005,0.0,0,0.0059,0.0047,1,0.0055,0.0679,38,-0.0016,-0.0069,23,2,0,2,0.1,0.0,2026-05-10,12,-0.16669999999999996,66,True,0.12451200000000001,1.92,-0.29443199999999997,1.92,0.00048000000000000007,0.0,0.005664,0.96,0.00528,36.480000000000004,-0.001536,22.080000000000002,-0.16003199999999995,63.36,0.0,1.92,0.096,100.0,0.1,0.096,0.007223609427050639,0.04470068598514822,0.06485,4.307701195605223,0.05883845670561913,0.05723394513110336,0.00683534396587721,0.027606333322638656,-0.15335,2.933205522591648,-0.019663119924345697,-0.01670270262145149,0.0,0.04412957699158392,,1.0720304862595103,-0.001219216023883485,-0.001219216023883485,0.0011098779134295228,0.0793013319140693,0.0059,1.7670165837779601,0.004180367983710572,0.004173429061643262,0.2234227794155382,0.26615186045015843,0.00014473684210526314,32.90075154834799,-0.005539837001554762,-0.008503681447262762,0.004578936890304599,0.3597016747647554,-6.956521739130436e-05,22.044102910607457,0.003733956263762446,0.0037581865755071473,0.0403306080033082,0.03873996067565603,0.25046978580028756,0.03912691241437225
BLMva87Qxe,2026,7VqGXPJjQv,wvq9B9wQWn,100.0,1.194,1.1643,4,0.0138,0.013,3,0.0035,0.003,1,0.1508,0.1496,3,-0.0131,0.0494,31,0.0103,0.005,25,4,1,3,2.1643,0.0,2026-05-14,13,1.3593000000000002,67,True,1.14624,3.84,0.013248,2.88,0.00336,0.96,0.14476799999999998,2.88,-0.012576,29.759999999999998,0.009888,24.0,1.304928,64.32000000000001,0.96,3.84,2.077728,75.0,1.1643,1.1177279999999998,0.014343606244813343,0.04470068598514822,0.2985,4.393526512696709,0.07634813511841132,0.05837425669549065,0.010218093855726062,0.027606333322638656,0.0046,2.959707602581381,-0.016542287134667454,-0.016853614774558077,0.005861881820464166,0.04412957699158392,0.0035,1.1143948801714307,-0.0012371039716535964,-0.0012673968812019604,0.0033222591362126247,0.0793013319140693,0.05026666666666666,1.9192751410529734,0.004838497902601156,0.004533041016420061,0.19008942954436575,0.26615186045015843,-0.0004225806451612903,31.112211046122923,-0.00901200571134648,-0.008041406940733655,0.004975124378109453,0.3597016747647554,0.000412,22.734730126155785,0.0039032454010585354,0.003875928084003947,0.05829848160440348,0.04062080719942096,0.500634897204816,0.01996572289417641
BLMva87Qxe,2026,2lqROePJQr,wvq9B9wQWn,102.0,-0.0035,-0.0338,5,0.0423,0.0415,4,0.0025,0.002,1,0.0466,0.0454,2,0.0214,0.0851,39,-0.0071,-0.0125,27,5,1,4,0.9662,0.2,2026-05-16,14,0.10220000000000001,78,True,-0.0032941176470588232,4.705882352941177,0.03981176470588235,3.764705882352941,0.002352941176470588,0.9411764705882353,0.04385882352941177,1.8823529411764706,0.020141176470588235,36.705882352941174,-0.006682352941176471,25.411764705882355,0.09618823529411766,73.41176470588235,0.9411764705882353,4.705882352941177,0.909364705882353,80.0,-0.03380000000000005,-0.0318117647058824,0.01786544408219076,0.04555397382726262,-0.0007,4.432476476460234,0.057784203232977734,0.05889176243409072,0.013577878462138824,0.028142921531641923,0.010575,2.9845618263990823,-0.01633584397585632,-0.016995143455762547,0.005861881820464166,0.04497247620439232,0.0025,1.1134121919904345,-0.001242539767655654,-0.0012662792738278158,0.0022172949002217295,0.08075927219536061,0.0233,1.8402272130351027,0.0044317761097767425,0.004346341625434651,0.2279620129126287,0.2700374781153283,0.0005487179487179487,32.98069984194252,-0.0024556665605723086,-0.00852434525550377,0.0053709966182613885,0.3642751009820834,-0.000262962962962963,23.25803823560234,0.003910998406534488,0.0039651442122243296,0.04609292744520468,0.04041748028665557,0.5961755595480742,0.016819915043145436
BLMva87Qxe,2026,9z5kBzbdMA,wvq9B9wQWn,102.0,0.085,0.0547,3,0.0569,0.0561,2,0.0027,0.0022,1,0.0012,0.0,0,-0.004,0.0597,42,0.0038,-0.0017,37,3,1,2,1.0547,0.3333,2026-07-23,17,0.1456,85,True,0.08,2.8235294117647056,0.05355294117647058,1.8823529411764706,0.0025411764705882355,0.9411764705882353,0.0011294117647058823,0.0,-0.0037647058823529413,39.529411764705884,0.003576470588235294,34.8235294117647,0.1370352941176471,80.0,0.9411764705882353,2.8235294117647056,0.9926588235294117,66.66666666666666,0.05469999999999997,0.051482352941176444,0.010796419581442509,0.04555397382726262,0.028333333333333335,4.346727819844211,0.05845860727987651,0.057752469413294795,0.00683534396587721,0.028142921531641923,0.02845,2.9315869152806973,-0.016009287365760596,-0.016693485702838906,0.005861881820464166,0.04497247620439232,0.0027,1.1134121919904345,-0.001241234429518272,-0.0012662792738278158,0.0,0.08075927219536061,,1.6882097594908945,0.0039872991216331555,0.0039872991216331555,0.24126680872392986,0.2700374781153283,-9.523809523809524e-05,33.743158603679916,-0.0073925694552838955,-0.008721413897445318,0.007345642247369466,0.3642751009820834,0.0001027027027027027,26.68650977425724,0.004536359510397328,0.0045496468233458326,0.04233917466134422,0.039608236484161743,0.35650760346806176,0.027812879818946028
BLMva87Qxe,2026,odMXVz7xqY,wvq9B9wQWn,101.0,0.03,0.0,0,0.0008,0.0,0,0.0242,0.0237,1,0.0012,0.0,0,-0.0173,0.0458,18,0.0052,-0.0002,16,0,0,0,0.0,0.0,2026-07-26,18,0.044099999999999986,35,True,0.028514851485148512,0.0,0.0007603960396039605,0.0,0.0230019801980198,0.9504950495049505,0.0011405940594059404,0.0,-0.016443564356435642,17.10891089108911,0.004942574257425742,15.207920792079207,0.0419168316831683,33.26732673267327,0.0,0.0,0.0,,0.0,0.0,0.0,0.04512752053375302,,4.219989514252367,0.05606857053106662,0.05606857053106662,0.0,0.027874701472863753,,2.879406464065998,-0.01639635188368456,-0.01639635188368456,0.005861881820464166,0.044551212499878944,0.0242,1.113903319348507,-0.0011013961926326545,-0.0012668378310259595,0.0,0.08003087967968145,,1.6895474714922398,0.003990458597437615,0.003990458597437615,0.11993512676015416,0.2680998263788889,-0.000961111111111111,27.716866870869634,-0.009499586046991106,-0.007163830474805695,0.003189792663476874,0.3619965837381058,0.000325,19.556562373803317,0.0033437373530090203,0.0033340984876698934,0.03640543235820493,0.03856610742665791,0.0026712469720823417,0.7924506505979662
BLMva87Qxe,2026,Xj5YPz9RMb,wvq9B9wQWn,97.0,0.4302,0.4015,3,-0.0686,-0.0693,2,0.0005,0.0,0,-0.1522,-0.1533,1,-0.0294,0.0312,17,0.0086,0.0034,19,3,1,2,1.4015,0.0,2026-08-02,19,0.18910000000000002,42,True,0.42576494845360824,2.9690721649484537,-0.06789278350515462,1.9793814432989691,0.0004948453608247423,0.0,-0.15063092783505155,0.9896907216494846,-0.02909690721649484,16.824742268041234,0.008511340206185568,18.804123711340207,0.18715051546391753,41.56701030927835,0.9896907216494846,2.9690721649484537,1.3870515463917525,66.66666666666666,0.40149999999999997,0.39736082474226797,0.010796419581442509,0.04341788968918779,0.1434,4.356455951235495,0.0640014998584779,0.05788172149299915,0.00683534396587721,0.02680033909578664,-0.0343,2.9356367876218465,-0.017290550540285214,-0.01671654709858771,0.0,0.04286243471522076,,1.073451615230542,-0.0012208322682307259,-0.0012208322682307259,0.0011098779134295228,0.07710572956823622,-0.1522,1.7712304117011985,0.0038795361546891238,0.0041833814933731365,0.11403186562114387,0.2602452473392331,-0.0017294117647058823,27.756755404401034,-0.011829915260305687,-0.007174140250922847,0.003785614664275752,0.352716809332854,0.0004526315789473684,20.88825468530733,0.0035834426279690167,0.0035611319118965703,0.04112318057231441,0.04051471528052757,0.3940899694357095,0.025227418765863166
BLMva87Qxe,2026,eVq36lyX5W,wvq9B9wQWn,98.0,-0.5218,-0.5509,1,0.0008,0.0,0,-0.0003,-0.0007,4,0.0077,0.0065,3,-0.0193,0.0419,34,-0.0016,-0.0069,25,1,1,0,0.4491,0.0,2026-08-16,20,-0.5345,67,True,-0.5111510204081633,0.9795918367346939,0.0007836734693877551,0.0,-0.0002938775510204081,3.9183673469387754,0.007542857142857144,2.9387755102040813,-0.018906122448979594,33.30612244897959,-0.0015673469387755103,24.48979591836735,-0.5235918367346939,65.63265306122449,0.9795918367346939,0.9795918367346939,0.439934693877551,0.0,-0.5509,-0.5396571428571428,0.003624897134080235,0.04384587107573929,-0.5218,4.268604728250526,0.048434965241558735,0.056714492883653704,0.0,0.027069152256985234,,2.881792477085964,-0.016409938679978392,-0.016409938679978392,0.023042313329041816,0.043285188593004446,-7.5e-05,1.2425847567009807,-0.001382771030658037,-0.0014131867198004858,0.0033222591362126247,0.07783875962203923,0.0025666666666666667,1.9223239981214013,0.004541550010840203,0.004540241961114632,0.20471921699935186,0.2622246548359651,-0.0005676470588235295,32.04932817059501,-0.010312199389628384,-0.00828361859640283,0.004975124378109453,0.35506196896711517,-6.4e-05,22.89946967804413,0.0038772993621428178,0.003904013689250506,0.02874890551427694,0.03905200453783714,0.14204426904166564,0.06699251820810781
BLMva87Qxe,2026,315V9z7YM9,wvq9B9wQWn,99.0,0.2764,0.247,3,0.0304,0.0296,2,0.0005,0.0,0,0.0012,0.0,0,0.056,0.1178,37,0.0119,0.0066,34,3,1,2,1.247,0.3333,2026-08-20,21,0.37639999999999996,76,True,0.2680242424242424,2.909090909090909,0.029478787878787875,1.9393939393939394,0.0004848484848484849,0.0,0.0011636363636363637,0.0,0.0543030303030303,35.87878787878788,0.01153939393939394,32.96969696969697,0.3649939393939393,73.69696969696969,0.9696969696969697,2.909090909090909,1.2092121212121212,66.66666666666666,0.2470000000000001,0.23951515151515163,0.010796419581442509,0.04427346966994863,0.09213333333333333,4.3525594780955865,0.06153512985826672,0.05782995129823219,0.00683534396587721,0.027337816958284907,0.0152,2.9340154966894016,-0.01628827857657371,-0.016707314898491633,0.0,0.04370756918706364,,1.0725037776398014,-0.0012197542962947765,-0.0012197542962947765,0.0,0.07857062614795715,,1.6922292654870246,0.003996792594015759,0.003996792594015759,0.21882985295635568,0.2641934977551204,0.0015135135135135136,32.73236355689181,0.0042321985676296815,-0.008460159102893713,0.006754072308303536,0.3573901965395055,0.00035000000000000005,25.935844262299142,0.004453115813984045,0.004421669692174865,0.05670920396102772,0.03986118528674269,0.3772282808732226,0.026325371107401706
BLMva87Qxe,2026,NPqxLOAWq9,wvq9B9wQWn,102.0,0.8947,0.8644,4,-0.086,-0.0869,3,0.002,0.0015,1,0.0012,0.0,0,-0.0058,0.0579,30,0.0094,0.004,21,4,1,3,1.8644,0.25,2026-08-23,22,0.8155,59,True,0.8420705882352941,3.764705882352941,-0.08094117647058824,2.8235294117647056,0.0018823529411764706,0.9411764705882353,0.0011294117647058823,0.0,-0.005458823529411764,28.235294117647058,0.008847058823529413,19.764705882352942,0.767529411764706,55.529411764705884,0.9411764705882353,3.764705882352941,1.754729411764706,75.0,0.8644000000000001,0.8135529411764707,0.014343606244813343,0.04555397382726262,0.223675,4.389602148152223,0.07156875392368803,0.05832211592369276,0.010218093855726062,0.028142921531641923,-0.028666666666666663,2.9580743708398898,-0.017538673063193237,-0.016844314579300725,0.005861881820464166,0.04497247620439232,0.002,1.1134121919904345,-0.00124580311299911,-0.0012662792738278158,0.0,0.08075927219536061,,1.6882097594908945,0.0039872991216331555,0.0039872991216331555,0.1850924842280916,0.2700374781153283,-0.0001933333333333333,30.69332355673032,-0.007563121541312055,-0.007933139329679123,0.0041824337781318464,0.3642751009820834,0.00044761904761904766,21.2009553124094,0.0036390165719366236,0.0036144426455514277,0.05284747189975341,0.03988012450806968,0.47225156010982033,0.021140337846892742
BLMva87Qxe,2026,7VqGXPLzQv,wvq9B9wQWn,104.0,-1.002,-1.0329,7,-0.0799,-0.0807,4,0.0185,0.018,1,0.0129,0.0116,1,0.0196,0.0845,40,-0.0037,-0.0092,39,7,3,4,1.9671,0.2857,2026-08-30,23,-1.0346000000000002,92,True,-0.9249230769230768,6.461538461538462,-0.07375384615384616,3.6923076923076925,0.017076923076923076,0.9230769230769231,0.011907692307692307,0.9230769230769231,0.018092307692307692,36.92307692307693,-0.0034153846153846153,36.0,-0.9550153846153847,84.92307692307692,2.769230769230769,6.461538461538462,1.8157846153846156,57.14285714285714,-1.0329,-0.9534461538461538,0.024834152450295324,0.04640573869042975,-0.14314285714285716,4.51419298740568,0.042440797116155844,0.059977482657333776,0.013577878462138824,0.028678917864907755,-0.019975,2.9829157878705814,-0.017564160427887426,-0.016985770334161196,0.005861881820464166,0.04581389016751004,0.0185,1.1124312353774535,-0.001137109997991996,-0.001265163635759113,0.0011098779134295228,0.08221260243570114,0.0129,1.761429236397213,0.004180834363123252,0.004160232582249474,0.23244848951122227,0.27388216495825446,0.00049,33.05980596585495,-0.0027930635796922874,-0.008544791392647187,0.007739630879142687,0.3687836577821413,-9.487179487179487e-05,27.178080590778322,0.004577634890721619,0.0046334522225064245,0.029704932364429004,0.041975442099522184,0.7959095168231164,0.012652352726265763
BLMva87Qxe,2026,2vQ1g1Rb5r,wvq9B9wQWn,102.0,0.0732,0.0429,3,0.0182,0.0174,2,0.0005,0.0,0,0.0012,0.0,0,0.0253,0.089,45,0.0016,-0.0039,32,3,1,2,1.0429,0.0,2026-09-06,24,0.12000000000000002,82,True,0.06889411764705883,2.8235294117647056,0.017129411764705886,1.8823529411764706,0.00047058823529411766,0.0,0.0011294117647058823,0.0,0.02381176470588235,42.35294117647059,0.0015058823529411763,30.11764705882353,0.11294117647058827,77.1764705882353,0.9411764705882353,2.8235294117647056,0.9815529411764705,66.66666666666666,0.04289999999999994,0.040376470588235236,0.010796419581442509,0.04555397382726262,0.0244,4.346727819844211,0.05827401949696899,0.057752469413294795,0.00683534396587721,0.028142921531641923,0.0091,2.9315869152806973,-0.016397030501191092,-0.016693485702838906,0.0,0.04497247620439232,,1.0710851555627712,-0.0012181409030281492,-0.0012181409030281492,0.0,0.08075927219536061,,1.6882097594908945,0.0039872991216331555,0.0039872991216331555,0.254120801152466,0.2700374781153283,0.0005622222222222222,34.50561736541731,-0.001722211572130145,-0.008918482539386867,0.006359300476947536,0.3642751009820834,5e-05,24.97227400492979,0.004238261770137777,0.004257395517785081,0.04716219741239053,0.03916705490745911,0.3553633839146869,0.027899934798884814
BLMva87Qxe,2026,kRQalzwkqK,wvq9B9wQWn,104.0,-1.6967,-1.7275,3,-0.0014,-0.0022,1,0.0468,0.0462,4,0.0013,0.0,0,-0.0019,0.063,32,-0.0182,-0.0238,21,3,2,1,0.2725,0.0,2026-09-10,25,-1.6701000000000001,61,True,-1.5661846153846155,2.769230769230769,-0.0012923076923076924,0.9230769230769231,0.0432,3.6923076923076925,0.0012,0.0,-0.0017538461538461538,29.53846153846154,-0.0168,19.384615384615387,-1.5416307692307694,56.30769230769231,1.8461538461538463,2.769230769230769,0.25153846153846154,33.33333333333333,-1.7275,-1.5946153846153845,0.010796419581442509,0.04640573869042975,-0.5655666666666667,4.3428487214717855,0.030560119601568105,0.057700930067057864,0.0034293925216784442,0.028678917864907755,-0.0014,2.903497246090837,-0.016490773408262428,-0.016533533259138797,0.023042313329041816,0.04581389016751004,0.0117,1.2393004696874814,-0.001042865197948565,-0.0014094515131946902,0.0,0.08221260243570114,,1.6855406803027195,0.00398099515552779,0.00398099515552779,0.19502546663613604,0.27388216495825446,-5.9375e-05,31.037291516932456,-0.0068169408040494,-0.00802204289035692,0.0041824337781318464,0.3687836577821413,-0.0008666666666666667,21.050598276859667,0.003497495383756684,0.003588809042096231,0.013688030730592186,0.03930570660199148,0.3425565724637184,0.028912843052310837
BLMva87Qxe,2026,jYQJJyZZQG,wvq9B9wQWn,102.0,-0.9397,-0.9699,3,0.0131,0.0123,1,0.0036,0.0031,1,0.0044,0.0031,1,0.0371,0.1008,39,-0.0378,-0.0433,42,3,2,1,1.0301,0.0,2026-09-13,26,-0.9193,87,True,-0.8844235294117646,2.8235294117647056,0.012329411764705882,0.9411764705882353,0.0033882352941176468,0.9411764705882353,0.004141176470588236,0.9411764705882353,0.03491764705882353,36.705882352941174,-0.03557647058823529,39.529411764705884,-0.8652235294117647,81.88235294117646,1.8823529411764706,2.8235294117647056,0.9695058823529412,33.33333333333333,-0.9699,-0.9128470588235293,0.010796419581442509,0.04555397382726262,-0.3132333333333333,4.346727819844211,0.04242919192857774,0.057752469413294795,0.0034293925216784442,0.028142921531641923,0.0131,2.905099459721505,-0.016355413847427114,-0.016542656826377088,0.005861881820464166,0.04497247620439232,0.0036,1.1134121919904345,-0.001235360407900051,-0.0012662792738278158,0.0011098779134295228,0.08075927219536061,0.0044,1.7642184862629986,0.004170811207014506,0.004166820373533903,0.2279620129126287,0.2700374781153283,0.0009512820512820513,32.98069984194252,0.0005709499408331265,-0.00852434525550377,0.008330027766759222,0.3642751009820834,-0.0009,28.400745543584694,0.004588643883971722,0.004841898128906585,0.034168822705069934,0.0404279065600266,0.3587714071502223,0.027642235048344538
EGMP4WVMaY,2026,NPqxLO0mq9,eVq3ya6MWO,105.0,0.9429,0.9117,3,0.0273,0.0264,3,0.0039,0.0034,2,0.0013,0.0,0,-0.0121,0.0535,27,0.0063,0.0007,13,3,0,3,0.9117,0.0,2026-02-22,1,0.9695999999999999,48,True,0.86208,2.742857142857143,0.024960000000000003,2.742857142857143,0.0035657142857142858,1.8285714285714287,0.0011885714285714286,0.0,-0.011062857142857143,24.685714285714283,0.00576,11.885714285714286,0.8864914285714285,43.885714285714286,0.0,2.742857142857143,0.8335542857142857,100.0,0.9117,0.8335542857142857,0.010796419581442509,0.04683105127852783,0.31429999999999997,4.340911767460641,0.07178258887223461,0.05767519487453606,0.010218093855726062,0.028946694384082813,0.0091,2.9556279001319443,-0.016383581039398774,-0.01683038351569397,0.011655440824251158,0.04623404140666874,0.00195,1.154212528551184,-0.0012711483864394385,-0.0013126813349187006,0.0,0.08293754561811274,,1.6842093030925882,0.0039778506415533415,0.0039778506415533415,0.16972471267568665,0.2757893608978995,-0.00044814814814814815,29.695018678623423,-0.008631113524528881,-0.007675112802285227,0.002593257530420906,0.37101403992684695,0.0004846153846153846,18.262513989494014,0.003128359816531436,0.003113482784427655,0.052602956379952305,0.03894835064761916,0.33568172015661657,0.029487525061583135
EGMP4WVMaY,2026,N6MmgzrZqE,eVq3ya6MWO,103.0,0.6331,0.6025,3,-0.0804,-0.0812,3,0.0005,0.0,0,-0.009,-0.0102,1,-0.0447,0.0196,10,0.0055,4.4419e-06,6,3,0,3,0.6025,0.3333,2026-03-01,2,0.5049999999999999,23,True,0.590073786407767,2.796116504854369,-0.07493592233009708,2.796116504854369,0.00046601941747572817,0.0,-0.008388349514563107,0.9320388349514562,-0.04166213592233009,9.320388349514563,0.005126213592233009,5.592233009708738,0.47067961165048533,21.436893203883496,0.0,2.796116504854369,0.5615533980582524,100.0,0.6025,0.5615533980582524,0.010796419581442509,0.045980046376263226,0.21103333333333332,4.344787404827303,0.0670026294829605,0.05772668823638249,0.010218093855726062,0.028410993621519526,-0.0268,2.9572584307225895,-0.017477429202738273,-0.016839668329649546,0.0,0.045393368596699575,,1.0706131151427236,-0.0012176040533289855,-0.0012176040533289855,0.0011098779134295228,0.08148651220296954,-0.009,1.762822757998828,0.004141294206401021,0.004163523871988121,0.0703823204324124,0.27196489736136725,-0.00447,25.542642881734103,-0.014173160086770652,-0.006601870418317751,0.0011985617259288853,0.36653740149227726,0.0009166666666666666,16.001102873397322,0.0027422568521299324,0.0027279463471917512,0.041017987198653544,0.03995901565426608,0.3491557019321673,0.028381892705646155
EGMP4WVMaY,2026,gjMNWrn05K,eVq3ya6MWO,102.0,0.6079,0.5776,5,0.01,0.0092,5,0.0024,0.0019,2,0.0009,-0.0003,2,-0.1347,-0.071,32,0.0058,0.0003,13,5,0,5,0.5776,0.0,2026-03-08,3,0.49229999999999996,59,True,0.5721411764705883,4.705882352941177,0.009411764705882352,4.705882352941177,0.0022588235294117645,1.8823529411764706,0.0008470588235294117,1.8823529411764706,-0.12677647058823527,30.11764705882353,0.005458823529411764,12.235294117647058,0.46334117647058826,55.529411764705884,0.0,4.705882352941177,0.5436235294117647,100.0,0.5776,0.5436235294117647,0.01786544408219076,0.04555397382726262,0.12158,4.432476476460234,0.06746733151552657,0.05889176243409072,0.01691493085882438,0.028142921531641923,0.002,3.0110492819582744,-0.0167540860148838,-0.017145972332224365,0.011655440824251158,0.04497247620439232,0.0012,1.155739228418098,-0.001282932747330064,-0.0013144176446274825,0.0022172949002217295,0.08075927219536061,0.00045,1.8402272130351027,0.004338540651200574,0.004346341625434651,0.19502546663613604,0.2700374781153283,-0.004209375,31.20162939788859,-0.032106251682683974,-0.008064518424306822,0.002593257530420906,0.3642751009820834,0.0004461538461538461,18.458178081485475,0.0031600359497593734,0.0031468405566542246,0.024822637671588675,0.039860036215020926,0.5964764427026366,0.016811573140191848
EGMP4WVMaY,2026,xW5pOJxdMg,eVq3ya6MWO,101.0,0.5249,0.495,4,-0.2337,-0.2345,4,0.0043,0.0038,2,0.0012,0.0,0,-0.0551,0.008,24,0.0053,-0.0001,7,4,0,4,0.495,0.0,2026-03-15,4,0.2469,41,True,0.4989148514851485,3.801980198019802,-0.2221306930693069,3.801980198019802,0.004087128712871287,1.900990099009901,0.0011405940594059404,0.0,-0.05237227722772277,22.81188118811881,0.005037623762376237,6.653465346534654,0.2346772277227723,38.97029702970298,0.0,3.801980198019802,0.47049504950495047,100.0,0.495,0.47049504950495047,0.014343606244813343,0.04512752053375302,0.131225,4.391563453707428,0.0657772266257954,0.0583481746611573,0.013577878462138824,0.027874701472863753,-0.058425,2.9853855270915393,-0.019137281386382463,-0.0169998338968548,0.011655440824251158,0.044551212499878944,0.00215,1.156249026279085,-0.0012706958878952194,-0.001314997435714605,0.0,0.08003087967968145,,1.6895474714922398,0.003990458597437615,0.003990458597437615,0.1537661802406755,0.2680998263788889,-0.0022958333333333333,29.245832217347257,-0.016721101477606307,-0.007559013977870758,0.0013980427401637707,0.3619965837381058,0.0007571428571428572,16.459878726776353,0.002819660647040999,0.0028061607004964736,0.03545826711839003,0.03927094864865122,0.48197927001403346,0.02072250753064445
EGMP4WVMaY,2026,N6Mmgz7ZqE,eVq3ya6MWO,100.0,0.703,0.6733,1,-0.0104,-0.0112,1,0.0011,0.0006,1,0.0012,0.0,0,-0.0444,0.0181,16,0.0068,0.0015,8,1,0,1,0.6733,0.0,2026-03-22,5,0.6573,27,True,0.6748799999999999,0.96,-0.009984,0.96,0.001056,0.96,0.0011519999999999998,0.0,-0.042624,15.36,0.006528,7.68,0.631008,25.92,0.0,0.96,0.646368,100.0,0.6733,0.646368,0.003624897134080235,0.04470068598514822,0.703,4.264788537059482,0.06732636102234069,0.05666378934890972,0.0034293925216784442,0.027606333322638656,-0.0104,2.906703442601915,-0.016598697443199854,-0.016551790468344908,0.005861881820464166,0.04412957699158392,0.0011,1.1143948801714307,-0.0012527818542669448,-0.0012673968812019604,0.0,0.0793013319140693,,1.6908873051404538,0.003993623084254863,0.003993623084254863,0.10804887439196957,0.26615186045015843,-0.002775,27.27962425564064,-0.014468388914709696,-0.007050818712456998,0.001597444089456869,0.3597016747647554,0.00085,16.86439879399498,0.002893431353974623,0.0028751252617811494,0.04189354724839368,0.038662531632941866,0.12413708286249964,0.07592270241054204
EGMP4WVMaY,2026,7VqGXPmeQv,eVq3ya6MWO,102.0,1.0007,0.9704,6,-0.0463,-0.0472,6,0.0147,0.0142,2,-0.0011,-0.0023,2,-0.005,0.0587,30,0.008,0.0026,14,6,0,6,0.9704,0.0,2026-04-05,6,0.971,60,True,0.941835294117647,5.647058823529411,-0.04357647058823529,5.647058823529411,0.013835294117647057,1.8823529411764706,-0.001035294117647059,1.8823529411764706,-0.004705882352941176,28.235294117647058,0.0075294117647058826,13.176470588235295,0.9138823529411764,56.470588235294116,0.0,5.647058823529411,0.9133176470588236,100.0,0.9704,0.9133176470588236,0.021362203846968835,0.04555397382726262,0.1667833333333333,4.475350804768246,0.07413622862683521,0.059461408944488696,0.020229480976184842,0.028142921531641923,-0.007716666666666667,3.037536737517467,-0.01742106802322174,-0.017296801208686183,0.011655440824251158,0.04497247620439232,0.00735,1.155739228418098,-0.001200088248691743,-0.0013144176446274825,0.0022172949002217295,0.08075927219536061,-0.00055,1.8402272130351027,0.004334460324785862,0.004346341625434651,0.1850924842280916,0.2700374781153283,-0.00016666666666666666,30.69332355673032,-0.007411625447809872,-0.007933139329679123,0.002792181890706023,0.3642751009820834,0.0005714285714285715,18.801025235350966,0.0032263387097556215,0.0032052908177663754,0.05566424594165334,0.04046868320469693,0.7139927957184609,0.014083519180146118
EGMP4WVMaY,2026,p6qbYzO650,eVq3ya6MWO,99.0,-1.5118,-1.5411,5,0.0579,0.0571,2,0.0005,0.0,0,0.0488,0.0476,2,0.0163,0.0781,29,0.0053,2.8928e-06,23,5,3,2,1.4589,0.0,2026-04-19,8,-1.383,61,True,-1.4659878787878788,4.848484848484849,0.05614545454545454,1.9393939393939394,0.0004848484848484849,0.0,0.047321212121212125,1.9393939393939394,0.015806060606060605,28.12121212121212,0.005139393939393939,22.303030303030305,-1.3410909090909091,59.15151515151515,2.909090909090909,4.848484848484849,1.4146909090909092,40.0,-1.5411,-1.4944,0.01786544408219076,0.04427346966994863,-0.30236,4.438423176849426,0.03394177866312942,0.05897077281766453,0.00683534396587721,0.027337816958284907,0.02895,2.9340154966894016,-0.016012522256158773,-0.016707314898491633,0.0,0.04370756918706364,,1.0725037776398014,-0.0012197542962947765,-0.0012197542962947765,0.0022172949002217295,0.07857062614795715,0.0244,1.8446086616527597,0.00444682689541093,0.004356689952191115,0.18003349632311236,0.2641934977551204,0.0005620689655172413,30.682862483397546,-0.0033978545461156758,-0.007930435511953632,0.004578936890304599,0.3573901965395055,0.00023043478260869566,22.12368216587775,0.003777826736613069,0.0037717536365056586,0.021536301196584194,0.04124171169962126,0.6293541170776433,0.015947336434132875
EGMP4WVMaY,2026,0x5gxz2rq7,eVq3ya6MWO,96.0,0.9425,0.914,2,0.0117,0.0109,2,0.0019,0.0014,1,0.0158,0.0147,2,-0.0003,0.0596,22,0.0044,-0.0007,12,2,0,2,0.914,0.0,2026-04-23,9,0.9760000000000001,41,True,0.9424999999999999,2.0,0.0117,2.0,0.0018999999999999998,1.0,0.0158,2.0,-0.0003,22.0,0.0044,12.0,0.9760000000000001,41.0,0.0,2.0,0.9140000000000001,100.0,0.914,0.9140000000000001,0.007223609427050639,0.042989524996042236,0.47125,4.315417280114555,0.07161251199444561,0.057336464302554846,0.00683534396587721,0.02653137735160019,0.00585,2.9364481051987177,-0.016489453045640833,-0.016721167025869878,0.005861881820464166,0.04243930705865313,0.0019,1.1163654696091052,-0.0012497619520471894,-0.0012696380247605651,0.0022172949002217295,0.07637153320966035,0.0079,1.8490110238922046,0.004389792994006901,0.004367087673796364,0.1427819177286672,0.25825519000376856,-1.3636363636363635e-05,29.12270141838708,-0.0065091451963320765,-0.007527189018213967,0.0023942537909018356,0.35035453225470276,0.00036666666666666667,18.512005195981576,0.003164712521152186,0.0031560172666304878,0.0549186573155846,0.039341575174137285,0.27431405529458003,0.03584779370790495
EGMP4WVMaY,2026,0Oq6oewXQ6,eVq3ya6MWO,98.0,0.2418,0.2128,3,-0.3505,-0.3513,3,0.0149,0.0145,5,0.0189,0.0177,1,-0.0305,0.0307,35,0.0116,0.0064,16,4,0,3,0.2128,0.25,2026-04-25,10,-0.0938,63,True,0.23686530612244897,2.9387755102040813,-0.34334693877551015,2.9387755102040813,0.014595918367346939,4.8979591836734695,0.018514285714285716,0.9795918367346939,-0.029877551020408163,34.285714285714285,0.011363265306122448,15.673469387755102,-0.09188571428571428,61.71428571428572,0.0,3.9183673469387754,0.20845714285714284,75.0,0.2128,0.20845714285714284,0.010796419581442509,0.04384587107573929,0.08059999999999999,4.354506843011158,0.06102044354007999,0.05785582481444585,0.010218093855726062,0.027069152256985234,-0.11683333333333333,2.9613426388207778,-0.02022591049120995,-0.016862925245260386,0.028637920675975252,0.043285188593004446,0.00298,1.2849865740982094,-0.0013098963472087544,-0.0014614101387005042,0.0011098779134295228,0.07783875962203923,0.0189,1.769823571106794,0.004212544436228359,0.00418005874616426,0.2094790648483472,0.2622246548359651,-0.0008714285714285714,32.30620130186289,-0.012498227866751055,-0.00835001122203793,0.003189792663476874,0.35506196896711517,0.000725,19.76912742102793,0.003405305017041198,0.003370337617478945,0.03460425828817979,0.038731874572090236,0.39139044770191456,0.025396999755999666
EGMP4WVMaY,2026,xW5pOJklMg,eVq3ya6MWO,108.0,-0.0411,-0.0732,3,0.0647,0.0638,1,-0.4726,-0.4731,1,0.0013,0.0,0,-0.0227,0.0447,33,0.0053,-0.0004,19,3,2,1,1.9268,0.3333,2026-05-03,11,-0.46509999999999996,57,True,-0.036533333333333334,2.6666666666666665,0.05751111111111111,0.8888888888888888,-0.42008888888888896,0.8888888888888888,0.0011555555555555555,0.0,-0.020177777777777777,29.333333333333336,0.004711111111111111,16.88888888888889,-0.41342222222222225,50.66666666666667,1.7777777777777777,2.6666666666666665,1.712711111111111,33.33333333333333,-0.07319999999999993,-0.0650666666666666,0.010796419581442509,0.048104715760470984,-0.013699999999999999,4.335111258385226,0.0563350628891106,0.05759812685076192,0.0034293925216784442,0.02974913881707011,0.0647,2.9002981148823577,-0.015815155715017817,-0.016515316282247585,0.005861881820464166,0.04749227801976034,-0.4726,1.1104744985808457,-0.0043319107041215705,-0.0012629382467542996,0.0,0.08510551998018141,,1.6802277611899452,0.003968446834685206,0.003968446834685206,0.19990170238138133,0.28145130618479425,-0.0006878787878787879,30.963933928434535,-0.010661045705266688,-0.008003082546444745,0.003785614664275752,0.3776116065626405,0.00027894736842105266,20.0848831898435,0.003432416002022339,0.0034241692066487896,0.03292781360141208,0.03920940581664928,0.3154838806829335,0.03131624870486602
EGMP4WVMaY,2026,0Oq6oexXQ6,eVq3ya6MWO,102.0,-1.2186,-1.2489,6,-0.1711,-0.1719,2,0.0005,0.0,0,0.0012,0.0,0,-0.0429,0.0208,12,0.0019,-0.0036,8,6,4,2,2.7511,0.0,2026-05-11,12,-1.4289999999999998,28,True,-1.1469176470588236,5.647058823529411,-0.16103529411764705,1.8823529411764706,0.00047058823529411766,0.0,0.0011294117647058823,0.0,-0.04037647058823529,11.294117647058822,0.001788235294117647,7.529411764705882,-1.344941176470588,26.35294117647059,3.764705882352941,5.647058823529411,2.589270588235294,33.33333333333333,-1.2489,-1.175435294117647,0.021362203846968835,0.04555397382726262,-0.20309999999999997,4.475350804768246,0.038774140565805214,0.059461408944488696,0.00683534396587721,0.028142921531641923,-0.08555,2.9315869152806973,-0.018293665527986766,-0.016693485702838906,0.0,0.04497247620439232,,1.0710851555627712,-0.0012181409030281492,-0.0012181409030281492,0.0,0.08075927219536061,,1.6882097594908945,0.0039872991216331555,0.0039872991216331555,0.08328640641016993,0.2700374781153283,-0.003575,26.118570986305937,-0.013965259502645936,-0.00675072747802983,0.001597444089456869,0.3642751009820834,0.0002375,16.743942312158026,0.0028563817383906683,0.0028545892510934735,0.012140755492168186,0.041640943233318434,0.7019198179096433,0.014322285477731442
EGMP4WVMaY,2026,7VqGXPJjQv,eVq3ya6MWO,100.0,-0.4534,-0.4831,2,0.0008,0.0,0,0.0005,0.0,0,0.0012,0.0,0,-0.0156,0.0469,24,0.0019,-0.0034,17,2,2,0,1.5169,0.0,2026-05-14,13,-0.4646,43,True,-0.435264,1.92,0.000768,0.0,0.00048000000000000007,0.0,0.0011519999999999998,0.0,-0.014976,23.04,0.001824,16.32,-0.44601599999999997,41.28,1.92,1.92,1.4562239999999997,0.0,-0.4831000000000001,-0.4637760000000001,0.007223609427050639,0.04470068598514822,-0.2267,4.307701195605223,0.049766251341630166,0.05723394513110336,0.0,0.027606333322638656,,2.8802013626121816,-0.016400878315238322,-0.016400878315238322,0.0,0.04412957699158392,,1.0720304862595103,-0.001219216023883485,-0.001219216023883485,0.0,0.0793013319140693,,1.6908873051404538,0.003993623084254863,0.003993623084254863,0.1537661802406755,0.26615186045015843,-0.00065,29.323670543897858,-0.009344560916869972,-0.007579132434204549,0.0033884791708192145,0.3597016747647554,0.00011176470588235294,19.972221263962464,0.0034009881344399576,0.0034049620500167478,0.030196207304333204,0.039433303492048606,0.2445756683836928,0.04003209840550364
EGMP4WVMaY,2026,Oa5wP6n4q1,eVq3ya6MWO,100.0,0.5521,0.5224,2,0.0581,0.0573,2,0.0217,0.0212,1,0.0012,0.0,0,-0.0663,-0.0039,23,0.0061,0.0008,12,2,0,2,0.5224,0.5,2026-07-18,16,0.5729000000000001,40,True,0.530016,1.92,0.055776000000000006,1.92,0.020832000000000003,0.96,0.0011519999999999998,0.0,-0.063648,22.080000000000002,0.005856,11.52,0.549984,38.400000000000006,0.0,1.92,0.501504,100.0,0.5224,0.501504,0.007223609427050639,0.04470068598514822,0.27605,4.307701195605223,0.06541039898953087,0.05723394513110336,0.00683534396587721,0.027606333322638656,0.02905,2.933205522591648,-0.016006096839024424,-0.01670270262145149,0.005861881820464166,0.04412957699158392,0.0217,1.1143948801714307,-0.0011182133618357025,-0.0012673968812019604,0.0,0.0793013319140693,,1.6908873051404538,0.003993623084254863,0.003993623084254863,0.14830946355164235,0.26615186045015843,-0.002882608695652174,29.068164757865706,-0.01882599839435649,-0.007513093218986105,0.0023942537909018356,0.3597016747647554,0.0005083333333333334,18.245653225091637,0.003125367094682123,0.0031106082787747485,0.03657908057325124,0.03885498377249341,0.246896475478757,0.039670727922898844
EGMP4WVMaY,2026,315V9zPnM9,eVq3ya6MWO,98.0,-0.2768,-0.3058,6,-0.0242,-0.025,5,0.0032,0.0027,1,0.0058,0.0046,2,-0.02,0.0412,30,0.0085,0.0032,12,6,1,5,0.6942,0.0,2026-07-23,17,-0.30350000000000005,56,True,-0.27115102040816325,5.877551020408163,-0.02370612244897959,4.8979591836734695,0.0031346938775510206,0.9795918367346939,0.005681632653061224,1.9591836734693877,-0.019591836734693877,29.387755102040817,0.0083265306122449,11.755102040816325,-0.29730612244897964,54.857142857142854,0.9795918367346939,5.877551020408163,0.6800326530612245,83.33333333333334,-0.30579999999999996,-0.29955918367346934,0.021362203846968835,0.04384587107573929,-0.04613333333333333,4.4833600151521065,0.05387692808652835,0.05956782271063407,0.01691493085882438,0.027069152256985234,-0.00484,3.0143760799773203,-0.017121354657359967,-0.017164916288781716,0.005861881820464166,0.043285188593004446,0.0032,1.1153793045092941,-0.0012401582601687426,-0.0012685164631004303,0.0022172949002217295,0.07783875962203923,0.0029,1.8460737846140975,0.0043623531554614885,0.004360150353639446,0.1850924842280916,0.2622246548359651,-0.0006666666666666666,31.021835645523474,-0.01036190673680611,-0.008018048093862418,0.0023942537909018356,0.35506196896711517,0.0007083333333333334,18.377864195687398,0.0031568142671386753,0.0031331482522471395,0.03267267585479369,0.040609640470776094,0.7713933683431554,0.013049218026612854
EGMP4WVMaY,2026,NPqxLOxXq9,eVq3ya6MWO,101.0,0.2444,0.2144,1,0.0001,-0.0007,1,-0.0831,-0.0836,1,0.0012,0.0,0,0.0296,0.0927,26,0.0038,-0.0016,13,1,0,1,0.2144,0.0,2026-07-26,18,0.19599999999999998,42,True,0.23230099009900992,0.9504950495049505,9.504950495049506e-05,0.9504950495049505,-0.07898613861386138,0.9504950495049505,0.0011405940594059404,0.0,0.028134653465346535,24.712871287128714,0.0036118811881188117,12.356435643564357,0.18629702970297027,39.92079207920792,0.0,0.9504950495049505,0.20378613861386138,100.0,0.2144,0.20378613861386138,0.003624897134080235,0.04512752053375302,0.2444,4.262882999116132,0.06020975695269168,0.056638471563589296,0.0034293925216784442,0.027874701472863753,0.0001,2.9059012298223834,-0.01648947891867404,-0.01654722238697712,0.005861881820464166,0.044551212499878944,-0.0831,1.113903319348507,-0.0018020190125843639,-0.0012668378310259595,0.0,0.08003087967968145,,1.6895474714922398,0.003990458597437615,0.003990458597437615,0.16447250288380957,0.2680998263788889,0.0011384615384615385,29.7554873328398,-0.0008542416229386961,-0.007690741812225779,0.002593257530420906,0.3619965837381058,0.0002923076923076923,18.524334491460994,0.003163971393868206,0.003158119225278753,0.04821844738980039,0.03828224735607681,0.12238531279439671,0.07692582972457387
EGMP4WVMaY,2026,p6qbYzow50,eVq3ya6MWO,99.0,1.042,1.0126,5,0.1255,0.1247,4,0.0005,0.0,0,0.038,0.0368,1,-0.0205,0.0413,32,-0.0017,-0.007,15,5,1,4,2.0126,0.0,2026-08-01,19,1.1838,57,True,1.0104242424242424,4.848484848484849,0.1216969696969697,3.878787878787879,0.0004848484848484849,0.0,0.036848484848484846,0.9696969696969697,-0.01987878787878788,31.03030303030303,-0.0016484848484848483,14.545454545454547,1.1479272727272727,55.27272727272728,0.9696969696969697,4.848484848484849,1.9516121212121211,80.0,1.0126,0.9819151515151514,0.01786544408219076,0.04427346966994863,0.2084,4.438423176849426,0.07444218695829201,0.05897077281766453,0.013577878462138824,0.027337816958284907,0.031375,2.9870342932145606,-0.01550577905162948,-0.0170092225503375,0.0,0.04370756918706364,,1.0725037776398014,-0.0012197542962947765,-0.0012197542962947765,0.0011098779134295228,0.07857062614795715,0.038,1.7684189635698921,0.004246689307889844,0.004176741273103438,0.19502546663613604,0.2641934977551204,-0.000640625,31.451425385957897,-0.01047318802268962,-0.008129081858556163,0.0029910269192422734,0.3573901965395055,-0.00011333333333333333,19.351200641207647,0.003282660025905056,0.0032990874142007818,0.05477281492147303,0.04008854279978032,0.6276968700899013,0.01598876744098435
EGMP4WVMaY,2026,Oa5wP6dDq1,eVq3ya6MWO,101.0,-0.2103,-0.2403,2,0.0152,0.0144,1,0.0005,0.0,0,0.0143,0.013,1,-0.0346,0.0284,25,0.0064,0.001,16,2,1,1,0.7597,0.0,2026-08-16,20,-0.2085,45,True,-0.19988910891089107,1.900990099009901,0.014447524752475247,0.9504950495049505,0.00047524752475247524,0.0,0.013592079207920792,0.9504950495049505,-0.032887128712871284,23.762376237623762,0.006083168316831684,15.207920792079207,-0.1981782178217822,42.772277227722775,0.9504950495049505,1.900990099009901,0.722091089108911,50.0,-0.24029999999999996,-0.22840396039603955,0.007223609427050639,0.04512752053375302,-0.10515,4.305776483979898,0.053524615171333126,0.057208372596111966,0.0034293925216784442,0.027874701472863753,0.0152,2.9059012298223834,-0.016339000231885076,-0.01654722238697712,0.0,0.044551212499878944,,1.0715576124179291,-0.0012186782263373136,-0.0012186782263373136,0.0011098779134295228,0.08003087967968145,0.0143,1.7656164264353034,0.004193516319918433,0.004170122099276093,0.15915342051963938,0.2680998263788889,-0.001384,29.500659775093528,-0.012909413677543249,-0.0076248778950482685,0.003189792663476874,0.3619965837381058,0.0004,19.556562373803317,0.003348415956447729,0.0033340984876698934,0.030599455311933657,0.03932181467469525,0.2435907091140937,0.040187463096628566
EGMP4WVMaY,2026,KPqj3zw2Q6,eVq3ya6MWO,99.0,-0.3051,-0.3345,2,-0.0119,-0.0127,1,0.0005,0.0,0,0.0013,0.0001,1,-0.0065,0.0554,16,0.0086,0.0033,8,2,1,1,0.6655,0.0,2026-08-23,22,-0.3131,28,True,-0.2958545454545454,1.9393939393939394,-0.01153939393939394,0.9696969696969697,0.0004848484848484849,0.0,0.0012606060606060606,0.9696969696969697,-0.0063030303030303025,15.515151515151516,0.00833939393939394,7.757575757575758,-0.3036121212121212,27.15151515151515,0.9696969696969697,1.9393939393939394,0.6453333333333333,50.0,-0.3345,-0.3243636363636364,0.007223609427050639,0.04427346966994863,-0.15255,4.309627628718666,0.05209687574655688,0.05725954053851602,0.0034293925216784442,0.027337816958284907,-0.0119,2.9075060984268224,-0.016618237469801306,-0.0165563610725687,0.0,0.04370756918706364,,1.0725037776398014,-0.0012197542962947765,-0.0012197542962947765,0.0011098779134295228,0.07857062614795715,0.0013,1.7684189635698921,0.004174657148108474,0.004176741273103438,0.10804887439196957,0.2641934977551204,-0.00040625,27.35242323896936,-0.007506399265536976,-0.007069634676676001,0.001597444089456869,0.3573901965395055,0.001075,16.925279307121308,0.002909960014069752,0.002885504469684015,0.033837101877102045,0.039476036235764005,0.25254386532001416,0.038818046654490006
EGMP4WVMaY,2026,p6qbYz3X50,eVq3ya6MWO,99.0,1.1248,1.0954,4,-0.0173,-0.0181,4,0.0028,0.0023,2,0.0012,0.0,0,0.0208,0.0826,27,0.0087,0.0034,8,4,0,4,1.0954,0.25,2026-08-29,23,1.1409999999999998,45,True,1.0907151515151514,3.878787878787879,-0.016775757575757576,3.878787878787879,0.002715151515151515,1.9393939393939394,0.0011636363636363637,0.0,0.02016969696969697,26.18181818181818,0.008436363636363636,7.757575757575758,1.1064242424242423,43.63636363636363,0.0,3.878787878787879,1.0622060606060606,100.0,1.0954,1.0622060606060606,0.014343606244813343,0.04427346966994863,0.2812,4.395491327472507,0.07529156201531124,0.058400362057948366,0.013577878462138824,0.027337816958284907,-0.004325,2.9870342932145606,-0.016953684964489117,-0.0170092225503375,0.011655440824251158,0.04370756918706364,0.0014,1.157269972426834,-0.0012819342572306601,-0.0013161585537227326,0.0,0.07857062614795715,,1.6922292654870246,0.003996792594015759,0.003996792594015759,0.16972471267568665,0.2641934977551204,0.0007703703703703704,30.17048721502398,-0.0025296724736195396,-0.007798004614218612,0.001597444089456869,0.3573901965395055,0.0010875,16.925279307121308,0.0029102979789121463,0.002885504469684015,0.06143336089289984,0.0391592734033693,0.5018183651200696,0.01991957448955744
EGMP4WVMaY,2026,7vQ7RXeOqD,eVq3ya6MWO,97.0,1.6535,1.6247,9,-0.0604,-0.0612,7,0.0005,0.0,0,-0.0053,-0.0065,1,-0.0052,0.0554,30,-0.002,-0.0072,18,9,2,7,3.6247,0.0,2026-09-06,24,1.5810999999999997,65,True,1.6364536082474228,8.907216494845361,-0.059777319587628865,6.927835051546391,0.0004948453608247423,0.0,-0.0052453608247422685,0.9896907216494846,-0.00514639175257732,29.690721649484537,-0.0019793814432989693,17.814432989690722,1.5648,64.3298969072165,1.9793814432989691,8.907216494845361,3.5873319587628867,77.77777777777779,1.6246999999999998,1.6079505154639173,0.031704665012010046,0.04341788968918779,0.18372222222222223,4.614277646709435,0.08624100619142742,0.06130724989023756,0.023521755654127043,0.02680033909578664,-0.008628571428571428,3.0682570223226464,-0.017683498293713885,-0.017471733301782016,0.0,0.04286243471522076,,1.073451615230542,-0.0012208322682307259,-0.0012208322682307259,0.0011098779134295228,0.07710572956823622,-0.0053,1.7712304117011985,0.00416831944822842,0.0041833814933731365,0.1850924842280916,0.2602452473392331,-0.00017333333333333334,31.10506539078622,-0.007549432297599446,-0.008039560041381646,0.0035870864886408927,0.352716809332854,-0.00011111111111111112,20.539174131740793,0.0034808721409293184,0.003501618950289361,0.06743643492104111,0.04226012472250566,1.1725933711329632,0.00862295888128094
EGMP4WVMaY,2026,xW5pOJ7RMg,eVq3ya6MWO,103.0,0.0563,0.0257,1,-0.0069,-0.0077,1,0.0005,0.0,0,0.0012,0.0,0,-0.0158,0.0485,30,0.0035,-0.0021,17,1,0,1,0.0257,0.0,2026-09-10,25,0.0388,49,True,0.05247378640776699,0.9320388349514562,-0.006431067961165048,0.9320388349514562,0.00046601941747572817,0.0,0.0011184466019417475,0.0,-0.014726213592233011,27.961165048543688,0.003262135922330097,15.844660194174757,0.036163106796116506,45.66990291262136,0.0,0.9320388349514562,0.023953398058252424,100.0,0.0257,0.023953398058252424,0.003624897134080235,0.045980046376263226,0.0563,4.259077027116211,0.05725197819198563,0.0565879038053529,0.0034293925216784442,0.028410993621519526,-0.0069,2.904298131932961,-0.016550102019542812,-0.01653809378445886,0.0,0.045393368596699575,,1.0706131151427236,-0.0012176040533289855,-0.0012176040533289855,0.0,0.08148651220296954,,1.6868741641009146,0.0039841446449483805,0.0039841446449483805,0.1850924842280916,0.27196489736136725,-0.0005266666666666667,30.612279803421725,-0.009431852575936765,-0.007912192383819417,0.0033884791708192145,0.36653740149227726,0.00020588235294117648,19.759000892580282,0.003370981162011309,0.0033686111973373414,0.03740754535013676,0.03827276942603136,0.11738163142489375,0.07994283802302529
EGMP4WVMaY,2026,Xj5YPzjyMb,eVq3ya6MWO,99.0,-0.0085,-0.0379,8,-0.0152,-0.016,5,0.0032,0.0028,1,0.0813,0.0801,1,-0.027,0.0348,26,0.0052,-0.0001,14,8,3,5,2.9621,0.125,2026-09-13,26,0.03899999999999999,55,True,-0.008242424242424242,7.757575757575758,-0.014739393939393938,4.848484848484849,0.003103030303030303,0.9696969696969697,0.07883636363636363,0.9696969696969697,-0.02618181818181818,25.212121212121215,0.005042424242424242,13.575757575757574,0.037818181818181806,53.333333333333336,2.909090909090909,7.757575757575758,2.872339393939394,62.5,-0.037900000000000045,-0.036751515151515195,0.028281553028987088,0.04427346966994863,-0.0010625,4.567218724980186,0.0588285827107864,0.06068200509681304,0.01691493085882438,0.027337816958284907,-0.00304,3.01354369147714,-0.017024873784202157,-0.017160176376260432,0.005861881820464166,0.04370756918706364,0.0032,1.1148868750333176,-0.0012396107419570329,-0.0012679564250087543,0.0011098779134295228,0.07857062614795715,0.0813,1.7684189635698921,0.004331675480056966,0.004176741273103438,0.16447250288380957,0.2641934977551204,-0.0010384615384615384,29.914299580837195,-0.011569436009173675,-0.007731789165351102,0.002792181890706023,0.3573901965395055,0.00037142857142857143,19.00464045062388,0.003250667094616395,0.003240004136412672,0.0365770047501269,0.041938828539708865,1.0002825153519843,0.010093375855274426
KAqBgD4Qbg,2026,odMXV0WWqY,YgOMngl5wN,100.0,-0.3681,-0.3978,3,-0.0008,-0.0016,2,0.0044,0.0039,2,0.0282,0.027,3,-0.0365,0.0259,21,0.0095,0.0042,12,3,1,2,0.6022,0.0,2026-02-22,1,-0.36329999999999996,43,True,-0.35337599999999997,2.88,-0.000768,1.92,0.004224,1.92,0.027072,2.88,-0.03504,20.16,0.00912,11.52,-0.34876799999999997,41.28,0.96,2.88,0.578112,66.66666666666666,-0.39780000000000004,-0.38188800000000006,0.010796419581442509,0.04470068598514822,-0.12269999999999999,4.350613854150966,0.05141667543152206,0.057804100913297005,0.00683534396587721,0.027606333322638656,-0.0004,2.933205522591648,-0.01659655369134192,-0.01670270262145149,0.011655440824251158,0.04412957699158392,0.0022,1.1567592740833514,-0.0012705825136520481,-0.0013155777385204363,0.0033222591362126247,0.0793013319140693,0.0094,1.9192751410529734,0.004577918575587763,0.004533041016420061,0.13718215470129144,0.26615186045015843,-0.001738095238095238,28.5571531858014,-0.013177514653352634,-0.007381014788549216,0.0023942537909018356,0.3597016747647554,0.0007916666666666666,18.245653225091637,0.0031377444332625925,0.0031106082787747485,0.028087687582025817,0.04004845505997067,0.3777408197319574,0.02629059053316468
KAqBgD4Qbg,2026,N6MmgzrZqE,YgOMngl5wN,103.0,-1.1069,-1.1375,6,-0.0811,-0.082,4,0.0025,0.002,1,0.0081,0.0068,1,-0.0168,0.0476,25,0.0019,-0.0036,15,6,2,4,0.8625,0.0,2026-03-01,2,-1.1923,52,True,-1.031673786407767,5.592233009708738,-0.07558834951456311,3.728155339805825,0.002330097087378641,0.9320388349514562,0.007549514563106796,0.9320388349514562,-0.015658252427184466,23.300970873786408,0.0017708737864077669,13.980582524271844,-1.1112699029126214,48.46601941747573,1.8640776699029125,5.592233009708738,0.8038834951456312,66.66666666666666,-1.1375,-1.0601941747572814,0.021362203846968835,0.045980046376263226,-0.18448333333333333,4.473352971393942,0.040535852760618704,0.05943486488292689,0.013577878462138824,0.028410993621519526,-0.020275,2.983738580117404,-0.017581159088079817,-0.01699045560224489,0.005861881820464166,0.045393368596699575,0.0025,1.1129214975241135,-0.0012419921650763412,-0.0012657212089557458,0.0011098779134295228,0.08148651220296954,0.0081,1.762822757998828,0.004174750664960155,0.004163523871988121,0.15915342051963938,0.27196489736136725,-0.000672,29.34487057299982,-0.009515961112187752,-0.007584611892444001,0.0029910269192422734,0.36653740149227726,0.00012666666666666666,19.075746707274288,0.003249626583128431,0.003252126679129052,0.019621117643363377,0.041009726730399425,0.6947217606828019,0.014468532561322097
KAqBgD4Qbg,2026,NPqxLOmmq9,YgOMngl5wN,117.0,0.8842,0.8495,8,-0.0537,-0.0546,6,0.0183,0.0177,3,-0.0366,-0.038,4,-0.022,0.0511,31,0.0122,0.0059,22,9,2,6,2.8495,0.2222,2026-03-15,4,0.8024,74,True,0.725497435897436,6.564102564102565,-0.04406153846153846,4.923076923076923,0.015015384615384616,2.4615384615384617,-0.030030769230769232,3.2820512820512824,-0.01805128205128205,25.435897435897438,0.01001025641025641,18.05128205128205,0.6583794871794871,60.717948717948715,1.6410256410256412,7.384615384615385,2.338051282051282,66.66666666666666,0.8494999999999999,0.697025641025641,0.028281553028987088,0.05190536766069685,0.110525,4.530747468502199,0.07265725056346552,0.06019743251451483,0.020229480976184842,0.03214853445064781,-0.00895,3.0250172048955197,-0.017424738478842176,-0.01722551059207805,0.017381864589308817,0.05124714753985018,0.0061,1.1901947932256245,-0.0012038800547476808,-0.001353603821945879,0.004424778761061947,0.09154837398094746,-0.00915,1.968861748656548,0.004549868489880117,0.004650157172058284,0.19008942954436575,0.29791812784860067,-0.0007096774193548386,29.76544900887886,-0.010246322233591764,-0.0076933165534012965,0.004380724810832338,0.3965992019584447,0.0005545454545454546,20.448385175855016,0.0035205444688219487,0.0034861408046556793,0.05185272275498595,0.042061299523803566,0.7252130251014123,0.013868646056666082
KAqBgD4Qbg,2026,Xj5YPz8AMb,YgOMngl5wN,104.0,-0.5345,-0.5653,6,0.0488,0.048,3,0.0049,0.0044,2,-0.0038,-0.0051,1,-0.0161,0.0488,38,-0.0057,-0.0112,23,6,3,3,2.4347,0.1667,2026-03-22,5,-0.5064,73,True,-0.4933846153846154,5.538461538461538,0.04504615384615385,2.769230769230769,0.004523076923076923,1.8461538461538463,-0.0035076923076923076,0.9230769230769231,-0.014861538461538462,35.07692307692307,-0.005261538461538462,21.23076923076923,-0.46744615384615384,67.38461538461539,2.769230769230769,5.538461538461538,2.2474153846153846,50.0,-0.5653000000000001,-0.5218153846153847,0.021362203846968835,0.04640573869042975,-0.08908333333333333,4.471356920922206,0.049630186124095546,0.059408344509764795,0.010218093855726062,0.028678917864907755,0.01626666666666667,2.9564429406106667,-0.016171599607767533,-0.016835024642487064,0.011655440824251158,0.04581389016751004,0.00245,1.1547209801474627,-0.0012649789593800745,-0.0013132595949043055,0.0011098779134295228,0.08221260243570114,-0.0038,1.761429236397213,0.00414818634065063,0.004160232582249474,0.2234227794155382,0.27388216495825446,-0.0004236842105263158,32.554177353624326,-0.009615803048946436,-0.00841410426707462,0.004578936890304599,0.3687836577821413,-0.00024782608695652177,21.73142964507285,0.0036632557005682556,0.003704880506586253,0.03038924654922039,0.040711069094134536,0.6821982528275791,0.014730227326249533
KAqBgD4Qbg,2026,0x5gxzPrq7,YgOMngl5wN,98.0,0.4132,0.3841,2,0.0241,0.0233,1,0.002,0.0015,2,0.0039,0.0027,3,-0.0064,0.0548,26,0.0129,0.0077,22,2,1,1,1.3841,0.0,2026-04-05,6,0.44970000000000004,56,True,0.4047673469387756,1.9591836734693877,0.02360816326530612,0.9795918367346939,0.0019591836734693877,1.9591836734693877,0.003820408163265306,2.9387755102040813,-0.006269387755102041,25.46938775510204,0.012636734693877553,21.551020408163264,0.44052244897959186,54.857142857142854,0.9795918367346939,1.9591836734693877,1.35585306122449,50.0,0.3841000000000001,0.376261224489796,0.007223609427050639,0.04384587107573929,0.2066,4.311555785630842,0.06330590920634625,0.05728515884904978,0.0034293925216784442,0.027069152256985234,0.0241,2.9083091976642352,-0.016263773272937525,-0.01656093420173906,0.011655440824251158,0.043285188593004446,0.001,1.1577811219065228,-0.0012878982488710442,-0.0013167398820004485,0.0033222591362126247,0.07783875962203923,0.0013,1.9223239981214013,0.004533460496783878,0.004540241961114632,0.16447250288380957,0.2622246548359651,-0.00024615384615384614,29.994343120451937,-0.007691745351650075,-0.007752477591322007,0.004380724810832338,0.35506196896711517,0.0005863636363636364,21.85602225903873,0.003765940066462537,0.0037261216653266525,0.04636189289613402,0.039921370800429554,0.26716831989197526,0.03677132965422432
KAqBgD4Qbg,2026,eV5D89La5K,YgOMngl5wN,99.0,-2.5943,-2.6236,8,-0.0368,-0.0376,3,0.0005,0.0,1,0.0224,0.0212,4,0.0165,0.0783,40,-0.0018,-0.0071,35,8,5,3,2.3764,0.0,2026-04-12,7,-2.5934999999999993,91,True,-2.5156848484848484,7.757575757575758,-0.035684848484848486,2.909090909090909,0.0004848484848484849,0.9696969696969697,0.02172121212121212,3.878787878787879,0.016,38.78787878787879,-0.0017454545454545455,33.93939393939394,-2.5149090909090903,88.24242424242425,4.848484848484849,7.757575757575758,2.3043878787878787,37.5,-2.6236,-2.5440969696969695,0.028281553028987088,0.04427346966994863,-0.3242875,4.567218724980186,0.017078243445449455,0.06068200509681304,0.010218093855726062,0.027337816958284907,-0.012266666666666667,2.9605248949519813,-0.017057087319539796,-0.016858268724414566,0.005861881820464166,0.04370756918706364,0.0005,1.1148868750333176,-0.001257256146739539,-0.0012679564250087543,0.004424778761061947,0.07857062614795715,0.0056,1.9969880578184949,0.004745200344939114,0.004716587310366472,0.23244848951122227,0.2641934977551204,0.0004125,33.50092645945216,-0.003433842803789746,-0.008658805449496243,0.006951340615690168,0.3573901965395055,-5.142857142857143e-05,26.282404452882904,0.004440209835511357,0.004480752969962974,0.004515467355830845,0.043094314778222925,1.0096580372074764,0.010000587703048219
KAqBgD4Qbg,2026,xW5pOJrlMg,YgOMngl5wN,48.0,0.0142,0.0,0,0.0004,0.0,0,0.0002,0.0,0,-0.0351,-0.0357,3,-0.0102,0.0197,13,0.006,0.0035,6,0,0,0,0.0,0.0,2026-04-18,8,-0.0245,22,True,0.0284,0.0,0.0008,0.0,0.0004,0.0,-0.0702,6.0,-0.0204,26.0,0.012,12.0,-0.049,44.0,0.0,0.0,0.0,,0.0,0.0,0.0,0.021966936582674804,,4.322346031503911,0.05742852263223891,0.05742852263223891,0.0,0.013444033032557172,,2.9221496783931706,-0.016639746760890754,-0.016639746760890754,0.0,0.021679689018931848,,1.0972085477838407,-0.0012478509334819018,-0.0012478509334819018,0.0033222591362126247,0.03970181068129527,-0.0117,2.0018237308729914,0.004634489025097184,0.004728008447351555,0.08960503350792261,0.14827383926829518,-0.0007846153846153847,30.771907060726246,-0.00940421513686297,-0.007953450388045343,0.0011985617259288853,0.2123817141955722,0.001,19.895036022354617,0.0034115832754829426,0.003391803132186696,0.038182782101583414,0.039707286129359164,0.04242871053211176,0.19379787051697853
KAqBgD4Qbg,2026,KAqBro9Jqb,YgOMngl5wN,103.0,0.5625,0.532,1,0.0404,0.0396,1,0.0005,0.0,0,0.0021,0.0009,1,0.0029,0.0672,34,0.0132,0.0077,33,1,0,1,0.532,0.0,2026-04-23,9,0.6215999999999999,70,True,0.5242718446601942,0.9320388349514562,0.037654368932038836,0.9320388349514562,0.00046601941747572817,0.0,0.0019572815533980582,0.9320388349514562,0.0027029126213592228,31.689320388349515,0.012302912621359224,30.75728155339806,0.5793553398058251,65.24271844660194,0.0,0.9320388349514562,0.4958446601941747,100.0,0.532,0.4958446601941747,0.003624897134080235,0.045980046376263226,0.5625,4.259077027116211,0.0650670562865743,0.0565879038053529,0.0034293925216784442,0.028410993621519526,0.0404,2.904298131932961,-0.016078995046218847,-0.01653809378445886,0.0,0.045393368596699575,,1.0706131151427236,-0.0012176040533289855,-0.0012176040533289855,0.0011098779134295228,0.08148651220296954,0.0021,1.762822757998828,0.004163011556693792,0.004163523871988121,0.20471921699935186,0.27196489736136725,8.529411764705882e-05,31.62620718775925,-0.005948593215903026,-0.00817425677691975,0.0065567256109676135,0.36653740149227726,0.0004,25.225034375028223,0.004338447679071856,0.0043004873430036545,0.05032332320688909,0.039121960405637084,0.12169478572072559,0.07732857272527635
KAqBgD4Qbg,2026,9z5kBz7lMA,YgOMngl5wN,100.0,-0.8541,-0.8838,4,-0.0011,-0.0019,2,0.0005,0.0,0,0.0535,0.0523,1,-0.0006,0.0619,30,-0.0015,-0.0069,29,4,2,2,1.1162,0.0,2026-04-26,10,-0.8033,66,True,-0.819936,3.84,-0.001056,1.92,0.00048000000000000007,0.0,0.05136,0.96,-0.0005759999999999999,28.799999999999997,-0.00144,27.839999999999996,-0.7711680000000001,63.36,1.92,3.84,1.071552,50.0,-0.8837999999999999,-0.8484479999999999,0.014343606244813343,0.04470068598514822,-0.213525,4.393526512696709,0.04408082430902724,0.05837425669549065,0.00683534396587721,0.027606333322638656,-0.00055,2.933205522591648,-0.01659956111164235,-0.01670270262145149,0.0,0.04412957699158392,,1.0720304862595103,-0.001219216023883485,-0.001219216023883485,0.0011098779134295228,0.0793013319140693,0.0535,1.7670165837779601,0.004273719803230917,0.004173429061643262,0.1850924842280916,0.26615186045015843,-1.9999999999999998e-05,30.85670526009077,-0.00661341398520074,-0.007975367725515211,0.005766553986876119,0.3597016747647554,-5.172413793103448e-05,24.115984557252446,0.004080509351392296,0.004111411100997547,0.02800286234292388,0.04076181048728127,0.4932525561115214,0.02025848934725828
KAqBgD4Qbg,2026,KPqj3zRyQ6,YgOMngl5wN,105.0,0.2106,0.1794,2,-0.0851,-0.0859,2,0.0333,0.0328,3,0.0061,0.0048,2,0.0066,0.0721,39,0.0018,-0.0039,27,2,0,2,0.1794,0.5,2026-05-03,11,0.17329999999999998,75,True,0.19254857142857146,1.8285714285714287,-0.07780571428571428,1.8285714285714287,0.03044571428571429,2.742857142857143,0.005577142857142857,1.8285714285714287,0.006034285714285714,35.65714285714286,0.0016457142857142855,24.685714285714283,0.15844571428571427,68.57142857142857,0.0,1.8285714285714287,0.16402285714285714,100.0,0.1794,0.16402285714285714,0.007223609427050639,0.04683105127852783,0.1053,4.298094806291702,0.05996312581927648,0.057106310568279216,0.00683534396587721,0.028946694384082813,-0.04255,2.929162350980783,-0.017417596996344358,-0.01667967938201476,0.017381864589308817,0.04623404140666874,0.0111,1.1964836521229953,-0.0011062556409450477,-0.001360756116248973,0.0022172949002217295,0.08293754561811274,0.00305,1.8358665293657088,0.004338843563163219,0.004336042342382326,0.2279620129126287,0.2757893608978995,0.00016923076923076923,32.720821952474665,-0.005266951158620262,-0.008457176006072672,0.0053709966182613885,0.37101403992684695,6.666666666666667e-05,23.011493700557654,0.003910280714865687,0.0039231120929937606,0.044421446301395724,0.03886785349931889,0.23238302759445262,0.04204418749448304
KAqBgD4Qbg,2026,0Oq6oexXQ6,YgOMngl5wN,102.0,0.1869,0.1567,5,-0.2868,-0.2876,4,-0.0379,-0.0384,3,-0.0016,-0.0029,2,-0.0158,0.0479,30,0.0041,-0.0014,18,5,1,4,1.1567,0.0,2026-05-11,12,-0.15109999999999998,62,True,0.1759058823529412,4.705882352941177,-0.26992941176470586,3.764705882352941,-0.03567058823529412,2.8235294117647056,-0.0015058823529411763,1.8823529411764706,-0.01487058823529412,28.235294117647058,0.0038588235294117652,16.941176470588236,-0.14221176470588234,58.35294117647058,0.9411764705882353,4.705882352941177,1.088658823529412,80.0,0.15670000000000006,0.14748235294117654,0.01786544408219076,0.04555397382726262,0.037380000000000004,4.432476476460234,0.060799688389989996,0.05889176243409072,0.013577878462138824,0.028142921531641923,-0.0717,2.9845618263990823,-0.01966995753554529,-0.016995143455762547,0.017381864589308817,0.04497247620439232,-0.012633333333333335,1.1980662648457614,-0.0016019566878233554,-0.0013625560154271492,0.0022172949002217295,0.08075927219536061,-0.0008,1.8402272130351027,0.004333440243182184,0.004346341625434651,0.1850924842280916,0.2700374781153283,-0.0005266666666666667,30.69332355673032,-0.009456822710089328,-0.007933139329679123,0.0035870864886408927,0.3642751009820834,0.0002277777777777778,20.172413850812926,0.0034432375862620997,0.0034390918622149765,0.037847629285976306,0.04038635712087154,0.596667702984279,0.016806274801546176
KAqBgD4Qbg,2026,0Oq6oeExQ6,YgOMngl5wN,99.0,-0.5086,-0.538,2,0.0008,0.0,0,0.0005,0.0,0,-0.0217,-0.0229,2,-0.0055,0.0563,37,0.0107,0.0054,28,2,2,0,1.462,0.0,2026-05-14,13,-0.5238,69,True,-0.49318787878787884,1.9393939393939394,0.0007757575757575757,0.0,0.0004848484848484849,0.0,-0.021042424242424244,1.9393939393939394,-0.005333333333333333,35.87878787878788,0.010375757575757575,27.15151515151515,-0.5079272727272728,66.9090909090909,1.9393939393939394,1.9393939393939394,1.4176969696969697,0.0,-0.538,-0.5216969696969698,0.007223609427050639,0.04427346966994863,-0.2543,4.309627628718666,0.048929289703127564,0.05725954053851602,0.0,0.027337816958284907,,2.880996700164243,-0.016405407246645767,-0.016405407246645767,0.0,0.04370756918706364,,1.0725037776398014,-0.0012197542962947765,-0.0012197542962947765,0.0022172949002217295,0.07857062614795715,-0.01085,1.8446086616527597,0.004302652936822771,0.004356689952191115,0.21882985295635568,0.2641934977551204,-0.00014864864864864863,32.73236355689181,-0.007673566991835712,-0.008460159102893713,0.005568814638027049,0.3573901965395055,0.0003821428571428571,23.856483118796564,0.004095289279356038,0.004067170025446207,0.03202850338453012,0.03959807987031909,0.25697079858580635,0.038174842247877774
KAqBgD4Qbg,2026,raMyNnyd5d,YgOMngl5wN,115.0,0.4632,0.4291,3,0.0248,0.0239,3,0.0006,0.0,0,-0.0137,-0.0151,2,0.0076,0.0794,41,0.0098,0.0036,39,3,0,3,0.4291,0.0,2026-05-17,14,0.49229999999999996,88,True,0.3866713043478261,2.5043478260869563,0.020702608695652172,2.5043478260869563,0.0005008695652173913,0.0,-0.011436521739130436,1.6695652173913045,0.006344347826086956,34.22608695652174,0.00818086956521739,32.55652173913043,0.41096347826086954,73.4608695652174,0.0,2.5043478260869563,0.35820521739130434,100.0,0.4291,0.35820521739130434,0.010796419581442509,0.05106340350808825,0.1544,4.321636834488915,0.06400320602651896,0.05741909993990249,0.010218093855726062,0.03161636154872996,0.008266666666666667,2.9475021435846327,-0.0163636367096756,-0.016784112603499542,0.0,0.050415292709147276,,1.0649809126823926,-0.0012111985717896021,-0.0012111985717896021,0.0022172949002217295,0.09012448297053514,-0.00685,1.821479005734231,0.004264856744382787,0.004302061162013147,0.23688312364197092,0.2943243918477607,0.0001853658536585366,32.37477780478388,-0.004963982557327157,-0.008367735824308808,0.007739630879142687,0.3924805398547209,0.0002512820512820513,26.157771502366828,0.004475862439566064,0.00445950493445004,0.05020510737167545,0.03981761903676772,0.28524647563988004,0.03452131232930434
KAqBgD4Qbg,2026,zeQZLzjr5K,YgOMngl5wN,100.0,0.8563,0.8266,6,-0.0061,-0.0069,5,0.0,-0.0005,1,0.0012,0.0,0,0.0068,0.0692,35,-0.0147,-0.02,33,6,1,5,1.8266,0.1667,2026-05-24,15,0.8434999999999999,80,True,0.8220479999999999,5.76,-0.005856,4.800000000000001,0.0,0.96,0.0011519999999999998,0.0,0.006528,33.599999999999994,-0.014112,31.68,0.80976,76.80000000000001,0.96,5.76,1.753536,83.33333333333334,0.8266,0.793536,0.021362203846968835,0.04470068598514822,0.14271666666666666,4.479351829788193,0.07189959633186316,0.059514568259877935,0.01691493085882438,0.027606333322638656,-0.0012200000000000002,3.0127117625608473,-0.016927426984483997,-0.01715543908077125,0.005861881820464166,0.04412957699158392,0.0,1.1143948801714307,-0.0012599675504647296,-0.0012673968812019604,0.0,0.0793013319140693,,1.6908873051404538,0.003993623084254863,0.003993623084254863,0.2094790648483472,0.26615186045015843,0.00019428571428571428,32.13423419025153,-0.005257897622580326,-0.00830556380160743,0.0065567256109676135,0.3597016747647554,-0.00044545454545454543,25.497238988349107,0.004243922347869461,0.004346894117991146,0.05669184960645843,0.0411266856985433,0.737016494872144,0.013649568550844489
KAqBgD4Qbg,2026,gOMnGzll5w,YgOMngl5wN,105.0,-0.2503,-0.2814,1,0.0009,0.0,0,0.0148,0.0143,2,0.0189,0.0176,2,-0.0243,0.0413,20,-0.0131,-0.0187,14,1,1,0,0.7186,1.0,2026-07-23,17,-0.2531,39,True,-0.22884571428571432,0.9142857142857144,0.0008228571428571428,0.0,0.013531428571428573,1.8285714285714287,0.01728,1.8285714285714287,-0.022217142857142855,18.285714285714285,-0.011977142857142856,12.8,-0.23140571428571427,35.65714285714286,0.9142857142857144,0.9142857142857144,0.6570057142857143,0.0,-0.2814,-0.25727999999999995,0.003624897134080235,0.04683105127852783,-0.2503,4.255277845122762,0.052471620307882084,0.05653742626202237,0.0,0.028946694384082813,,2.87623125267846,-0.016378271114656333,-0.016378271114656333,0.011655440824251158,0.04623404140666874,0.0074,1.154212528551184,-0.0011978303221924383,-0.0013126813349187006,0.0022172949002217295,0.08293754561811274,0.00945,1.8358665293657088,0.0043648957711187415,0.004336042342382326,0.13150874989037448,0.2757893608978995,-0.001215,27.929966768876866,-0.010732297075820657,-0.0072189092667425524,0.002792181890706023,0.37101403992684695,-0.0009357142857142857,18.60172682599856,0.003113858122298682,0.0031713134493252344,0.03164197568863008,0.039134920337412345,0.11837326052546013,0.07932627004386049
KAqBgD4Qbg,2026,9YqdezoEQv,YgOMngl5wN,102.0,0.4878,0.4576,5,-0.015,-0.0158,5,0.0288,0.0283,4,0.0226,0.0214,2,0.0413,0.105,43,0.0155,0.01,27,5,0,5,0.4576,0.2,2026-07-26,18,0.581,86,True,0.45910588235294125,4.705882352941177,-0.014117647058823528,4.705882352941177,0.027105882352941174,3.764705882352941,0.021270588235294118,1.8823529411764706,0.03887058823529412,40.470588235294116,0.014588235294117647,25.411764705882355,0.5468235294117647,80.94117647058823,0.0,4.705882352941177,0.43068235294117646,100.0,0.4576,0.43068235294117646,0.01786544408219076,0.04555397382726262,0.09756000000000001,4.432476476460234,0.06556523189705403,0.05889176243409072,0.01691493085882438,0.028142921531641923,-0.003,3.0110492819582744,-0.017008744466967984,-0.017145972332224365,0.023042313329041816,0.04497247620439232,0.0072,1.2403933012734247,-0.0011724017002537118,-0.0014106943862268156,0.0022172949002217295,0.08075927219536061,0.0113,1.8402272130351027,0.004382812192800199,0.004346341625434651,0.24560041776461078,0.2700374781153283,0.0009604651162790699,33.99731152425905,0.001390660195388178,-0.008787103444759168,0.0053709966182613885,0.3642751009820834,0.0005740740740740741,23.25803823560234,0.004015560106181318,0.0039651442122243296,0.05717311822420203,0.039859478108539355,0.599512634689737,0.01672785627077259
KAqBgD4Qbg,2026,e7MzyoJGQr,YgOMngl5wN,95.0,1.2341,1.206,4,-0.0534,-0.0542,4,0.0005,0.0,0,0.0045,0.0033,2,0.0049,0.0642,25,0.0023,-0.0028,23,4,0,4,1.206,0.0,2026-08-02,19,1.1928999999999996,58,True,1.2470905263157894,4.042105263157895,-0.0539621052631579,4.042105263157895,0.0005052631578947368,0.0,0.0045473684210526315,2.0210526315789474,0.004951578947368421,25.263157894736842,0.0023242105263157897,23.242105263157896,1.2054568421052627,58.61052631578947,0.0,4.042105263157895,1.2186947368421053,100.0,1.206,1.2186947368421053,0.014343606244813343,0.04256077648112915,0.308525,4.403368191637277,0.07715233886063357,0.058505017416094277,0.013577878462138824,0.026262266901200856,-0.01335,2.9903372949767264,-0.01733886899254466,-0.01702803100264903,0.0,0.0420158051273663,,1.0744011296279985,-0.0012219121471923088,-0.0012219121471923088,0.0022172949002217295,0.07563616776058033,0.00225,1.850483151344776,0.004370105688588136,0.004370564618806053,0.15915342051963938,0.2562543966484767,0.000196,29.978112855392386,-0.005579977592375461,-0.0077482826414386205,0.004578936890304599,0.34797494963450326,0.0001,22.447828994820952,0.003819770830201059,0.0038270157746823665,0.061201456647310325,0.04070437201830274,0.5513180177812966,0.018163596155706185
KAqBgD4Qbg,2026,7VqGXPV6Qv,YgOMngl5wN,104.0,0.2973,0.2665,2,0.0539,0.0531,2,0.0098,0.0093,2,0.0013,0.0,0,0.0181,0.0831,44,0.0104,0.0048,42,2,0,2,0.2665,0.0,2026-08-08,3,0.39080000000000004,92,True,0.27443076923076926,1.8461538461538463,0.049753846153846155,1.8461538461538463,0.009046153846153846,1.8461538461538463,0.0012,0.0,0.01670769230769231,40.61538461538461,0.0096,38.769230769230774,0.36073846153846156,84.92307692307692,0.0,1.8461538461538463,0.246,100.0,0.2665,0.246,0.007223609427050639,0.04640573869042975,0.14865,4.300012654988312,0.0613364027853127,0.05713179191948889,0.00683534396587721,0.028678917864907755,0.02695,2.9299700933507515,-0.01603049899129115,-0.01668427895081293,0.011655440824251158,0.04581389016751004,0.0049,1.1547209801474627,-0.001232004943351131,-0.0013132595949043055,0.0,0.08221260243570114,,1.6855406803027195,0.00398099515552779,0.00398099515552779,0.24988480393958798,0.27388216495825446,0.0004113636363636364,34.071063190316195,-0.0031033540977430333,-0.00880616564379232,0.008330027766759222,0.3687836577821413,0.0002476190476190476,28.199327643098098,0.004825678322827351,0.004807559419241456,0.049777218231282526,0.03911664230474859,0.232079344953833,0.04209688754428535
KAqBgD4Qbg,2026,gOMnGzYl5w,YgOMngl5wN,111.0,0.0329,0.0,0,0.0009,0.0,0,0.0039,0.0033,1,0.0013,0.0,0,-0.058,0.0113,41,0.0121,0.0062,43,0,0,0,0.0,0.0,2026-08-16,20,-0.006900000000000003,85,True,0.028454054054054052,0.0,0.0007783783783783783,0.0,0.0033729729729729727,0.8648648648648649,0.0011243243243243242,0.0,-0.05016216216216216,35.45945945945946,0.010464864864864865,37.189189189189186,-0.00596756756756757,73.51351351351352,0.0,0.0,0.0,,0.0,0.0,0.0,0.049374980936494374,,4.201218171746204,0.0558191665129488,0.0558191665129488,0.0,0.030550258121162507,,2.8714815441819477,-0.016351224606000598,-0.016351224606000598,0.005861881820464166,0.0487471991998347,0.0039,1.109011457456828,-0.0012285274077869358,-0.0012612743358815532,0.0,0.08726326815154181,,1.67626499995534,0.003959087384947901,0.003959087384947901,0.23688312364197092,0.28702540703111823,-0.0014146341463414636,32.70963848143109,-0.017412704447873073,-0.008454285474071009,0.008526670632559984,0.3840722033630479,0.0002813953488372093,27.84848878016264,0.004774082922163067,0.004747746692445676,0.02955988035839916,0.038459216174389216,0.0047243325043145835,0.6834300767665109
KAqBgD4Qbg,2026,eV5D89k95K,YgOMngl5wN,101.0,0.0639,0.0339,1,0.0181,0.0173,1,0.0028,0.0023,1,-0.0025,-0.0037,1,-0.027,0.0361,37,0.0049,-0.0005,32,1,0,1,0.0339,0.0,2026-08-20,21,0.060200000000000004,73,True,0.06073663366336633,0.9504950495049505,0.017203960396039605,0.9504950495049505,0.0026613861386138612,0.9504950495049505,-0.0023762376237623766,0.9504950495049505,-0.025663366336633665,35.16831683168317,0.004657425742574257,30.415841584158414,0.05721980198019802,69.38613861386139,0.0,0.9504950495049505,0.03222178217821782,100.0,0.0339,0.03222178217821782,0.003624897134080235,0.04512752053375302,0.0639,4.262882999116132,0.0574205784705537,0.056638471563589296,0.0034293925216784442,0.027874701472863753,0.0181,2.9059012298223834,-0.01631010035164084,-0.01654722238697712,0.005861881820464166,0.044551212499878944,0.0028,1.113903319348507,-0.0012411289824459497,-0.0012668378310259595,0.0011098779134295228,0.08003087967968145,-0.0025,1.7656164264353034,0.00416059472617358,0.004170122099276093,0.21882985295635568,0.2680998263788889,-0.0007297297297297297,32.55859046804878,-0.011772910319670225,-0.008415244901178395,0.006359300476947536,0.3619965837381058,0.000153125,25.061777746295697,0.004269887813938139,0.004272654553755973,0.0365269213569084,0.03885194309743989,0.12731053737329914,0.07417055527503216
KAqBgD4Qbg,2026,NPqxLOAWq9,YgOMngl5wN,102.0,-0.7615,-0.7917,4,0.0586,0.0578,2,0.0005,0.0,0,0.0012,0.0,0,-0.0089,0.0548,31,0.009,0.0035,25,4,2,2,1.2083,0.0,2026-08-23,22,-0.7011000000000001,62,True,-0.7167058823529412,3.764705882352941,0.055152941176470585,1.8823529411764706,0.00047058823529411766,0.0,0.0011294117647058823,0.0,-0.008376470588235294,29.17647058823529,0.008470588235294117,23.52941176470588,-0.6598588235294118,58.35294117647058,1.8823529411764706,3.764705882352941,1.1372235294117647,50.0,-0.7917000000000001,-0.7451294117647059,0.014343606244813343,0.04555397382726262,-0.190375,4.389602148152223,0.045499037726673144,0.05832211592369276,0.00683534396587721,0.028142921531641923,0.0293,2.9315869152806973,-0.01599225472156856,-0.016693485702838906,0.0,0.04497247620439232,,1.0710851555627712,-0.0012181409030281492,-0.0012181409030281492,0.0,0.08075927219536061,,1.6882097594908945,0.0039872991216331555,0.0039872991216331555,0.19008942954436575,0.2700374781153283,-0.0002870967741935484,30.947476477309454,-0.00816726555970186,-0.007998828876992973,0.004975124378109453,0.3642751009820834,0.00035999999999999997,22.57234392787136,0.003869526277681788,0.003848243690000029,0.027978201941689523,0.04024720325246592,0.4709054344798592,0.02119948828995731
KAqBgD4Qbg,2026,Xj5YPzyyMb,YgOMngl5wN,104.0,1.9606,1.9297,4,0.0212,0.0203,4,0.002,0.0015,1,-0.0005,-0.0017,3,0.0197,0.0846,33,0.0392,0.0336,30,4,0,4,1.9297,0.0,2026-08-30,23,2.0422000000000002,75,True,1.8097846153846153,3.6923076923076925,0.01956923076923077,3.6923076923076925,0.0018461538461538463,0.9230769230769231,-0.0004615384615384616,2.769230769230769,0.018184615384615382,30.46153846153846,0.036184615384615385,27.69230769230769,1.8851076923076924,69.23076923076923,0.0,3.6923076923076925,1.7812615384615387,100.0,1.9297,1.7812615384615387,0.014343606244813343,0.04640573869042975,0.49015,4.38568478795526,0.08826790377968066,0.058270068214626845,0.013577878462138824,0.028678917864907755,0.0053,2.9829157878705814,-0.016540480768416493,-0.016985770334161196,0.005861881820464166,0.04581389016751004,0.002,1.1124312353774535,-0.001244705515172393,-0.001265163635759113,0.0033222591362126247,0.08221260243570114,-0.00016666666666666666,1.9132063485861996,0.004502635757418899,0.004518707435692843,0.19990170238138133,0.27388216495825446,0.0005969696969696969,31.290105823047767,-0.002736691260377084,-0.008087386453143204,0.005964214711729622,0.3687836577821413,0.0013066666666666667,24.11433943381899,0.0042745398145750185,0.004111130632301327,0.07652320180770861,0.040561585859557506,0.4642844777799824,0.021495306479376947
KAqBgD4Qbg,2026,gpMOglLDMz,YgOMngl5wN,104.0,0.3979,0.367,2,-0.0107,-0.0115,2,0.0083,0.0077,3,-0.0009,-0.0022,2,-0.0071,0.0578,40,0.0075,0.0019,38,3,0,2,0.367,0.0,2026-09-05,24,0.39499999999999996,87,True,0.36729230769230764,1.8461538461538463,-0.009876923076923077,1.8461538461538463,0.007661538461538462,2.769230769230769,-0.0008307692307692306,1.8461538461538463,-0.006553846153846154,36.92307692307693,0.006923076923076922,35.07692307692307,0.36461538461538456,80.3076923076923,0.0,2.769230769230769,0.33876923076923077,66.66666666666666,0.367,0.33876923076923077,0.007223609427050639,0.04640573869042975,0.19895,4.300012654988312,0.06289880186644854,0.05713179191948889,0.00683534396587721,0.028678917864907755,-0.00535,2.9299700933507515,-0.01667738250603963,-0.01668427895081293,0.017381864589308817,0.04581389016751004,0.002766666666666667,1.197010724917472,-0.0012801286194312836,-0.0013613555540494978,0.0022172949002217295,0.08221260243570114,-0.00045,1.8373177924917063,0.004328014880333482,0.004339470008971159,0.23244848951122227,0.27388216495825446,-0.0001775,33.05980596585495,-0.007922602138190585,-0.008544791392647187,0.007542675664946407,0.3687836577821413,0.00019736842105263157,26.837664906671726,0.0045808584633003375,0.004575416490261413,0.045927561946420864,0.03945625252121185,0.23785776031318395,0.041116252575417296
KAqBgD4Qbg,2026,aDQ0WDxGqE,YgOMngl5wN,100.0,0.0404,0.0107,3,0.0157,0.0149,2,0.0033,0.0028,1,0.0007,-0.0006,1,-0.0364,0.026,32,0.0086,0.0032,27,4,1,2,1.0107,0.0,2026-09-10,25,0.032299999999999995,66,True,0.038784,2.88,0.015071999999999999,1.92,0.0031680000000000002,0.96,0.000672,0.96,-0.034944,30.72,0.008256,25.92,0.031007999999999994,63.36,0.96,3.84,0.970272,50.0,0.010699999999999932,0.010271999999999934,0.010796419581442509,0.04470068598514822,0.013466666666666667,4.350613854150966,0.05781256709473985,0.057804100913297005,0.00683534396587721,0.027606333322638656,0.00785,2.933205522591648,-0.016431145574818343,-0.01670270262145149,0.005861881820464166,0.04412957699158392,0.0033,1.1143948801714307,-0.0012384104618713755,-0.0012673968812019604,0.0011098779134295228,0.0793013319140693,0.0007,1.7670165837779601,0.004170169885779778,0.004173429061643262,0.19502546663613604,0.26615186045015843,-0.0011375,31.367716832155075,-0.013484948045380333,-0.0081074461559521,0.0053709966182613885,0.3597016747647554,0.00031851851851851854,23.425357341704117,0.004012294815126794,0.003993669592500747,0.03484052771357637,0.039893653908835466,0.37269649952544953,0.026636946387035267
KAqBgD4Qbg,2026,NWMWkzjDMl,YgOMngl5wN,97.0,-0.2048,-0.2336,1,0.0008,0.0,0,-0.034,-0.0345,1,-0.0064,-0.0076,1,0.0027,0.0632,55,0.0258,0.0206,60,1,1,0,0.7664,0.0,2026-09-13,26,-0.2159,118,True,-0.20268865979381445,0.9896907216494846,0.0007917525773195877,0.0,-0.03364948453608248,0.9896907216494846,-0.006334020618556702,0.9896907216494846,0.0026721649484536085,54.43298969072165,0.025534020618556703,59.381443298969074,-0.2136742268041237,116.78350515463916,0.9896907216494846,0.9896907216494846,0.758498969072165,0.0,-0.23360000000000003,-0.23119175257731964,0.003624897134080235,0.04341788968918779,-0.2048,4.270515386077515,0.053363861814323066,0.056739878693919686,0.0,0.02680033909578664,,2.8825886937415266,-0.016414472617309984,-0.016414472617309984,0.005861881820464166,0.04286243471522076,-0.034,1.1158721691755027,-0.0014840355833631968,-0.0012690769961322325,0.0011098779134295228,0.07710572956823622,-0.0064,1.7712304117011985,0.004166157013763524,0.0041833814933731365,0.29399009087016664,0.2602452473392331,4.909090909090909e-05,37.54412305691157,-0.0063091535126428445,-0.009703828869187027,0.011857707509881422,0.352716809332854,0.00043,35.200557381535305,0.0061094844010680695,0.006001163337792164,0.03943184151583863,0.03953704504245574,0.14021430054409184,0.06780756619723177
KAqBjB97qb,2026,OlMlWEw0QL,a2lqRX2Mr0,103.0,0.1073,0.0767,5,-0.0309,-0.0317,4,-0.1087,-0.1092,1,0.2138,0.2126,6,0.0045,0.0688,33,-0.0037,-0.0092,15,6,1,4,1.0767,0.1667,2026-02-22,1,0.1823,64,True,0.10000776699029128,4.660194174757281,-0.028800000000000003,3.728155339805825,-0.1013126213592233,0.9320388349514562,0.19926990291262137,5.592233009708738,0.004194174757281554,30.75728155339806,-0.003448543689320388,13.980582524271844,0.1699106796116505,59.6504854368932,0.9320388349514562,5.592233009708738,1.003526213592233,66.66666666666666,0.07669999999999999,0.07148737864077669,0.01786544408219076,0.045980046376263226,0.02146,4.430497782538397,0.05951243416807463,0.0588654726674121,0.013577878462138824,0.028410993621519526,-0.007725,2.983738580117404,-0.017072722948544276,-0.01699045560224489,0.005861881820464166,0.045393368596699575,-0.1087,1.1129214975241135,-0.001967440314562509,-0.0012657212089557458,0.006622516556291391,0.08148651220296954,0.03563333333333333,2.1425657274883947,0.0055325149657893605,0.005060420007186824,0.19990170238138133,0.27196489736136725,0.00013636363636363634,31.37272534167487,-0.005632590357703854,-0.008108740678644668,0.0029910269192422734,0.36653740149227726,-0.0002466666666666667,19.075746707274288,0.0032283256496168184,0.003252126679129052,0.043600521162670165,0.040813101863882664,0.5946403770106061,0.01686260676183551
KAqBjB97qb,2026,zeQZLzY15K,a2lqRX2Mr0,97.0,0.2034,0.1746,2,0.0116,0.0108,2,0.0089,0.0084,1,0.0956,0.0944,4,0.0215,0.082,26,0.0053,0.0001,20,3,0,2,0.1746,0.0,2026-02-28,2,0.34630000000000005,55,True,0.20130309278350517,1.9793814432989691,0.01148041237113402,1.9793814432989691,0.008808247422680413,0.9896907216494846,0.09461443298969072,3.9587628865979383,0.021278350515463916,25.7319587628866,0.0052453608247422685,19.79381443298969,0.34272989690721656,54.43298969072165,0.0,2.9690721649484537,0.1728,66.66666666666666,0.1746,0.1728,0.007223609427050639,0.04341788968918779,0.1017,4.313485668656505,0.06006567302234523,0.05731080009345942,0.00683534396587721,0.02680033909578664,0.0058,2.9356367876218465,-0.01648590044347386,-0.01671654709858771,0.005861881820464166,0.04286243471522076,0.0089,1.1158721691755027,-0.0012034219307960146,-0.0012690769961322325,0.004424778761061947,0.07710572956823622,0.0239,2.000162887120292,0.0049147043986632775,0.00472408578264767,0.16447250288380957,0.2602452473392331,0.0008269230769230769,30.07481616420616,-0.002404428000436718,-0.007773277028932784,0.00398406374501992,0.352716809332854,0.000265,21.237335238873865,0.0036286418813316593,0.00362064487350378,0.048515268927633574,0.03989662962595815,0.27589952782564264,0.03564913606854824
KAqBjB97qb,2026,7vQ7RXa2qD,a2lqRX2Mr0,103.0,-1.1293,-1.1599,4,0.0258,0.025,1,0.0031,0.0026,1,-0.0117,-0.0129,4,0.0404,0.1047,40,0.0371,0.0316,34,4,3,1,1.8401,0.0,2026-03-08,3,-1.0346,84,True,-1.0525514563106795,3.728155339805825,0.024046601941747577,0.9320388349514562,0.0028893203883495143,0.9320388349514562,-0.01090485436893204,3.728155339805825,0.037654368932038836,37.28155339805825,0.03457864077669903,31.689320388349515,-0.9642873786407766,78.29126213592232,2.796116504854369,3.728155339805825,1.7150446601941747,25.0,-1.1599,-1.0810718446601941,0.014343606244813343,0.045980046376263226,-0.282325,4.38764259368285,0.03969188848421877,0.05829608045189729,0.0034293925216784442,0.028410993621519526,0.0258,2.904298131932961,-0.01622441072931673,-0.01653809378445886,0.005861881820464166,0.045393368596699575,0.0031,1.1129214975241135,-0.001238077876499977,-0.0012657212089557458,0.004424778761061947,0.08148651220296954,-0.002925,1.990668539692568,0.004655093557391821,0.004701661553107343,0.23244848951122227,0.27196489736136725,0.00101,33.14709826426554,0.0012061578350385565,-0.008567353366570251,0.006754072308303536,0.36653740149227726,0.0010911764705882354,25.566661467681218,0.0045177137765176735,0.004358729602107799,0.03260836504735011,0.040985303247127576,0.4737823674350384,0.021073472106295486
KAqBjB97qb,2026,KXMeXzerQ6,a2lqRX2Mr0,103.0,0.0331,0.0025,6,-0.0767,-0.0775,5,0.0005,0.0,0,-0.0003,-0.0015,2,0.0369,0.1013,31,-0.0035,-0.009,25,6,1,5,1.0025,0.0,2026-03-14,4,-0.010000000000000005,69,True,0.0308504854368932,5.592233009708738,-0.0714873786407767,4.660194174757281,0.00046601941747572817,0.0,-0.00027961165048543687,1.8640776699029125,0.03439223300970874,28.893203883495143,-0.003262135922330097,23.300970873786408,-0.009320388349514567,64.31067961165049,0.9320388349514562,5.592233009708738,0.934368932038835,83.33333333333334,0.0024999999999999467,0.002330097087378591,0.021362203846968835,0.045980046376263226,0.005516666666666666,4.473352971393942,0.058692381590947314,0.05943486488292689,0.01691493085882438,0.028410993621519526,-0.015340000000000001,3.0102187295122182,-0.01763237656014363,-0.017141242874840232,0.0,0.045393368596699575,,1.0706131151427236,-0.0012176040533289855,-0.0012176040533289855,0.0022172949002217295,0.08148651220296954,-0.00015,1.8387713518967415,0.004332662037383046,0.004342903099027863,0.19008942954436575,0.27196489736136725,0.0011903225806451615,30.865761649506105,0.0005226957142934937,-0.0079777084820945,0.004975124378109453,0.36653740149227726,-0.00014000000000000001,22.492017633804252,0.003799805828683418,0.003834549270170498,0.04849756455783465,0.04127576184186154,0.6987581316788597,0.014386157550968883
KAqBjB97qb,2026,p6qbYzeB50,a2lqRX2Mr0,98.0,-0.2302,-0.2593,10,0.037,0.0362,4,0.0005,0.0,0,-0.0223,-0.0235,3,0.0039,0.0651,24,0.006,0.0007,15,10,6,4,5.7407,0.2,2026-03-21,5,-0.20509999999999998,56,True,-0.22550204081632652,9.795918367346939,0.03624489795918367,3.9183673469387754,0.0004897959183673469,0.0,-0.021844897959183672,2.9387755102040813,0.003820408163265306,23.51020408163265,0.005877551020408163,14.693877551020408,-0.2009142857142857,54.857142857142854,5.877551020408163,9.795918367346939,5.623542857142858,40.0,-0.25929999999999964,-0.2540081632653058,0.03510374418555889,0.04384587107573929,-0.02302,4.6551642446733705,0.05591751965984332,0.06185048657221837,0.013577878462138824,0.027069152256985234,0.00925,2.987859359399049,-0.016407646499676052,-0.01701392076702105,0.0,0.043285188593004446,,1.0729774871120652,-0.0012202930442004117,-0.0012202930442004117,0.0033222591362126247,0.07783875962203923,-0.0074333333333333335,1.9223239981214013,0.004477685426185007,0.004540241961114632,0.1537661802406755,0.2622246548359651,0.0001625,29.48059685791617,-0.005711409554178634,-0.007619692340051801,0.0029910269192422734,0.35506196896711517,0.0004,19.421311614692797,0.003324372731912886,0.0033110402761709935,0.04038022871988611,0.043847862658230735,1.2775505942794203,0.007920150118612867
KAqBjB97qb,2026,KAqBrojJqb,a2lqRX2Mr0,102.0,-0.349,-0.3792,6,-0.0146,-0.0154,4,0.0005,0.0,0,-0.0056,-0.0068,2,0.027,0.0907,35,0.003,-0.0025,17,6,2,4,1.6208,0.1667,2026-04-04,6,-0.33869999999999995,64,True,-0.3284705882352941,5.647058823529411,-0.013741176470588236,3.764705882352941,0.00047058823529411766,0.0,-0.005270588235294117,1.8823529411764706,0.02541176470588235,32.94117647058823,0.002823529411764706,16.0,-0.3187764705882353,60.23529411764706,1.8823529411764706,5.647058823529411,1.5254588235294118,66.66666666666666,-0.3792,-0.3568941176470588,0.021362203846968835,0.04555397382726262,-0.058166666666666665,4.475350804768246,0.05263025365455918,0.059461408944488696,0.013577878462138824,0.028142921531641923,-0.00365,2.9845618263990823,-0.016912298128230377,-0.016995143455762547,0.0,0.04497247620439232,,1.0710851555627712,-0.0012181409030281492,-0.0012181409030281492,0.0022172949002217295,0.08075927219536061,-0.0028,1.8402272130351027,0.004325279590352759,0.004346341625434651,0.2094790648483472,0.2700374781153283,0.0007714285714285715,31.964088159625984,-0.0013656204762179862,-0.00826158706624837,0.0033884791708192145,0.3642751009820834,0.00017647058823529413,19.82956669694744,0.003381043792227422,0.0033806416011028266,0.04084051752966285,0.0407135207459871,0.7109133982442055,0.014143660627146224
KAqBjB97qb,2026,315V9ze6M9,a2lqRX2Mr0,100.0,-0.3498,-0.3795,7,-0.0685,-0.0693,5,0.0028,0.0023,1,-0.0046,-0.0058,2,-0.0027,0.0597,38,0.0025,-0.0028,23,7,2,5,1.6205,0.2857,2026-04-11,7,-0.42029999999999995,76,True,-0.335808,6.720000000000001,-0.06576000000000001,4.800000000000001,0.002688,0.96,-0.004416,1.92,-0.002592,36.480000000000004,0.0024000000000000002,22.080000000000002,-0.40348799999999996,72.96000000000001,1.92,6.720000000000001,1.5556800000000002,71.42857142857143,-0.37949999999999995,-0.3643199999999999,0.024834152450295324,0.04470068598514822,-0.04997142857142857,4.522264488333935,0.0529804493192483,0.060084724042071574,0.01691493085882438,0.027606333322638656,-0.0137,3.0127117625608473,-0.017563405427776815,-0.01715543908077125,0.005861881820464166,0.04412957699158392,0.0028,1.1143948801714307,-0.001241676687415823,-0.0012673968812019604,0.0022172949002217295,0.0793013319140693,-0.0023,1.8431458624154669,0.004334182997961624,0.004353235039031662,0.2234227794155382,0.26615186045015843,-7.105263157894737e-05,32.90075154834799,-0.0071260573783309255,-0.008503681447262762,0.004578936890304599,0.3597016747647554,0.00010869565217391305,22.044102910607457,0.0037519496585331985,0.0037581865755071473,0.03513544248221956,0.041269628247374415,0.8632766901866797,0.011676534988199627
KAqBjB97qb,2026,XVqKw7WRq0,a2lqRX2Mr0,100.0,-0.6609,-0.6906,6,0.0432,0.0424,2,0.0005,0.0,0,0.0232,0.0219,2,0.0219,0.0844,30,0.0127,0.0073,21,6,4,2,3.3094,0.0,2026-04-18,8,-0.5594,61,True,-0.634464,5.76,0.041472,1.92,0.00048000000000000007,0.0,0.022271999999999997,1.92,0.021023999999999998,28.799999999999997,0.012192,20.16,-0.537024,58.56,3.84,5.76,3.177024,33.33333333333333,-0.6905999999999999,-0.6629759999999999,0.021362203846968835,0.04470068598514822,-0.11015000000000001,4.479351829788193,0.047703081638887444,0.059514568259877935,0.00683534396587721,0.027606333322638656,0.0216,2.933205522591648,-0.016155465380612383,-0.01670270262145149,0.0,0.04412957699158392,,1.0720304862595103,-0.001219216023883485,-0.001219216023883485,0.0022172949002217295,0.0793013319140693,0.0116,1.8431458624154669,0.004390989489064894,0.004353235039031662,0.1850924842280916,0.26615186045015843,0.00073,30.85670526009077,-0.0023299058114375736,-0.007975367725515211,0.0041824337781318464,0.3597016747647554,0.0006047619047619047,21.353475695059124,0.00367923012873511,0.0036404450670103473,0.03606871404075401,0.04161096199506975,0.7378655511201263,0.013634076239670681
KAqBjB97qb,2026,Xj5YPz60Mb,a2lqRX2Mr0,103.0,-0.7836,-0.8141,5,0.0218,0.0209,1,0.0063,0.0058,3,0.0115,0.0102,2,-0.0086,0.0557,34,-0.0019,-0.0074,15,5,4,1,3.1859,0.0,2026-04-22,9,-0.7545000000000001,60,True,-0.7303456310679611,4.660194174757281,0.020318446601941747,0.9320388349514562,0.005871844660194175,2.796116504854369,0.010718446601941748,1.8640776699029125,-0.008015533980582523,31.689320388349515,-0.0017708737864077669,13.980582524271844,-0.7032233009708738,55.922330097087375,3.728155339805825,4.660194174757281,2.969382524271845,20.0,-0.8140999999999998,-0.7587728155339805,0.01786544408219076,0.045980046376263226,-0.15672,4.430497782538397,0.04540898641274702,0.0588654726674121,0.0034293925216784442,0.028410993621519526,0.0218,2.904298131932961,-0.016264250642494232,-0.01653809378445886,0.017381864589308817,0.045393368596699575,0.0021,1.1975382622868933,-0.0012945697531575944,-0.0013619555202092663,0.0022172949002217295,0.08148651220296954,0.00575,1.8387713518967415,0.004356716917596329,0.004342903099027863,0.20471921699935186,0.27196489736136725,-0.0002529411764705882,31.62620718775925,-0.008138495047655363,-0.00817425677691975,0.0029910269192422734,0.36653740149227726,-0.00012666666666666666,19.075746707274288,0.0032351723782455513,0.003252126679129052,0.027303560265281714,0.040386196363981136,0.5820890154188294,0.0172199474610703
KAqBjB97qb,2026,gOMnGzRm5w,a2lqRX2Mr0,101.0,0.4169,0.3869,5,-0.0785,-0.0794,3,0.0126,0.0121,2,0.0124,0.0112,1,0.0016,0.0647,25,0.0091,0.0037,16,5,2,3,2.3869,0.2,2026-04-25,10,0.3741,52,True,0.39626138613861384,4.752475247524753,-0.07461386138613862,2.8514851485148514,0.011976237623762378,1.900990099009901,0.011786138613861385,0.9504950495049505,0.001520792079207921,23.762376237623762,0.00864950495049505,15.207920792079207,0.355580198019802,49.42574257425743,1.900990099009901,4.752475247524753,2.268736633663366,60.0,0.3868999999999998,0.3677465346534652,0.01786544408219076,0.04512752053375302,0.08338,4.434456938571193,0.0644711370781701,0.05891807569367997,0.010218093855726062,0.027874701472863753,-0.026166666666666668,2.958890761335154,-0.017467927952698737,-0.01684896339356224,0.011655440824251158,0.044551212499878944,0.0063,1.156249026279085,-0.0012147680306640598,-0.001314997435714605,0.0011098779134295228,0.08003087967968145,0.0124,1.7656164264353034,0.004189793044435384,0.004170122099276093,0.15915342051963938,0.2680998263788889,6.4e-05,29.500659775093528,-0.006110864118716044,-0.0076248778950482685,0.003189792663476874,0.3619965837381058,0.00056875,19.556562373803317,0.0033589428141848243,0.0033340984876698934,0.047226312834711466,0.040633457556300843,0.6035646338652833,0.016617420856970506
KAqBjB97qb,2026,9vQ2Grj1MK,a2lqRX2Mr0,97.0,-0.4707,-0.4995,6,0.1435,0.1427,4,0.0021,0.0016,1,0.0039,0.0027,3,0.0394,0.1,36,-0.0076,-0.0128,27,6,2,4,1.5005,0.3333,2026-05-02,11,-0.28940000000000005,77,True,-0.4658474226804124,5.938144329896907,0.14202061855670103,3.9587628865979383,0.0020783505154639173,0.9896907216494846,0.003859793814432989,2.9690721649484537,0.03899381443298969,35.628865979381445,-0.007521649484536083,26.721649484536083,-0.28641649484536086,76.20618556701031,1.9793814432989691,5.938144329896907,1.4850309278350515,66.66666666666666,-0.49950000000000006,-0.49435051546391756,0.021362203846968835,0.04341788968918779,-0.07845,4.485366798972465,0.05080454739489918,0.059594485691618355,0.013577878462138824,0.02680033909578664,0.035875,2.9886848815021665,-0.015331737301495165,-0.01701862157986543,0.005861881820464166,0.04286243471522076,0.0021,1.1158721691755027,-0.001247901484116687,-0.0012690769961322325,0.0033222591362126247,0.07710572956823622,0.0013,1.9238520619805939,0.004537064164609377,0.004543851019556159,0.21418227519501587,0.2602452473392331,0.0010944444444444443,32.6504392306563,0.001022105442387118,-0.008438984560054937,0.0053709966182613885,0.352716809332854,-0.00028148148148148146,23.680899113839615,0.003979749988165119,0.004037235604754247,0.043763828204448935,0.04144888917987616,0.7911142487897188,0.012728067697514635
KAqBjB97qb,2026,BLMvVGPRMx,a2lqRX2Mr0,102.0,-0.0131,-0.0433,3,-0.0219,-0.0228,2,0.0074,0.0069,3,0.0012,0.0,0,0.007,0.0707,41,0.0146,0.0092,13,4,1,2,0.9567,0.0,2026-05-09,12,-0.004800000000000004,62,True,-0.012329411764705882,2.8235294117647056,-0.02061176470588235,1.8823529411764706,0.0069647058823529414,2.8235294117647056,0.0011294117647058823,0.0,0.0065882352941176465,38.58823529411765,0.013741176470588236,12.235294117647058,-0.0045176470588235325,58.35294117647058,0.9411764705882353,3.764705882352941,0.9004235294117647,50.0,-0.043300000000000005,-0.040752941176470596,0.010796419581442509,0.04555397382726262,-0.004366666666666667,4.346727819844211,0.0569240257965522,0.057752469413294795,0.00683534396587721,0.028142921531641923,-0.01095,2.9315869152806973,-0.01679880052007385,-0.016693485702838906,0.017381864589308817,0.04497247620439232,0.002466666666666667,1.1980662648457614,-0.0012875048414963785,-0.0013625560154271492,0.0,0.08075927219536061,,1.6882097594908945,0.0039872991216331555,0.0039872991216331555,0.23688312364197092,0.2700374781153283,0.0001707317073170732,33.48900568310078,-0.005250918062416838,-0.008655724350131467,0.002593257530420906,0.3642751009820834,0.001123076923076923,18.458178081485475,0.0031924380975984065,0.0031468405566542246,0.0407665395917967,0.038174843023184656,0.35581572909070625,0.027865454232933688
KAqBjB97qb,2026,Oa5wP6O4q1,a2lqRX2Mr0,108.0,-0.0109,-0.043,4,0.0158,0.0149,2,0.0681,0.0676,3,0.0013,0.0,0,0.0171,0.0845,48,0.0075,0.0017,30,4,2,2,1.957,0.0,2026-05-13,13,0.09889999999999999,87,True,-0.00968888888888889,3.5555555555555554,0.014044444444444446,1.7777777777777777,0.06053333333333333,2.6666666666666665,0.0011555555555555555,0.0,0.015200000000000002,42.666666666666664,0.006666666666666666,26.666666666666668,0.0879111111111111,77.33333333333334,1.7777777777777777,3.5555555555555554,1.7395555555555555,50.0,-0.04299999999999993,-0.03822222222222216,0.014343606244813343,0.048104715760470984,-0.002725,4.377871005727866,0.05716082229115206,0.05816625098985618,0.00683534396587721,0.02974913881707011,0.0079,2.9267417938308644,-0.016393936982280616,-0.016665895879310322,0.017381864589308817,0.04749227801976034,0.022699999999999998,1.1949052150604196,-0.0008638679398919211,-0.0013589609660325844,0.0,0.08510551998018141,,1.6802277611899452,0.003968446834685206,0.003968446834685206,0.26654652021192005,0.28145130618479425,0.00035625,34.71661801089846,-0.0032846990611744543,-0.00897301874874068,0.005964214711729622,0.3776116065626405,0.00025,23.77708556512265,0.004064910109515908,0.00405363394182532,0.04465167525200618,0.03919045617228311,0.42281001855374567,0.023554168583680923
KAqBjB97qb,2026,315V9zknM9,a2lqRX2Mr0,103.0,0.4712,0.4406,4,-0.0021,-0.0029,3,-0.1363,-0.1368,1,-0.0108,-0.0121,2,-0.1909,-0.1266,33,0.1173,0.1118,31,5,1,3,1.4406,0.2,2026-05-16,14,0.2484,74,True,0.43917669902912626,3.728155339805825,-0.0019572815533980582,2.796116504854369,-0.1270368932038835,0.9320388349514562,-0.01006601941747573,1.8640776699029125,-0.17792621359223298,30.75728155339806,0.10932815533980583,28.893203883495143,0.23151844660194176,68.97087378640776,0.9320388349514562,4.660194174757281,1.342695145631068,60.0,0.4406000000000001,0.4106563106796118,0.014343606244813343,0.045980046376263226,0.1178,4.38764259368285,0.06487360239413545,0.05829608045189729,0.010218093855726062,0.028410993621519526,-0.0007,2.9572584307225895,-0.01668875129909842,-0.016839668329649546,0.005861881820464166,0.045393368596699575,-0.1363,1.1129214975241135,-0.002147497589075263,-0.0012657212089557458,0.0022172949002217295,0.08148651220296954,-0.0054,1.8387713518967415,0.004311257271091565,0.004342903099027863,0.19990170238138133,0.27196489736136725,-0.005784848484848485,31.37272534167487,-0.0427672424573947,-0.008108740678644668,0.006161796859471278,0.36653740149227726,0.0037838709677419356,24.54178018972223,0.004730424357032646,0.004184002824795366,0.012311792676691271,0.040608856158470555,0.4696789221908628,0.02125367170289508
KAqBjB97qb,2026,aDQ0WDL3qE,a2lqRX2Mr0,101.0,0.5327,0.5027,8,-0.0328,-0.0336,7,0.0157,0.0152,3,0.2984,0.2972,1,-0.0223,0.0407,36,-0.0036,-0.009,19,8,1,7,1.5027,0.375,2026-05-24,15,0.7880999999999999,74,True,0.5063287128712871,7.603960396039604,-0.03117623762376238,6.653465346534654,0.014922772277227722,2.8514851485148514,0.2836277227722772,0.9504950495049505,-0.021196039603960395,34.21782178217822,-0.003421782178217822,18.05940594059406,0.7490851485148514,70.33663366336634,0.9504950495049505,7.603960396039604,1.4283089108910891,87.5,0.5026999999999999,0.47781386138613857,0.028281553028987088,0.04512752053375302,0.0665875,4.5631373931624895,0.06750642186275593,0.060627778791247984,0.023521755654127043,0.027874701472863753,-0.004685714285714286,3.0648698243606955,-0.017379731637043542,-0.017452445406732485,0.017381864589308817,0.044551212499878944,0.005233333333333333,1.1985947332096631,-0.0012304325499140943,-0.0013631570404032509,0.0011098779134295228,0.08003087967968145,0.2984,1.7656164264353034,0.004750243985568011,0.004170122099276093,0.21418227519501587,0.2680998263788889,-0.0006194444444444445,32.3037629103025,-0.010846961669933233,-0.008349380984000883,0.003785614664275752,0.3619965837381058,-0.00018947368421052632,20.588790256145636,0.003482022136956175,0.003510077750061033,0.04628156212838925,0.04114299520944849,0.9652879978532949,0.010455464490675902
KAqBjB97qb,2026,7VqGXP0jQv,a2lqRX2Mr0,104.0,0.6825,0.6516,9,-0.0289,-0.0297,6,-0.2533,-0.2538,2,0.2563,0.2551,4,-0.0195,0.0454,31,0.0066,0.0011,12,9,3,6,3.6516,0.1111,2026-07-22,17,0.6436999999999999,64,True,0.63,8.307692307692307,-0.026676923076923077,5.538461538461538,-0.23381538461538462,1.8461538461538463,0.23658461538461537,3.6923076923076925,-0.018000000000000002,28.615384615384613,0.006092307692307693,11.076923076923077,0.5941846153846153,59.07692307692308,2.769230769230769,8.307692307692307,3.3707076923076924,66.66666666666666,0.6516000000000002,0.6014769230769232,0.031704665012010046,0.04640573869042975,0.07583333333333334,4.599865120372627,0.07023742397918531,0.06111575895247172,0.020229480976184842,0.028678917864907755,-0.004816666666666666,3.0358614823904113,-0.017233359680600725,-0.017287261717509463,0.011655440824251158,0.04581389016751004,-0.12665,1.1547209801474627,-0.003002507722374614,-0.0013132595949043055,0.004424778761061947,0.08221260243570114,0.064075,1.9890949046806932,0.005241101106463204,0.004697944862414528,0.19008942954436575,0.27388216495825446,-0.0006290322580645161,30.784477210817144,-0.01012518819393677,-0.007956699327570637,0.0023942537909018356,0.3687836577821413,0.00055,17.98685711990034,0.0030828313081498436,0.003066487451891135,0.04820030079688625,0.04232297062679297,1.0283018887915918,0.009821050599018286
KAqBjB97qb,2026,a35ro3y2qL,a2lqRX2Mr0,100.0,-0.4771,-0.5068,3,-0.0976,-0.0984,1,0.0005,0.0,0,-0.0211,-0.0223,3,0.0055,0.0679,25,0.0132,0.0078,19,3,2,1,1.4932,0.0,2026-07-25,18,-0.5766000000000001,51,True,-0.458016,2.88,-0.093696,0.96,0.00048000000000000007,0.0,-0.020256,2.88,0.00528,24.0,0.012672000000000001,18.240000000000002,-0.5535360000000001,48.96,1.92,2.88,1.433472,33.33333333333333,-0.5067999999999999,-0.48652799999999996,0.010796419581442509,0.04470068598514822,-0.15903333333333333,4.350613854150966,0.04971006052016163,0.057804100913297005,0.0034293925216784442,0.027606333322638656,-0.0976,2.906703442601915,-0.017467926841854865,-0.016551790468344908,0.0,0.04412957699158392,,1.0720304862595103,-0.001219216023883485,-0.001219216023883485,0.0033222591362126247,0.0793013319140693,-0.007033333333333333,1.9192751410529734,0.004473134229570142,0.004533041016420061,0.15915342051963938,0.26615186045015843,0.00021999999999999998,29.57917632993001,-0.005392738471363929,-0.007645171649422992,0.003785614664275752,0.3597016747647554,0.0006947368421052632,20.662848479510796,0.003563711375273417,0.0035227035585135478,0.03366702478790291,0.040443667346579226,0.3759070822488904,0.026415452642621726
KAqBjB97qb,2026,BLMvVG7WMx,a2lqRX2Mr0,103.0,0.6255,0.595,7,-0.155,-0.1558,5,-0.0115,-0.012,1,-0.0142,-0.0155,3,0.0026,0.0669,31,0.0054,-0.0001,21,7,2,5,2.595,0.1429,2026-08-01,19,0.4527999999999999,68,True,0.5829902912621359,6.524271844660194,-0.14446601941747572,4.660194174757281,-0.010718446601941748,0.9320388349514562,-0.01323495145631068,2.796116504854369,0.0024233009708737865,28.893203883495143,0.005033009708737865,19.57281553398058,0.4220271844660193,63.37864077669903,1.8640776699029125,6.524271844660194,2.4186407766990294,71.42857142857143,0.5950000000000002,0.5545631067961168,0.024834152450295324,0.045980046376263226,0.08935714285714284,4.516208160249489,0.06853605998985501,0.06000425709844169,0.01691493085882438,0.028410993621519526,-0.031,3.0102187295122182,-0.018429746828846752,-0.017141242874840232,0.005861881820464166,0.045393368596699575,-0.0115,1.1129214975241135,-0.0013333255651915062,-0.0012657212089557458,0.0033222591362126247,0.08148651220296954,-0.004733333333333333,1.9147199457946547,0.004477148472016122,0.0045222823260676025,0.19008942954436575,0.27196489736136725,8.387096774193548e-05,30.865761649506105,-0.005969138070776162,-0.0079777084820945,0.0041824337781318464,0.36653740149227726,0.00025714285714285715,21.125509263192267,0.0036092369884068586,0.00360158023375392,0.05089023498546357,0.04174344709237273,0.8161847212902147,0.012341929155858071
KAqBjB97qb,2026,KAqBroNBqb,a2lqRX2Mr0,101.0,-0.7538,-0.7837,3,0.0221,0.0213,1,0.0005,0.0,0,0.0404,0.0392,3,-0.003,0.0601,29,0.0031,-0.0023,18,3,2,1,1.2163,0.3333,2026-08-15,20,-0.6907000000000001,54,True,-0.7164831683168317,2.8514851485148514,0.021005940594059407,0.9504950495049505,0.00047524752475247524,0.0,0.0384,2.8514851485148514,-0.0028514851485148514,27.56435643564356,0.0029465346534653463,17.10891089108911,-0.6565069306930694,51.32673267326733,1.900990099009901,2.8514851485148514,1.1560871287128713,33.33333333333333,-0.7837000000000001,-0.7449029702970298,0.010796419581442509,0.04512752053375302,-0.2512666666666667,4.348669968843663,0.04535748865953534,0.057778273628634635,0.0034293925216784442,0.027874701472863753,0.0221,2.9059012298223834,-0.016270238447855682,-0.01654722238697712,0.0,0.044551212499878944,,1.0715576124179291,-0.0012186782263373136,-0.0012186782263373136,0.0033222591362126247,0.08003087967968145,0.013466666666666667,1.9177543363214304,0.004600200961068804,0.004529449102953049,0.18003349632311236,0.2680998263788889,-0.00010344827586206896,30.51997000607861,-0.007036577937753756,-0.00788833356375831,0.0035870864886408927,0.3619965837381058,0.0001722222222222222,20.24471429536486,0.0034515441598184328,0.003451417995930653,0.028883739168475822,0.0401049065504456,0.3684995544744513,0.02693215150037954
KAqBjB97qb,2026,gOMnGzY85w,a2lqRX2Mr0,103.0,-0.1217,-0.1522,3,-0.0166,-0.0174,2,0.0086,0.008,1,0.0067,0.0054,2,-0.0474,0.0169,32,-0.002,-0.0075,19,3,1,2,0.8478,0.3333,2026-08-19,21,-0.1724,59,True,-0.11342912621359225,2.796116504854369,-0.015471844660194174,1.8640776699029125,0.008015533980582523,0.9320388349514562,0.006244660194174757,1.8640776699029125,-0.04417864077669903,29.8252427184466,-0.0018640776699029127,17.70873786407767,-0.16068349514563107,54.99029126213592,0.9320388349514562,2.796116504854369,0.7901825242718447,66.66666666666666,-0.1522,-0.14185631067961166,0.010796419581442509,0.045980046376263226,-0.04056666666666667,4.344787404827303,0.055200539492786437,0.05772668823638249,0.00683534396587721,0.028410993621519526,-0.0083,2.9307782813277754,-0.01674107969904059,-0.016688881057054204,0.005861881820464166,0.045393368596699575,0.0086,1.1129214975241135,-0.0012021968978833052,-0.0012657212089557458,0.0022172949002217295,0.08148651220296954,0.00335,1.8387713518967415,0.004346931881577366,0.004342903099027863,0.19502546663613604,0.27196489736136725,-0.00148125,31.11924349559049,-0.015464363836008674,-0.008043224580369584,0.003785614664275752,0.36653740149227726,-0.00010526315789473685,20.442255077886273,0.0034637565386675395,0.0034850957155456302,0.029603587480098774,0.03955686020457645,0.3533855278581051,0.028051707013512454
KAqBjB97qb,2026,9Yqdezw7Qv,a2lqRX2Mr0,99.0,-0.1817,-0.2111,5,0.0655,0.0647,4,0.0005,0.0,0,0.0012,0.0,0,-0.0332,0.0286,26,0.0117,0.0064,13,5,1,4,0.7889,0.2,2026-08-22,22,-0.136,48,True,-0.1761939393939394,4.848484848484849,0.06351515151515151,3.878787878787879,0.0004848484848484849,0.0,0.0011636363636363637,0.0,-0.03219393939393939,25.212121212121215,0.011345454545454546,12.606060606060607,-0.13187878787878787,46.54545454545455,0.9696969696969697,4.848484848484849,0.7649939393939396,80.0,-0.21109999999999995,-0.20470303030303028,0.01786544408219076,0.04427346966994863,-0.03634,4.438423176849426,0.05503567523819237,0.05897077281766453,0.013577878462138824,0.027337816958284907,0.016375,2.9870342932145606,-0.0161141428805621,-0.0170092225503375,0.0,0.04370756918706364,,1.0725037776398014,-0.0012197542962947765,-0.0012197542962947765,0.0,0.07857062614795715,,1.6922292654870246,0.003996792594015759,0.003996792594015759,0.16447250288380957,0.2641934977551204,-0.001276923076923077,29.914299580837195,-0.012742685789530351,-0.007731789165351102,0.002593257530420906,0.3573901965395055,0.0009,18.658080260040123,0.003216218598078054,0.003180920858624563,0.032172103463898954,0.04018772025832148,0.6243322366334998,0.016073548653029006
KAqBjB97qb,2026,e7Mzyo0JQr,a2lqRX2Mr0,98.0,-0.6433,-0.6724,4,-0.0009,-0.0016,1,0.0015,0.001,4,-0.0308,-0.032,3,0.006,0.0672,36,-0.0085,-0.0138,21,7,3,1,2.3276,0.1429,2026-08-29,23,-0.676,69,True,-0.6301714285714286,3.9183673469387754,-0.0008816326530612245,0.9795918367346939,0.0014693877551020407,3.9183673469387754,-0.030171428571428575,2.9387755102040813,0.005877551020408163,35.26530612244898,-0.0083265306122449,20.57142857142857,-0.6622040816326531,67.59183673469389,2.9387755102040813,6.857142857142857,2.2800979591836734,14.285714285714285,-0.6724000000000001,-0.6586775510204083,0.014343606244813343,0.04384587107573929,-0.160825,4.397457900391474,0.04744434225681611,0.058426490779841925,0.0034293925216784442,0.027069152256985234,-0.0009,2.9083091976642352,-0.016513116618267484,-0.01656093420173906,0.023042313329041816,0.043285188593004446,0.000375,1.2425847567009807,-0.001369886618372229,-0.0014131867198004858,0.0033222591362126247,0.07783875962203923,-0.010266666666666667,1.9223239981214013,0.004459590460532702,0.004540241961114632,0.21418227519501587,0.2622246548359651,0.00016666666666666666,32.56307443313078,-0.005451353761046238,-0.008416403847673035,0.0041824337781318464,0.35506196896711517,-0.0004047619047619048,21.508206452703597,0.0036150770494414505,0.0036668243240187007,0.032184652769104316,0.040243032295762676,0.5213523762414928,0.019187549173676603
KAqBjB97qb,2026,gjMNWr735K,a2lqRX2Mr0,101.0,1.5281,1.4982,6,-0.2012,-0.202,6,0.0037,0.0032,2,0.0045,0.0033,2,-0.0112,0.0519,34,-0.0273,-0.0327,25,6,0,6,1.4982,0.1667,2026-09-06,24,1.2965999999999998,75,True,1.4524514851485149,5.702970297029703,-0.19123960396039602,5.702970297029703,0.003516831683168317,1.900990099009901,0.0042772277227722776,1.900990099009901,-0.010645544554455445,32.31683168316832,-0.02594851485148515,23.762376237623762,1.2324118811881184,71.2871287128713,0.0,5.702970297029703,1.4240316831683169,100.0,1.4982,1.4240316831683169,0.021362203846968835,0.04512752053375302,0.2546833333333333,4.477350423434959,0.08257664299012561,0.05948797672620264,0.020229480976184842,0.027874701472863753,-0.03353333333333333,3.03837505860431,-0.019012690988047073,-0.017301574903439924,0.011655440824251158,0.044551212499878944,0.00185,1.156249026279085,-0.0012747388655263878,-0.001314997435714605,0.0022172949002217295,0.08003087967968145,0.00225,1.841685381378367,0.0043493288527930345,0.004349785601114571,0.20471921699935186,0.2680998263788889,-0.0003294117647058823,31.794107794809964,-0.0086794382887193,-0.008217653149645864,0.004975124378109453,0.3619965837381058,-0.001092,22.65324602083028,0.0037197507975816717,0.0038620362748433136,0.061678854498207564,0.040865573113360136,0.7293140323541785,0.013791736790176857
KAqBjB97qb,2026,xW5pOJ7RMg,a2lqRX2Mr0,103.0,0.2712,0.2407,8,0.0767,0.0758,6,0.0021,0.0016,2,-0.0242,-0.0255,4,-0.0024,0.0619,32,-0.0035,-0.009,21,8,2,6,2.2407,0.125,2026-09-10,25,0.31989999999999996,73,True,0.25276893203883494,7.45631067961165,0.0714873786407767,5.592233009708738,0.0019572815533980582,1.8640776699029125,-0.02255533980582524,3.728155339805825,-0.002236893203883495,29.8252427184466,-0.003262135922330097,19.57281553398058,0.29815922330097083,68.03883495145631,1.8640776699029125,7.45631067961165,2.0884194174757282,75.0,0.24069999999999991,0.22434174757281544,0.028281553028987088,0.045980046376263226,0.0339,4.559063349105036,0.06323151002312521,0.0605736493139565,0.020229480976184842,0.028410993621519526,0.012783333333333334,3.036698878907033,-0.016156930419722416,-0.017292030147435578,0.011655440824251158,0.045393368596699575,0.00105,1.1552298799055034,-0.001284387050092656,-0.001313838364582506,0.004424778761061947,0.08148651220296954,-0.00605,1.990668539692568,0.00462756772028324,0.004701661553107343,0.19502546663613604,0.27196489736136725,-7.5e-05,31.11924349559049,-0.0069297693271305975,-0.008043224580369584,0.0041824337781318464,0.36653740149227726,-0.00016666666666666666,21.125509263192267,0.0035717908556758466,0.00360158023375392,0.047059781802138635,0.042227798008430094,0.9349470167996293,0.010791104684710917
KAqBjB97qb,2026,XVqKw7bWq0,a2lqRX2Mr0,100.0,0.5549,0.5253,3,-0.019,-0.0198,3,0.0215,0.021,4,-0.2166,-0.2179,5,-0.0348,0.0276,24,0.0065,0.0011,15,4,0,3,0.5253,0.25,2026-09-12,26,0.3124999999999999,54,True,0.532704,2.88,-0.01824,2.88,0.02064,3.84,-0.207936,4.800000000000001,-0.033408,23.04,0.006239999999999999,14.399999999999999,0.2999999999999999,51.84,0.0,3.84,0.504288,75.0,0.5253,0.504288,0.010796419581442509,0.04470068598514822,0.18496666666666664,4.350613854150966,0.06586810261671182,0.057804100913297005,0.010218093855726062,0.027606333322638656,-0.006333333333333333,2.959707602581381,-0.016872939234085046,-0.016853614774558077,0.023042313329041816,0.04412957699158392,0.005375,1.2414880619071924,-0.0012256437834486731,-0.0014119394531573873,0.0055248618784530384,0.0793013319140693,-0.04332,2.071533698327986,0.0043698270442202565,0.004892652971196861,0.1537661802406755,0.26615186045015843,-0.00145,29.323670543897858,-0.01295175196500692,-0.007579132434204549,0.0029910269192422734,0.3597016747647554,0.0004333333333333333,19.281594048414135,0.0033023794753568162,0.0032872205415199482,0.04248997415374826,0.040139287764093805,0.38662036810526074,0.025702291452283275
KPqjonZyQ6,2026,OlMlWEw0QL,jYQJ8EW5GR,103.0,2.7844,2.7539,13,-0.0421,-0.0429,11,0.0104,0.0099,3,0.1087,0.1074,4,-0.0724,-0.0081,46,0.0072,0.0017,30,13,2,11,4.7539,0.0,2026-02-22,1,2.7962000000000002,107,True,2.595168932038835,12.116504854368932,-0.03923883495145631,10.252427184466018,0.009693203883495146,2.796116504854369,0.1013126213592233,3.728155339805825,-0.06747961165048544,42.87378640776699,0.006710679611650484,27.961165048543688,2.6061669902912623,99.72815533980582,1.8640776699029125,12.116504854368932,4.430819417475728,84.61538461538461,2.7539,2.5667417475728156,0.045159289398433285,0.045980046376263226,0.2141846153846154,4.773339293382767,0.10672634715507018,0.06342061039153049,0.036472531471705406,0.028410993621519526,-0.0038272727272727273,3.169099625881104,-0.01783016007564619,-0.01804596651041229,0.017381864589308817,0.045393368596699575,0.0034666666666666665,1.1975382622868933,-0.0012661219743396255,-0.0013619555202092663,0.004424778761061947,0.08148651220296954,0.027175,1.990668539692568,0.0049202224204216724,0.004701661553107343,0.2583092245759804,0.27196489736136725,-0.001573913043478261,34.667989340771825,-0.02074037108838954,-0.00896044995622075,0.005964214711729622,0.36653740149227726,0.00024,24.200153097069233,0.0041357940220188875,0.004125760565691221,0.07594571045913537,0.04387966052348674,1.5128055606495074,0.006696743118938157
KPqjonZyQ6,2026,NWMWkzEKMl,jYQJ8EW5GR,106.0,-1.6636,-1.695,8,0.044,0.0432,4,0.0054,0.0049,2,0.0013,0.0,0,-0.0237,0.0424,32,0.0146,0.0089,16,8,4,4,2.305,0.0,2026-03-02,2,-1.6219999999999999,62,True,-1.506656603773585,7.245283018867925,0.03984905660377358,3.6226415094339623,0.00489056603773585,1.8113207547169812,0.0011773584905660378,0.0,-0.021464150943396224,28.9811320754717,0.013222641509433962,14.49056603773585,-1.4689811320754718,56.15094339622641,3.6226415094339623,7.245283018867925,2.087547169811321,50.0,-1.6949999999999998,-1.5350943396226413,0.028281553028987088,0.047255984648415836,-0.20795,4.552965904926645,0.03200513972720625,0.060492636084463695,0.013577878462138824,0.029214323301186104,0.011,2.981271563979882,-0.016300631174823228,-0.016976407545744934,0.011655440824251158,0.046653822803158336,0.0027,1.1537045245249178,-0.0012605037142761177,-0.0013121035839526978,0.0,0.08366134446616015,,1.6828800274825964,0.003974711091244304,0.003974711091244304,0.19502546663613604,0.2776865643339975,-0.000740625,30.87467568961982,-0.010883267682677607,-0.007980012446410445,0.003189792663476874,0.37322871560620957,0.0009125,19.212266588121835,0.0033208742774637756,0.003275401256714344,0.010856322524137377,0.04147422485631426,0.8699825829511356,0.011587574280824272
KPqjonZyQ6,2026,0Oq6oe8AQ6,jYQJ8EW5GR,16.0,-1.3652,-1.37,5,0.0001,0.0,0,0.0011,0.001,1,0.0002,0.0,0,-0.0033,0.0067,9,0.0032,0.0023,6,5,5,0,3.63,0.2,2026-03-07,3,-1.3639,21,True,-8.1912,30.0,0.0006000000000000001,0.0,0.0066,6.0,0.0012000000000000001,0.0,-0.019799999999999998,54.0,0.019200000000000002,36.0,-8.183399999999999,126.0,30.0,30.0,21.78,0.0,-1.37,-8.22,0.01786544408219076,0.007431138425241169,-0.27304,4.609520087624941,0.03766473626402937,0.06124403894239426,0.0,0.004521872479508069,,2.9485768548166296,-0.016790232386778865,-0.016790232386778865,0.005861881820464166,0.007332541147508283,0.0011,1.157294448316936,-0.0013010087453670814,-0.001316186390055555,0.0,0.013593734133101254,,1.8115610356348095,0.004278636399039538,0.004278636399039538,0.06379307888108905,0.054846108470680506,-0.00036666666666666667,32.8310391624345,-0.008712280799767158,-0.008485663259384414,0.0011985617259288853,0.08247075881766026,0.0005333333333333334,23.176553457291156,0.003961331684521044,0.003951252288329803,0.01910118241567685,0.04288184559354477,23.733357997310087,0.0004295553268353032
KPqjonZyQ6,2026,BLMvVGlOMx,jYQJ8EW5GR,100.0,-1.4863,-1.5159,8,0.0038,0.003,3,0.0005,0.0,0,0.0012,0.0,0,0.0084,0.0709,20,0.0474,0.042,9,8,5,3,3.4841,0.125,2026-03-21,5,-1.4249999999999998,40,True,-1.426848,7.68,0.003648,2.88,0.00048000000000000007,0.0,0.0011519999999999998,0.0,0.008064,19.200000000000003,0.045503999999999996,8.64,-1.3679999999999999,38.400000000000006,4.800000000000001,7.68,3.344736,37.5,-1.5158999999999998,-1.455264,0.028281553028987088,0.04470068598514822,-0.1857875,4.565177146879678,0.034952385843393496,0.06065487982426522,0.010218093855726062,0.027606333322638656,0.0012666666666666666,2.959707602581381,-0.01664309570156306,-0.016853614774558077,0.0,0.04412957699158392,,1.0720304862595103,-0.001219216023883485,-0.001219216023883485,0.0,0.0793013319140693,,1.6908873051404538,0.003993623084254863,0.003993623084254863,0.13150874989037448,0.26615186045015843,0.00041999999999999996,28.30164739976925,-0.004789788287063054,-0.007314975573330774,0.0017967658215212617,0.3597016747647554,0.005266666666666666,17.209712401769146,0.003091579246953804,0.0029339960160295496,0.019385488162092564,0.042194692552777295,0.9739776999360692,0.01036314889761372
KPqjonZyQ6,2026,7VqGXPmeQv,jYQJ8EW5GR,102.0,-1.6323,-1.6626,7,-0.0071,-0.0079,2,0.0025,0.002,1,0.1288,0.1276,3,-0.0155,0.0482,18,0.0065,0.001,2,8,5,2,3.3374,0.125,2026-04-05,6,-1.5171000000000003,33,True,-1.5362823529411764,6.588235294117648,-0.006682352941176471,1.8823529411764706,0.002352941176470588,0.9411764705882353,0.1212235294117647,2.8235294117647056,-0.014588235294117647,16.941176470588236,0.00611764705882353,1.8823529411764706,-1.427858823529412,31.058823529411768,4.705882352941177,7.529411764705882,3.1410823529411767,25.0,-1.6625999999999999,-1.5648,0.024834152450295324,0.04555397382726262,-0.2331857142857143,4.518225133076259,0.0323753307806609,0.06003105545488666,0.00683534396587721,0.028142921531641923,-0.00355,2.9315869152806973,-0.01665051632357847,-0.016693485702838906,0.005861881820464166,0.04497247620439232,0.0025,1.1134121919904345,-0.001242539767655654,-0.0012662792738278158,0.0033222591362126247,0.08075927219536061,0.04293333333333333,1.9162359398072069,0.004784150363952411,0.004525862877335398,0.11993512676015416,0.2700374781153283,-0.0008611111111111111,27.64348850978073,-0.009142894063617518,-0.007144864761912928,0.00039984006397441024,0.3642751009820834,0.00325,14.686859388965082,0.0025219718129010655,0.002503887684420571,0.012645502802662734,0.04195617627806298,0.8273180897006444,0.012177864186024264
KPqjonZyQ6,2026,OlMlWz9gQL,jYQJ8EW5GR,109.0,0.3595,0.3272,7,-0.1675,-0.1683,6,0.0005,0.0,0,0.0101,0.0088,1,-0.031,0.0371,30,0.0057,-0.0002,8,7,1,6,1.3272,0.1429,2026-04-12,7,0.17729999999999999,52,True,0.31662385321100917,6.165137614678899,-0.1475229357798165,5.284403669724771,0.00044036697247706424,0.0,0.008895412844036697,0.8807339449541285,-0.02730275229357798,26.422018348623855,0.005020183486238532,7.045871559633028,0.15615412844036697,45.79816513761468,0.8807339449541285,6.165137614678899,1.1689100917431192,85.71428571428571,0.32719999999999994,0.28817614678899073,0.024834152450295324,0.04852851451383677,0.05135714285714286,4.504144038786066,0.06410242920893118,0.05984396806386405,0.020229480976184842,0.030016325659461298,-0.02791666666666667,3.031681417853143,-0.018626338932462728,-0.017263458961662072,0.0,0.04791095281354319,,1.0677895870083476,-0.0012143928659705658,-0.0012143928659705658,0.0011098779134295228,0.08582590203536375,0.0101,1.7544945458887151,0.004158922182804266,0.004143853879770187,0.1850924842280916,0.2833189988135143,-0.0010333333333333334,30.134864731937068,-0.012110811131039617,-0.007788797461364172,0.001597444089456869,0.3797801455963757,0.0007125,16.33556508331233,0.0027991110684982387,0.0027849671020128597,0.03910891953076078,0.04050613975665029,0.7229432224704634,0.013911583267183076
KPqjonZyQ6,2026,xW5pOJrlMg,jYQJ8EW5GR,100.0,0.1212,0.0915,5,0.0345,0.0337,4,0.0005,0.0,0,-0.001,-0.0022,2,-0.0277,0.0348,15,0.0053,0.0,1,5,1,4,1.0915,0.2,2026-04-18,8,0.1328,27,True,0.116352,4.800000000000001,0.033120000000000004,3.84,0.00048000000000000007,0.0,-0.0009600000000000001,1.92,-0.026592,14.399999999999999,0.0050880000000000005,0.96,0.127488,25.92,0.96,4.800000000000001,1.0478399999999999,80.0,0.09149999999999991,0.08783999999999992,0.01786544408219076,0.04470068598514822,0.02424,4.4364391712424505,0.059812581464540666,0.05894441247768429,0.013577878462138824,0.027606333322638656,0.008625,2.986209682571114,-0.016423928895592604,-0.017004526927664663,0.0,0.04412957699158392,,1.0720304862595103,-0.001219216023883485,-0.001219216023883485,0.0022172949002217295,0.0793013319140693,-0.0005,1.8431458624154669,0.004341539234219601,0.004353235039031662,0.10198452682552747,0.26615186045015843,-0.0018466666666666666,27.02411846960849,-0.01136193083853207,-0.006984779497238554,0.0001999600079984003,0.3597016747647554,0.0053,14.447203539575822,0.0024778484481046796,0.00246302998204235,0.03762689338885679,0.040552155049971596,0.6164486428461904,0.01627576323897049
KPqjonZyQ6,2026,jYQJJyzyQG,jYQJ8EW5GR,102.0,1.2057,1.1755,5,0.0033,0.0024,4,0.0005,0.0,0,-0.0616,-0.0629,2,-0.0287,0.035,21,0.0049,-0.0006,4,5,1,4,2.1755,0.4,2026-04-22,9,1.1240999999999999,36,True,1.1347764705882353,4.705882352941177,0.003105882352941176,3.764705882352941,0.00047058823529411766,0.0,-0.057976470588235296,1.8823529411764706,-0.027011764705882353,19.764705882352942,0.004611764705882353,3.764705882352941,1.0579764705882353,33.88235294117647,0.9411764705882353,4.705882352941177,2.047529411764706,80.0,1.1755,1.1063529411764705,0.01786544408219076,0.04555397382726262,0.24114,4.432476476460234,0.07693506800114595,0.05889176243409072,0.013577878462138824,0.028142921531641923,0.000825,2.9845618263990823,-0.01673095314883678,-0.016995143455762547,0.0,0.04497247620439232,,1.0710851555627712,-0.0012181409030281492,-0.0012181409030281492,0.0022172949002217295,0.08075927219536061,-0.0308,1.8402272130351027,0.004211030450740824,0.004346341625434651,0.13718215470129144,0.2700374781153283,-0.0013666666666666666,28.40594727151813,-0.011660362865659106,-0.007341933403854477,0.0007993605115907274,0.3642751009820834,0.001225,15.372553696696063,0.0026337463122178594,0.002620788206644872,0.054170387846580605,0.04030367450352507,0.5929195959992589,0.016910718104216425
KPqjonZyQ6,2026,2lqROekWQr,jYQJ8EW5GR,103.0,-0.7848,-0.8153,8,-0.1973,-0.1981,5,-2.068e-06,-0.0005,2,0.0015,0.0002,2,-0.0401,0.0242,23,0.0045,-0.001,15,8,3,5,2.1847,0.125,2026-04-25,10,-1.0162020680000001,55,True,-0.731464077669903,7.45631067961165,-0.18389126213592233,4.660194174757281,-1.9274563106796117e-06,1.8640776699029125,0.0013980582524271844,1.8640776699029125,-0.03737475728155339,21.436893203883496,0.004194174757281554,13.980582524271844,-0.9471397915339808,51.262135922330096,2.796116504854369,7.45631067961165,2.036225242718446,62.5,-0.8153000000000001,-0.7598912621359224,0.028281553028987088,0.045980046376263226,-0.0981,4.559063349105036,0.04621177429625544,0.0605736493139565,0.01691493085882438,0.028410993621519526,-0.03946,3.0102187295122182,-0.018860510077456483,-0.017141242874840232,0.011655440824251158,0.045393368596699575,-1.034e-06,1.1552298799055034,-0.0012985389217852466,-0.001313838364582506,0.0022172949002217295,0.08148651220296954,0.00075,1.8387713518967415,0.004336331425890157,0.004342903099027863,0.14830946355164235,0.27196489736136725,-0.001743478260869565,28.837906880831056,-0.013804885612607518,-0.007453579695893834,0.0029910269192422734,0.36653740149227726,0.0003,19.075746707274288,0.0032595163022588226,0.003252126679129052,0.019843687412555173,0.042260018156796836,0.9276615657666727,0.010874931698308332
KPqjonZyQ6,2026,Vj589Jy3q8,jYQJ8EW5GR,107.0,1.714,1.6822,10,-0.4536,-0.4545,7,0.0045,0.004,2,-0.01,-0.0112,1,-0.0492,0.0176,19,0.0065,0.0008,6,10,3,7,4.6822,0.0,2026-05-02,11,1.2122,45,True,1.5377943925233644,8.97196261682243,-0.40696822429906543,6.2803738317757,0.0040373831775700935,1.7943925233644857,-0.00897196261682243,0.8971962616822429,-0.04414205607476636,17.046728971962615,0.0058317757009345795,5.383177570093458,1.087581308411215,40.373831775700936,2.691588785046729,8.97196261682243,4.200852336448598,70.0,1.6822,1.5092635514018689,0.03510374418555889,0.04768053930704691,0.1714,4.636494649572995,0.08733673472174648,0.06160243441328847,0.023521755654127043,0.029481804738224416,-0.0648,3.0598030265825713,-0.021677541432902594,-0.017423593280320195,0.011655440824251158,0.04707323484510101,0.00225,1.1531969674779567,-0.00126599763089404,-0.0013115263413344873,0.0011098779134295228,0.08438400168723158,-0.01,1.7572618593601266,0.004126279973273326,0.004150389860569853,0.12576024099984584,0.27957385359298004,-0.0025894736842105265,27.53318109761029,-0.0151876582456661,-0.007116354194517805,0.0011985617259288853,0.37542785014671104,0.0010833333333333333,15.776532419126822,0.0027069216629693974,0.0026896604768200964,0.056038739048526465,0.04259101093450593,1.0696790842776627,0.009444741947228056
KPqjonZyQ6,2026,NWMWkz87Ml,jYQJ8EW5GR,100.0,-0.2741,-0.3037,4,-0.0923,-0.0931,2,0.0041,0.0036,4,-0.1562,-0.1575,2,-0.0139,0.0485,31,0.0049,-0.0005,5,5,2,2,1.6963,0.0,2026-05-09,12,-0.5275,48,True,-0.263136,3.84,-0.08860799999999999,1.92,0.003936,3.84,-0.149952,1.92,-0.013343999999999998,29.759999999999998,0.004704,4.800000000000001,-0.5064,46.08,1.92,4.800000000000001,1.628448,40.0,-0.3037000000000001,-0.29155200000000003,0.014343606244813343,0.04470068598514822,-0.068525,4.393526512696709,0.05321858138604631,0.05837425669549065,0.00683534396587721,0.027606333322638656,-0.04615,2.933205522591648,-0.01751381688297267,-0.01670270262145149,0.023042313329041816,0.04412957699158392,0.001025,1.2414880619071924,-0.0013500831760364501,-0.0014119394531573873,0.0022172949002217295,0.0793013319140693,-0.0781,1.8431458624154669,0.0040244037155423495,0.004353235039031662,0.19008942954436575,0.26615186045015843,-0.00044838709677419355,31.112211046122923,-0.009164627710046386,-0.008041406940733655,0.000999000999000999,0.3597016747647554,0.00098,15.828457970672483,0.002711313574272936,0.0026985129990359496,0.03192577090680609,0.03926995571821573,0.4971224555761919,0.020103955590166124
KPqjonZyQ6,2026,eVq36lpV5W,jYQJ8EW5GR,106.0,-0.7473,-0.7787,7,-0.0047,-0.0056,4,0.0036,0.0031,1,0.0013,0.0,0,-0.0484,0.0177,25,0.0035,-0.0022,9,7,3,4,2.2213,0.1429,2026-05-13,13,-0.792,46,True,-0.6768,6.339622641509434,-0.004256603773584906,3.6226415094339623,0.0032603773584905654,0.9056603773584906,0.0011773584905660378,0.0,-0.04383396226415094,22.641509433962263,0.003169811320754717,8.150943396226415,-0.7172830188679246,41.660377358490564,2.716981132075472,6.339622641509434,2.011743396226415,57.14285714285714,-0.7787000000000002,-0.7052377358490567,0.024834152450295324,0.047255984648415836,-0.10675714285714286,4.510168032037513,0.04647838156185819,0.05992400539318838,0.013577878462138824,0.029214323301186104,-0.001175,2.981271563979882,-0.016793467175341133,-0.016976407545744934,0.005861881820464166,0.046653822803158336,0.0036,1.1114520057597932,-0.0012331855291993642,-0.0012640499617953451,0.0,0.08366134446616015,,1.6828800274825964,0.003974711091244304,0.003974711091244304,0.15915342051963938,0.2776865643339975,-0.001936,29.11424765912504,-0.015298085638146304,-0.00752500402023024,0.0017967658215212617,0.37322871560620957,0.0003888888888888889,16.846137372203223,0.002878622740427711,0.0028720119651999385,0.020006977050843408,0.0410052669218621,0.7606767284299869,0.013230626954767982
KPqjonZyQ6,2026,EGMPG816Qa,jYQJ8EW5GR,101.0,0.224,0.1941,6,0.037,0.0362,5,0.0005,0.0,0,0.0581,0.0569,1,-0.0479,0.0152,28,0.0064,0.001,11,6,1,5,1.1941,0.0,2026-05-16,14,0.2781,51,True,0.21291089108910893,5.702970297029703,0.03516831683168317,4.752475247524753,0.00047524752475247524,0.0,0.05522376237623763,0.9504950495049505,-0.045528712871287125,26.613861386138616,0.006083168316831684,10.455445544554456,0.26433267326732673,48.475247524752476,0.9504950495049505,5.702970297029703,1.1349861386138613,83.33333333333334,0.19409999999999994,0.18449108910891085,0.021362203846968835,0.04512752053375302,0.037333333333333336,4.477350423434959,0.06178796914535034,0.05948797672620264,0.01691493085882438,0.027874701472863753,0.0073999999999999995,3.0118802928479247,-0.016483602893915254,-0.017150704400147362,0.0,0.044551212499878944,,1.0715576124179291,-0.0012186782263373136,-0.0012186782263373136,0.0011098779134295228,0.08003087967968145,0.0581,1.7656164264353034,0.004279347617896087,0.004170122099276093,0.1749113031204952,0.2680998263788889,-0.0017107142857142857,30.26514244833234,-0.015510266025585912,-0.0078224696465808,0.002195170624625823,0.3619965837381058,0.0005818181818181818,17.836182569899446,0.0030569048400593338,0.003040799717017993,0.035911674457467284,0.040507046269431246,0.7224286562946034,0.013921354163033283
KPqjonZyQ6,2026,odMXVzPxqY,jYQJ8EW5GR,106.0,-0.1235,-0.155,11,0.0291,0.0282,5,0.0005,0.0,0,-0.0024,-0.0037,1,-0.0273,0.0389,25,0.0008,-0.0049,14,11,6,5,5.845,0.0909,2026-05-23,15,-0.1228,56,True,-0.11184905660377358,9.962264150943398,0.02635471698113208,4.528301886792454,0.0004528301886792453,0.0,-0.002173584905660377,0.9056603773584906,-0.024724528301886796,22.641509433962263,0.0007245283018867926,12.679245283018869,-0.11121509433962265,50.716981132075475,5.433962264150944,9.962264150943398,5.293584905660377,45.45454545454545,-0.15500000000000025,-0.14037735849056626,0.03847904275677089,0.047255984648415836,-0.011227272727272726,4.681359523594039,0.05778277216945843,0.06219852815828963,0.01691493085882438,0.029214323301186104,0.0058200000000000005,3.007729819045107,-0.01654127128299145,-0.01712707014433656,0.0,0.046653822803158336,,1.0691994869946686,-0.0012159963396379924,-0.0012159963396379924,0.0011098779134295228,0.08366134446616015,-0.0024,1.7586487922821377,0.004144371002050364,0.00415366558883206,0.15915342051963938,0.2776865643339975,-0.001092,29.11424765912504,-0.011387300145066333,-0.00752500402023024,0.002792181890706023,0.37322871560620957,5.714285714285715e-05,18.53622966928795,0.0031542809834180295,0.003160147173424514,0.03593685638723105,0.043644270416341405,1.1954164514681163,0.008459720715209205
KPqjonZyQ6,2026,Pk5L3DeYMO,jYQJ8EW5GR,103.0,2.014,1.9834,7,0.0846,0.0838,7,0.0005,0.0,0,0.0009,-0.0003,2,0.0317,0.0961,41,0.0109,0.0053,22,7,0,7,1.9834,0.0,2026-07-23,17,2.1426,79,True,1.8771262135922329,6.524271844660194,0.0788504854368932,6.524271844660194,0.00046601941747572817,0.0,0.0008388349514563105,1.8640776699029125,0.029545631067961167,38.213592233009706,0.010159223300970873,20.504854368932037,1.99698640776699,73.63106796116504,0.0,6.524271844660194,1.8486058252427184,100.0,1.9834,1.8486058252427184,0.024834152450295324,0.045980046376263226,0.2877142857142857,4.516208160249489,0.09078304376214825,0.06000425709844169,0.023521755654127043,0.028410993621519526,0.012085714285714285,3.063179028301847,-0.016161739717332205,-0.01744281742003092,0.0,0.045393368596699575,,1.0706131151427236,-0.0012176040533289855,-0.0012176040533289855,0.0022172949002217295,0.08148651220296954,0.00045,1.8387713518967415,0.0043351082963877866,0.004342903099027863,0.23688312364197092,0.27196489736136725,0.000773170731707317,33.40058011034992,-0.0004705354577902033,-0.008632869464845335,0.004380724810832338,0.36653740149227726,0.0004954545454545455,21.467136355845263,0.003690383164191365,0.0036598224928580643,0.08095865599427601,0.04071369175212238,0.8148692180006699,0.012361607340856135
KPqjonZyQ6,2026,OlMlWzeDQL,jYQJ8EW5GR,101.0,0.4544,0.4244,2,-0.0577,-0.0585,2,0.0005,0.0,0,0.0012,0.0,0,-0.0474,0.0157,19,0.0091,0.0037,10,2,0,2,0.4244,0.0,2026-07-26,18,0.36010000000000003,33,True,0.4319049504950495,1.900990099009901,-0.05484356435643564,1.900990099009901,0.00047524752475247524,0.0,0.0011405940594059404,0.0,-0.04505346534653465,18.05940594059406,0.00864950495049505,9.504950495049506,0.3422732673267327,31.366336633663366,0.0,1.900990099009901,0.40339009900990097,100.0,0.4244,0.40339009900990097,0.007223609427050639,0.04512752053375302,0.2272,4.305776483979898,0.06386177951134274,0.057208372596111966,0.00683534396587721,0.027874701472863753,-0.02885,2.932395995578769,-0.01716222321444374,-0.016698092890269682,0.0,0.044551212499878944,,1.0715576124179291,-0.0012186782263373136,-0.0012186782263373136,0.0,0.08003087967968145,,1.6895474714922398,0.003990458597437615,0.003990458597437615,0.12576024099984584,0.2680998263788889,-0.002494736842105263,27.971694428615905,-0.015096289511381396,-0.0072296943919832055,0.001996007984031936,0.3619965837381058,0.00091,17.49210660911867,0.003007959677561087,0.002982139962887613,0.03738300683417899,0.039034505647846995,0.24098181206665248,0.0406048711039743
KPqjonZyQ6,2026,BLMvVG7WMx,jYQJ8EW5GR,103.0,-0.2063,-0.2369,8,-0.0039,-0.0048,5,0.002,0.0015,1,-0.0036,-0.0048,2,-0.0223,0.042,37,0.0119,0.0064,33,8,3,5,2.7631,0.0,2026-08-01,19,-0.22219999999999998,86,True,-0.19227961165048546,7.45631067961165,-0.0036349514563106798,4.660194174757281,0.0018640776699029127,0.9320388349514562,-0.003355339805825242,1.8640776699029125,-0.020784466019417476,34.48543689320388,0.011091262135922332,30.75728155339806,-0.20709902912621356,80.15533980582524,2.796116504854369,7.45631067961165,2.575316504854369,62.5,-0.2368999999999999,-0.2207999999999999,0.028281553028987088,0.045980046376263226,-0.0257875,4.559063349105036,0.05553555944587112,0.0605736493139565,0.01691493085882438,0.028410993621519526,-0.00078,3.0102187295122182,-0.01689101569728811,-0.017141242874840232,0.005861881820464166,0.045393368596699575,0.002,1.1129214975241135,-0.0012452540722233114,-0.0012657212089557458,0.0022172949002217295,0.08148651220296954,-0.0018,1.8387713518967415,0.004325934825120009,0.004342903099027863,0.21882985295635568,0.27196489736136725,-0.0006027027027027028,32.38665272601239,-0.010810477404966976,-0.008370805071745,0.0065567256109676135,0.36653740149227726,0.0003606060606060606,25.225034375028223,0.004331932172477868,0.0043004873430036545,0.035246679268990604,0.042439270600447034,0.9288350597506063,0.01086134149413952
KPqjonZyQ6,2026,7VqGXP3jQv,jYQJ8EW5GR,104.0,-0.439,-0.4698,3,-0.0197,-0.0205,2,0.0396,0.0391,3,0.1619,0.1607,2,-0.0343,0.0307,26,0.0019,-0.0037,13,3,1,2,0.5302,0.0,2026-08-15,20,-0.28959999999999997,49,True,-0.40523076923076917,2.769230769230769,-0.018184615384615382,1.8461538461538463,0.03655384615384616,2.769230769230769,0.14944615384615384,1.8461538461538463,-0.03166153846153846,24.0,0.0017538461538461538,12.0,-0.2673230769230769,45.230769230769226,0.9230769230769231,2.769230769230769,0.4894153846153846,66.66666666666666,-0.4698,-0.43366153846153843,0.010796419581442509,0.04640573869042975,-0.14633333333333334,4.3428487214717855,0.050216803865031065,0.057700930067057864,0.00683534396587721,0.028678917864907755,-0.00985,2.9299700933507515,-0.016767505596329668,-0.01668427895081293,0.017381864589308817,0.04581389016751004,0.013200000000000002,1.197010724917472,-0.0010630497821625562,-0.0013613555540494978,0.0022172949002217295,0.08221260243570114,0.08095,1.8373177924917063,0.004659628335563692,0.004339470008971159,0.16447250288380957,0.27388216495825446,-0.0013192307692307692,29.520405680240586,-0.012780313925874115,-0.007629981513639221,0.002593257530420906,0.3687836577821413,0.00014615384615384615,18.32727280400693,0.0031233667941369123,0.0031245231841361457,0.027388929690365334,0.03948930724166352,0.3474234127773435,0.028519371844532845
KPqjonZyQ6,2026,vzqoYzJNMa,jYQJ8EW5GR,100.0,-0.2773,-0.3069,3,-0.0032,-0.004,1,-0.0002,-0.0007,2,-0.0028,-0.004,2,-0.0225,0.0399,22,0.0215,0.0162,21,3,2,1,1.6931,0.0,2026-08-19,21,-0.2845,51,True,-0.266208,2.88,-0.003072,0.96,-0.000192,1.92,-0.002688,1.92,-0.0216,21.12,0.02064,20.16,-0.27312,48.96,1.92,2.88,1.6253760000000002,33.33333333333333,-0.30689999999999995,-0.294624,0.010796419581442509,0.04470068598514822,-0.09243333333333333,4.350613854150966,0.05283833262373791,0.057804100913297005,0.0034293925216784442,0.027606333322638656,-0.0032,2.906703442601915,-0.016526926208448523,-0.016551790468344908,0.011655440824251158,0.04412957699158392,-0.0001,1.1567592740833514,-0.0013015923539661074,-0.0013155777385204363,0.0022172949002217295,0.0793013319140693,-0.0014,1.8431458624154669,0.004337861116090612,0.004353235039031662,0.1427819177286672,0.26615186045015843,-0.0010227272727272726,28.812658971833553,-0.010591174388697167,-0.0074470540037676605,0.0041824337781318464,0.3597016747647554,0.0010238095238095236,21.353475695059124,0.003716655061241886,0.0036404450670103473,0.032473155849958614,0.04048335880870601,0.3746338061321423,0.026502852026046186
KPqjonZyQ6,2026,KXMeXz3vQ6,jYQJ8EW5GR,102.0,-0.2226,-0.2529,3,0.0084,0.0076,2,0.0005,0.0,0,0.0142,0.013,3,0.016,0.0797,34,0.0102,0.0047,21,3,1,2,0.7471,0.0,2026-08-22,22,-0.1733,63,True,-0.20950588235294115,2.8235294117647056,0.007905882352941176,1.8823529411764706,0.00047058823529411766,0.0,0.013364705882352942,2.8235294117647056,0.015058823529411765,32.0,0.009600000000000001,19.764705882352942,-0.16310588235294118,59.294117647058826,0.9411764705882353,2.8235294117647056,0.7031529411764705,66.66666666666666,-0.2529,-0.2380235294117647,0.010796419581442509,0.04555397382726262,-0.0742,4.346727819844211,0.053646810498321415,0.057752469413294795,0.00683534396587721,0.028142921531641923,0.0042,2.9315869152806973,-0.01649521868535695,-0.016693485702838906,0.0,0.04497247620439232,,1.0710851555627712,-0.0012181409030281492,-0.0012181409030281492,0.0033222591362126247,0.08075927219536061,0.004733333333333333,1.9162359398072069,0.004540960287870566,0.004525862877335398,0.20471921699935186,0.2700374781153283,0.00047058823529411766,31.709935239046853,-0.0034631536253158677,-0.008195897518934521,0.0041824337781318464,0.3642751009820834,0.00048571428571428577,21.2009553124094,0.003642394537331949,0.0036144426455514277,0.04065365210982296,0.03978525081138004,0.3626708565716425,0.027353154432144085
KPqjonZyQ6,2026,Oa5wP60Dq1,jYQJ8EW5GR,103.0,0.6891,0.6586,9,-0.0473,-0.0481,6,0.0039,0.0033,1,0.0265,0.0253,1,-0.0253,0.0391,41,0.012,0.0065,24,9,3,6,3.6586,0.1111,2026-08-30,23,0.6589,82,True,0.6422679611650486,8.388349514563107,-0.044085436893203885,5.592233009708738,0.0036349514563106798,0.9320388349514562,0.02469902912621359,0.9320388349514562,-0.023580582524271844,38.213592233009706,0.011184466019417475,22.368932038834952,0.6141203883495145,76.42718446601941,2.796116504854369,8.388349514563107,3.409957281553398,66.66666666666666,0.6585999999999999,0.6138407766990289,0.031704665012010046,0.045980046376263226,0.07656666666666667,4.601918537960581,0.07037577355189073,0.06114304152947129,0.020229480976184842,0.028410993621519526,-0.007883333333333334,3.036698878907033,-0.017426501158548283,-0.017292030147435578,0.005861881820464166,0.045393368596699575,0.0039,1.1129214975241135,-0.001232858825064825,-0.0012657212089557458,0.0011098779134295228,0.08148651220296954,0.0265,1.762822757998828,0.004210750596977002,0.004163523871988121,0.23688312364197092,0.27196489736136725,-0.0006170731707317073,33.40058011034992,-0.011470192131830051,-0.008632869464845335,0.004777070063694267,0.36653740149227726,0.0005,22.150390541151257,0.003811174311669105,0.0037763070110663536,0.04826814634509368,0.041892251591289106,1.0405242059566475,0.009706809307832395
KPqjonZyQ6,2026,wvq9kwjNMW,jYQJ8EW5GR,106.0,0.2637,0.2322,2,-0.0532,-0.0541,2,0.0011,0.0006,3,0.0013,0.0,0,-0.0182,0.0479,46,0.0138,0.0081,30,2,0,2,0.2322,0.0,2026-09-05,24,0.2085,83,True,0.23882264150943394,1.8113207547169812,-0.04818113207547169,1.8113207547169812,0.0009962264150943398,2.716981132075472,0.0011773584905660378,0.0,-0.01648301886792453,41.660377358490564,0.012498113207547169,27.169811320754718,0.18883018867924528,75.16981132075472,0.0,1.8113207547169812,0.2102943396226415,100.0,0.2322,0.2102943396226415,0.007223609427050639,0.047255984648415836,0.13185,4.296178667591857,0.06076034407665184,0.05708085193681183,0.00683534396587721,0.029214323301186104,-0.0266,2.928355053849432,-0.017093536378707468,-0.01667508234856168,0.017381864589308817,0.046653822803158336,0.00036666666666666667,1.1959570432900422,-0.0013288928844935367,-0.0013601572061100501,0.0,0.08366134446616015,,1.6828800274825964,0.003974711091244304,0.003974711091244304,0.2583092245759804,0.2776865643339975,-0.0003956521739130435,34.39553175060937,-0.010108896921188637,-0.008890029298770854,0.005964214711729622,0.37322871560620957,0.00046,23.94452501995906,0.004123525575346164,0.004082179839743154,0.04032725455885266,0.0382124740143567,0.22313620049269733,0.04371035293327604
KPqjonZyQ6,2026,a35ro3RoqL,jYQJ8EW5GR,104.0,0.2305,0.1997,1,-0.0185,-0.0194,1,-1.2938e-06,-0.0005,3,0.0013,0.0,0,-0.0153,0.0496,36,0.0014,-0.0042,25,2,0,1,0.1997,0.5,2026-09-09,25,0.19939870620000003,66,True,0.21276923076923077,0.9230769230769231,-0.017076923076923076,0.9230769230769231,-1.194276923076923e-06,2.769230769230769,0.0012,0.0,-0.014123076923076922,33.230769230769226,0.0012923076923076924,23.076923076923077,0.1840603441846154,60.92307692307692,0.0,1.8461538461538463,0.18433846153846153,50.0,0.1997,0.18433846153846153,0.003624897134080235,0.04640573869042975,0.2305,4.257176588504838,0.05991465614341085,0.05656265377191991,0.0034293925216784442,0.028678917864907755,-0.0185,2.903497246090837,-0.016661042071058455,-0.016533533259138797,0.017381864589308817,0.04581389016751004,-4.3126666666666665e-07,1.197010724917472,-0.0013377016292054082,-0.0013613555540494978,0.0,0.08221260243570114,,1.6855406803027195,0.00398099515552779,0.00398099515552779,0.21418227519501587,0.27388216495825446,-0.000425,32.0485487413937,-0.009426554223351027,-0.008283417141502054,0.004975124378109453,0.3687836577821413,5.6e-05,22.412261013286034,0.003808186471800989,0.003820951971076274,0.04027853984712474,0.03818629494383362,0.11815025512617672,0.0794640983692012
KPqjonZyQ6,2026,e7MzyozJQr,jYQJ8EW5GR,103.0,0.7981,0.7676,4,0.0174,0.0165,4,0.0021,0.0015,1,0.0012,0.0,0,-0.0476,0.0167,34,0.0144,0.0089,22,4,0,4,0.7676,0.0,2026-09-12,26,0.7856,65,True,0.7438601941747573,3.728155339805825,0.01621747572815534,3.728155339805825,0.0019572815533980582,0.9320388349514562,0.0011184466019417475,0.0,-0.04436504854368933,31.689320388349515,0.013421359223300969,20.504854368932037,0.7322097087378641,60.58252427184466,0.0,3.728155339805825,0.7154330097087378,100.0,0.7676,0.7154330097087378,0.014343606244813343,0.045980046376263226,0.199525,4.38764259368285,0.07001693402622028,0.05829608045189729,0.013577878462138824,0.028410993621519526,0.00435,2.983738580117404,-0.01658353040791546,-0.01699045560224489,0.005861881820464166,0.045393368596699575,0.0021,1.1129214975241135,-0.0012446016907939176,-0.0012657212089557458,0.0,0.08148651220296954,,1.6868741641009146,0.0039841446449483805,0.0039841446449483805,0.20471921699935186,0.27196489736136725,-0.0014000000000000002,31.62620718775925,-0.01556511865098938,-0.00817425677691975,0.004380724810832338,0.36653740149227726,0.0006545454545454545,21.467136355845263,0.0037053443305086605,0.0036598224928580643,0.04431317225197856,0.03950961400158336,0.464260619300156,0.02149638738306149
KXMe39a6q6,2026,eVq36lpV5W,9z5k7Yg5A3,106.0,-1.282,-1.3135,6,0.052,0.0511,2,0.0009,0.0003,1,0.0003,-0.001,2,0.0221,0.0883,28,-0.2442,-0.2499,13,6,4,2,2.6865,0.3333,2026-05-13,13,-1.4509,52,True,-1.161056603773585,5.433962264150944,0.04709433962264151,1.8113207547169812,0.0008150943396226414,0.9056603773584906,0.00027169811320754714,1.8113207547169812,0.020015094339622643,25.358490566037737,-0.22116226415094337,11.773584905660378,-1.314022641509434,47.09433962264151,3.6226415094339623,5.433962264150944,2.433056603773585,33.33333333333333,-1.3135,-1.1895849056603773,0.021362203846968835,0.047255984648415836,-0.21366666666666667,4.467370159148382,0.037696589437537814,0.05935537470191308,0.00683534396587721,0.029214323301186104,0.026,2.928355053849432,-0.016040678259820765,-0.01667508234856168,0.005861881820464166,0.046653822803158336,0.0009,1.1114520057597932,-0.001250776570027945,-0.0012640499617953451,0.0022172949002217295,0.08366134446616015,0.00015,1.834417557081679,0.00432362350670173,0.004332620086419817,0.1749113031204952,0.2776865643339975,0.0007892857142857144,29.868716815051375,-0.0022461655510855123,-0.007720007631450328,0.002593257530420906,0.37322871560620957,-0.018784615384615386,18.198211209871005,0.002207978751535507,0.0031025201317795995,0.02469057131484083,0.04113137497830514,0.6566829920241067,0.015293813537582843
N6MmeEN0ME,2026,Pk5L3DmOMO,pzeQZ6xQKw,104.0,0.6504,0.6196,6,-0.0305,-0.0314,5,0.0005,0.0,0,0.0067,0.0054,3,-0.0445,0.0204,30,0.011,0.0054,24,7,1,5,1.6196,0.2857,2026-03-08,3,0.5936,68,True,0.6003692307692308,5.538461538461538,-0.02815384615384615,4.615384615384616,0.0004615384615384616,0.0,0.006184615384615384,2.769230769230769,-0.04107692307692307,27.69230769230769,0.010153846153846152,22.153846153846153,0.5479384615384615,62.769230769230774,0.9230769230769231,6.461538461538462,1.4950153846153844,71.42857142857143,0.6195999999999999,0.5719384615384615,0.021362203846968835,0.04640573869042975,0.1084,4.471356920922206,0.06849340666521103,0.059408344509764795,0.01691493085882438,0.028678917864907755,-0.0060999999999999995,3.009388635130496,-0.01715716500630963,-0.017136516025835328,0.0,0.04581389016751004,,1.0701414906074442,-0.0012170676766139208,-0.0012170676766139208,0.0033222591362126247,0.08221260243570114,0.0022333333333333333,1.9132063485861996,0.00451789055886942,0.004518707435692843,0.1850924842280916,0.27388216495825446,-0.0014833333333333332,30.531662904701832,-0.014813310768744214,-0.007891355764784353,0.004777070063694267,0.3687836577821413,0.0004583333333333333,22.071845329179443,0.0037932666187852886,0.0037629162388312636,0.04361702039119798,0.0414450287170553,0.6880193999151544,0.01460741933543563
N6MmeEN0ME,2026,Vj589JE4q8,pzeQZ6xQKw,101.0,-1.0944,-1.1244,8,-0.0203,-0.0211,5,0.0074,0.0069,1,0.066,0.0648,6,-0.018,0.0451,41,0.0229,0.0175,33,8,3,5,1.8756,0.0,2026-03-14,4,-1.0364,94,True,-1.0402217821782178,7.603960396039604,-0.019295049504950493,4.752475247524753,0.007033663366336634,0.9504950495049505,0.06273267326732673,5.702970297029703,-0.01710891089108911,38.97029702970298,0.021766336633663366,31.366336633663366,-0.9850930693069306,89.34653465346535,2.8514851485148514,7.603960396039604,1.782748514851485,62.5,-1.1244,-1.0687366336633664,0.028281553028987088,0.04512752053375302,-0.1368,4.5631373931624895,0.04125873370639706,0.060627778791247984,0.01691493085882438,0.027874701472863753,-0.004059999999999999,3.0118802928479247,-0.017067441153487562,-0.017150704400147362,0.005861881820464166,0.044551212499878944,0.0074,1.113903319348507,-0.0012110929622057088,-0.0012668378310259595,0.006622516556291391,0.08003087967968145,0.011000000000000001,2.1459612011506213,0.0051912020826684075,0.005068439608468485,0.23688312364197092,0.2680998263788889,-0.0004390243902439024,33.57790069903386,-0.010114879553951791,-0.008678700569888438,0.0065567256109676135,0.3619965837381058,0.000693939393939394,25.40585370707647,0.004418510945623648,0.004331314307886354,0.022475033065044052,0.04293128990654106,0.9777127525391474,0.010323968374202852
N6MmeEN0ME,2026,Xj5YPzw0Mb,pzeQZ6xQKw,100.0,-0.2489,-0.2786,1,0.0008,0.0,0,0.0182,0.0177,1,-0.2982,-0.2994,3,0.0061,0.0686,37,0.0271,0.0218,38,1,1,0,0.7214,0.0,2026-05-10,12,-0.4949,80,True,-0.238944,0.96,0.000768,0.0,0.017472,0.96,-0.286272,2.88,0.005856,35.519999999999996,0.026015999999999997,36.480000000000004,-0.475104,76.80000000000001,0.96,0.96,0.692544,0.0,-0.27859999999999996,-0.2674559999999999,0.003624897134080235,0.04470068598514822,-0.2489,4.264788537059482,0.052610539366651436,0.05666378934890972,0.0,0.027606333322638656,,2.8802013626121816,-0.016400878315238322,-0.016400878315238322,0.005861881820464166,0.04412957699158392,0.0182,1.1143948801714307,-0.001141076940646836,-0.0012673968812019604,0.0033222591362126247,0.0793013319140693,-0.0994,1.9192751410529734,0.0038841739398848938,0.004533041016420061,0.21882985295635568,0.26615186045015843,0.00016486486486486486,32.64524576231583,-0.00541348013088234,-0.008437642232044316,0.007542675664946407,0.3597016747647554,0.0007131578947368421,27.223807027219934,0.004752680551132074,0.004641247889233146,0.03829195847090091,0.039732160826078326,0.13535729146317674,0.07007020681215821
N6MmeEN0ME,2026,0x5gxz6Pq7,pzeQZ6xQKw,98.0,0.3032,0.2742,2,0.034,0.0332,2,-0.135,-0.1355,5,0.0367,0.0355,3,-0.0372,0.024,38,0.0043,-0.001,31,2,0,2,0.2742,0.5,2026-05-14,13,0.20600000000000004,81,True,0.2970122448979592,1.9591836734693877,0.0333061224489796,1.9591836734693877,-0.13224489795918368,4.8979591836734695,0.03595102040816327,2.9387755102040813,-0.03644081632653061,37.224489795918366,0.004212244897959183,30.367346938775512,0.20179591836734698,79.34693877551021,0.0,1.9591836734693877,0.26860408163265304,100.0,0.2742,0.26860408163265304,0.007223609427050639,0.04384587107573929,0.1516,4.311555785630842,0.06159293448033768,0.05728515884904978,0.00683534396587721,0.027069152256985234,0.017,2.9348259182425065,-0.01625666867677633,-0.016711929723499722,0.028637920675975252,0.043285188593004446,-0.027000000000000003,1.2849865740982094,-0.0024131406676987117,-0.0014614101387005042,0.0033222591362126247,0.07783875962203923,0.012233333333333334,1.9223239981214013,0.004603285776006893,0.004540241961114632,0.2234227794155382,0.2622246548359651,-0.0009789473684210525,33.07682069566655,-0.01387363934983606,-0.008549189098943241,0.006161796859471278,0.35506196896711517,0.00013870967741935484,24.98636451605493,0.004254905595887518,0.004259797737098213,0.03790767715792099,0.039362669586119156,0.27186604352919397,0.03615891261267131
N6MmeEN0ME,2026,eV5D89an5K,pzeQZ6xQKw,101.0,-0.2911,-0.3211,8,0.031,0.0302,6,0.0029,0.0024,1,-0.0023,-0.0036,6,0.0435,0.1066,57,0.0118,0.0064,48,8,2,6,1.6789,0.375,2026-05-17,14,-0.20420000000000002,126,True,-0.2766891089108911,7.603960396039604,0.029465346534653464,5.702970297029703,0.002756435643564356,0.9504950495049505,-0.002186138613861386,5.702970297029703,0.04134653465346534,54.17821782178217,0.011215841584158417,45.62376237623762,-0.19409108910891093,119.76237623762376,1.900990099009901,7.603960396039604,1.5957861386138616,75.0,-0.32109999999999994,-0.3052039603960396,0.028281553028987088,0.04512752053375302,-0.0363875,4.5631373931624895,0.05421722912524229,0.060627778791247984,0.020229480976184842,0.027874701472863753,0.005166666666666667,3.03837505860431,-0.01663400514576557,-0.017301574903439924,0.005861881820464166,0.044551212499878944,0.0029,1.113903319348507,-0.0012404760254842054,-0.0012668378310259595,0.006622516556291391,0.08003087967968145,-0.00038333333333333334,2.1459612011506213,0.005029425978873058,0.005068439608468485,0.3014578893640755,0.2680998263788889,0.000763157894736842,37.655141622974185,0.0018643633551205933,-0.009732523244728604,0.009508716323296355,0.3619965837381058,0.0002458333333333333,30.566993118788076,0.005233110859352608,0.0052112106198420535,0.04846964814733878,0.042606493040364034,0.9804679678962998,0.010295255646101417
N6MmeEN0ME,2026,kRQalzejqK,pzeQZ6xQKw,101.0,-0.2057,-0.2357,2,0.0008,0.0,0,0.0237,0.0232,1,0.0067,0.0055,3,-0.0116,0.0514,36,0.0131,0.0077,32,2,2,0,1.7643,0.0,2026-05-24,15,-0.173,74,True,-0.1955168316831683,1.900990099009901,0.0007603960396039605,0.0,0.022526732673267325,0.9504950495049505,0.006368316831683168,2.8514851485148514,-0.011025742574257424,34.21782178217822,0.012451485148514853,30.415841584158414,-0.16443564356435642,70.33663366336634,1.900990099009901,1.900990099009901,1.6769584158415842,0.0,-0.23570000000000002,-0.22403168316831684,0.007223609427050639,0.04512752053375302,-0.10285,4.305776483979898,0.05359615264081417,0.057208372596111966,0.0,0.027874701472863753,,2.879406464065998,-0.01639635188368456,-0.01639635188368456,0.005861881820464166,0.044551212499878944,0.0237,1.113903319348507,-0.0011046609774413762,-0.0012668378310259595,0.0033222591362126247,0.08003087967968145,0.0022333333333333333,1.9177543363214304,0.0045286302842869304,0.004529449102953049,0.21418227519501587,0.2680998263788889,-0.0003222222222222222,32.3037629103025,-0.008790512787124016,-0.008349380984000883,0.006359300476947536,0.3619965837381058,0.000409375,25.061777746295697,0.0043107277538267765,0.004272654553755973,0.03614398503067792,0.039997905554109585,0.2509237142187665,0.03905889532951942
N6MmeEN0ME,2026,wvq9kweBMW,pzeQZ6xQKw,99.0,1.4699,1.4406,2,0.0187,0.0179,2,0.0021,0.0016,1,-0.0025,-0.0037,5,-0.0182,0.0436,35,0.014,0.0087,35,2,0,2,1.4406,0.0,2026-07-23,17,1.484,80,True,1.4253575757575758,1.9393939393939394,0.018133333333333335,1.9393939393939394,0.0020363636363636365,0.9696969696969697,-0.0024242424242424242,4.848484848484849,-0.01764848484848485,33.93939393939394,0.013575757575757574,33.93939393939394,1.4390303030303029,77.57575757575758,0.0,1.9393939393939394,1.3969454545454547,100.0,1.4406,1.3969454545454547,0.007223609427050639,0.04427346966994863,0.73495,4.309627628718666,0.07972569750128429,0.05725954053851602,0.00683534396587721,0.027337816958284907,0.00935,2.9340154966894016,-0.01640560035653206,-0.016707314898491633,0.005861881820464166,0.04370756918706364,0.0021,1.1148868750333176,-0.0012467996105721278,-0.0012679564250087543,0.0055248618784530384,0.07857062614795715,-0.0005,2.073177755901362,0.0048637562940541225,0.004896535989454149,0.2094790648483472,0.2641934977551204,-0.0005200000000000001,32.219988288518245,-0.010092938256804665,-0.008327728205158692,0.006951340615690168,0.3573901965395055,0.0004,26.282404452882904,0.004522684908074524,0.004480752969962974,0.06136680047950409,0.04033382996927408,0.2695566735671302,0.03645740255714605
N6MmeEN0ME,2026,odMXVz7xqY,pzeQZ6xQKw,101.0,-0.4206,-0.4506,3,0.0112,0.0104,2,0.0137,0.0132,2,0.0012,0.0,0,-0.0555,0.0075,47,0.0143,0.0089,37,3,1,2,0.5494,0.3333,2026-07-26,18,-0.43570000000000003,91,True,-0.39977821782178213,2.8514851485148514,0.010645544554455445,1.900990099009901,0.013021782178217822,1.900990099009901,0.0011405940594059404,0.0,-0.05275247524752476,44.67326732673268,0.013592079207920792,35.16831683168317,-0.414130693069307,86.4950495049505,0.9504950495049505,2.8514851485148514,0.5222019801980198,66.66666666666666,-0.4506,-0.4282930693069307,0.010796419581442509,0.04512752053375302,-0.1402,4.348669968843663,0.05057207594604787,0.057778273628634635,0.00683534396587721,0.027874701472863753,0.0056,2.932395995578769,-0.016471709644256444,-0.016698092890269682,0.011655440824251158,0.044551212499878944,0.00685,1.156249026279085,-0.0012073559050069182,-0.001314997435714605,0.0,0.08003087967968145,,1.6895474714922398,0.003990458597437615,0.003990458597437615,0.2624508711749691,0.2680998263788889,-0.0011808510638297873,35.10686604551148,-0.017572593390335164,-0.009073884072953498,0.007345642247369466,0.3619965837381058,0.00038648648648648647,26.782157550199564,0.004608447781418943,0.004565953324407873,0.02391932338530591,0.03924771115154234,0.3644893898591991,0.027220397185220357
N6MmeEN0ME,2026,jYQJJyakQG,pzeQZ6xQKw,100.0,0.3785,0.3488,3,-0.0482,-0.049,3,0.0005,0.0,0,0.039,0.0378,5,0.0025,0.065,21,0.0067,0.0013,12,3,0,3,0.3488,0.3333,2026-08-02,19,0.37899999999999995,44,True,0.36336,2.88,-0.046272,2.88,0.00048000000000000007,0.0,0.03744,4.800000000000001,0.0024000000000000002,20.16,0.006432,11.52,0.36383999999999994,42.24,0.0,2.88,0.334848,100.0,0.3488,0.334848,0.010796419581442509,0.04470068598514822,0.12616666666666668,4.350613854150966,0.06310620472346429,0.057804100913297005,0.010218093855726062,0.027606333322638656,-0.016066666666666667,2.959707602581381,-0.017167300249420224,-0.016853614774558077,0.0,0.04412957699158392,,1.0720304862595103,-0.001219216023883485,-0.001219216023883485,0.0055248618784530384,0.0793013319140693,0.0078,2.071533698327986,0.004954892252278415,0.004892652971196861,0.13718215470129144,0.26615186045015843,0.00011904761904761905,28.5571531858014,-0.005902098441906904,-0.007381014788549216,0.0023942537909018356,0.3597016747647554,0.0005583333333333333,18.245653225091637,0.003127551330902206,0.0031106082787747485,0.0469000335914343,0.04035351657627784,0.38311530097322116,0.02593134037700299
N6MmeEN0ME,2026,2lqROe7JQr,pzeQZ6xQKw,101.0,0.4198,0.3898,3,-0.056,-0.0568,3,0.0057,0.0052,1,-0.0134,-0.0147,2,0.0043,0.0674,36,0.0081,0.0027,35,3,0,3,0.3898,0.0,2026-08-16,20,0.3685,80,True,0.3990178217821782,2.8514851485148514,-0.05322772277227723,2.8514851485148514,0.005417821782178218,0.9504950495049505,-0.012736633663366336,1.900990099009901,0.004087128712871287,34.21782178217822,0.007699009900990099,33.26732673267327,0.35025742574257424,76.03960396039605,0.0,2.8514851485148514,0.37050297029702967,100.0,0.3898,0.37050297029702967,0.010796419581442509,0.04512752053375302,0.13993333333333333,4.348669968843663,0.0637243543241545,0.057778273628634635,0.010218093855726062,0.027874701472863753,-0.018666666666666668,2.958890761335154,-0.017241171276387513,-0.01684896339356224,0.005861881820464166,0.044551212499878944,0.0057,1.113903319348507,-0.0012221932305553629,-0.0012668378310259595,0.0022172949002217295,0.08003087967968145,-0.0067,1.841685381378367,0.004312780994337743,0.004349785601114571,0.21418227519501587,0.2680998263788889,0.00011944444444444444,32.3037629103025,-0.005734668185566393,-0.008349380984000883,0.006951340615690168,0.3619965837381058,0.00023142857142857142,26.09400562863802,0.004459688287254724,0.004448633816147114,0.0482987909132377,0.04011151083730724,0.37009122386784044,0.026819429533777323
N6MmeEN0ME,2026,EGMPG8RxQa,pzeQZ6xQKw,105.0,0.1652,0.1341,2,-0.0117,-0.0125,2,0.0011,0.0006,1,0.0148,0.0135,3,-0.0089,0.0567,44,0.0159,0.0102,30,2,0,2,0.1341,0.0,2026-08-20,21,0.17640000000000003,82,True,0.15104,1.8285714285714287,-0.010697142857142856,1.8285714285714287,0.0010057142857142858,0.9142857142857144,0.013531428571428573,2.742857142857143,-0.008137142857142857,40.22857142857143,0.014537142857142856,27.428571428571427,0.16128000000000003,74.97142857142858,0.0,1.8285714285714287,0.12260571428571429,100.0,0.1341,0.12260571428571429,0.007223609427050639,0.04683105127852783,0.0826,4.298094806291702,0.05925834170901983,0.057106310568279216,0.00683534396587721,0.028946694384082813,-0.00585,2.929162350980783,-0.016682795754573116,-0.01667967938201476,0.005861881820464166,0.04623404140666874,0.0011,1.1119414049793725,-0.0012500237034039118,-0.0012646065535884285,0.0033222591362126247,0.08293754561811274,0.004933333333333334,1.911695142502269,0.004531470057171838,0.004515138192796818,0.24988480393958798,0.2757893608978995,-0.00020227272727272726,33.98157331657934,-0.00830588309942286,-0.008783035674317438,0.005964214711729622,0.37101403992684695,0.00053,24.029132210071293,0.00414812796035241,0.004096604087686497,0.041699237169144185,0.038990731238841905,0.2340098029988959,0.04176411404399903
N6MmeEN0ME,2026,xW5pOJwRMg,pzeQZ6xQKw,99.0,-0.6844,-0.7138,4,-0.0283,-0.0291,1,0.0005,0.0,0,0.1437,0.1425,8,0.0163,0.0781,41,0.0087,0.0034,37,4,3,1,2.2862,0.0,2026-08-23,22,-0.5435,91,True,-0.6636606060606061,3.878787878787879,-0.02744242424242424,0.9696969696969697,0.0004848484848484849,0.0,0.13934545454545455,7.757575757575758,0.015806060606060605,39.75757575757576,0.008436363636363636,35.87878787878788,-0.5270303030303031,88.24242424242425,2.909090909090909,3.878787878787879,2.2169212121212123,25.0,-0.7138,-0.692169696969697,0.014343606244813343,0.04427346966994863,-0.1711,4.395491327472507,0.0467753148783567,0.058400362057948366,0.0034293925216784442,0.027337816958284907,-0.0283,2.9075060984268224,-0.01678176153640045,-0.0165563610725687,0.0,0.04370756918706364,,1.0725037776398014,-0.0012197542962947765,-0.0012197542962947765,0.00881057268722467,0.07857062614795715,0.0179625,2.301746850149965,0.0057527586414229245,0.005436382026717184,0.23688312364197092,0.2641934977551204,0.00039756097560975605,33.75711409363895,-0.0034791180771489598,-0.008725020898363753,0.007345642247369466,0.3573901965395055,0.00023513513513513513,26.975524834050432,0.004611730135745922,0.004598919525539194,0.035659169745681354,0.04193452734297752,0.524461994689963,0.019075953343141428
N6MmeEN0ME,2026,9vQ2GrNLMK,pzeQZ6xQKw,99.0,-0.7951,-0.8244,2,-0.0016,-0.0024,1,0.0019,0.0014,2,0.0047,0.0035,6,-0.0241,0.0377,50,0.0201,0.0148,33,2,1,1,0.1756,0.5,2026-09-10,25,-0.7941,94,True,-0.7710060606060607,1.9393939393939394,-0.0015515151515151514,0.9696969696969697,0.0018424242424242422,1.9393939393939394,0.004557575757575758,5.818181818181818,-0.02336969696969697,48.484848484848484,0.019490909090909093,32.0,-0.7700363636363636,91.15151515151516,0.9696969696969697,1.9393939393939394,0.1702787878787879,50.0,-0.8244,-0.7994181818181819,0.007223609427050639,0.04427346966994863,-0.39755,4.309627628718666,0.04446976438891382,0.05725954053851602,0.0034293925216784442,0.027337816958284907,-0.0016,2.9075060984268224,-0.01651553637919331,-0.0165563610725687,0.011655440824251158,0.04370756918706364,0.00095,1.157269972426834,-0.0012880040784872468,-0.0013161585537227326,0.006622516556291391,0.07857062614795715,0.0007833333333333334,2.14936745398423,0.005054015704990476,0.005076484668541828,0.2746028570545772,0.2641934977551204,-0.000482,36.06280280132,-0.011534618973689889,-0.009320959938171343,0.0065567256109676135,0.3573901965395055,0.0006090909090909091,25.58928407171538,0.00443617657098654,0.004362586414386755,0.024621797233520388,0.03950513205698183,0.272518819935688,0.036075424169217406
N6MmeEN0ME,2026,Oa5wP6KDq1,pzeQZ6xQKw,97.0,0.2244,0.1956,5,0.028,0.0272,5,0.0022,0.0017,1,0.0012,0.0,0,0.0045,0.0651,41,0.0119,0.0067,27,5,0,5,0.1956,0.0,2026-09-13,26,0.2722,79,True,0.2220865979381443,4.948453608247423,0.02771134020618557,4.948453608247423,0.002177319587628866,0.9896907216494846,0.0011876288659793813,0.0,0.00445360824742268,40.577319587628864,0.011777319587628867,26.721649484536083,0.2693938144329897,78.18556701030928,0.0,4.948453608247423,0.19358350515463915,100.0,0.1956,0.19358350515463915,0.01786544408219076,0.04341788968918779,0.044879999999999996,4.442396516393475,0.06153100065325495,0.059023564292078626,0.01691493085882438,0.02680033909578664,0.0056,3.0152089284423265,-0.01659362374560859,-0.017169658820504294,0.005861881820464166,0.04286243471522076,0.0022,1.1158721691755027,-0.0012472473730384419,-0.0012690769961322325,0.0,0.07710572956823622,,1.6949195865615008,0.004003146730281626,0.004003146730281626,0.23688312364197092,0.2602452473392331,0.0001097560975609756,33.93825076388137,-0.005811564818241802,-0.008771838325616012,0.0053709966182613885,0.352716809332854,0.0004407407407407408,23.680899113839615,0.004071609453595768,0.004037235604754247,0.04595332090024352,0.03985337248486196,0.6540420191704774,0.01535462058621362
NPqxeGOZQ9,2026,xW5pOJ6dMg,0KPqjA456v,98.0,0.2374,0.2084,1,-0.0048,-0.0056,1,0.0005,0.0,0,0.0012,0.0,0,0.0093,0.0704,37,0.0034,-0.0019,31,1,0,1,0.2084,0.0,2026-02-22,1,0.247,70,True,0.2325551020408163,0.9795918367346939,-0.00470204081632653,0.9795918367346939,0.0004897959183673469,0.0,0.0011755102040816325,0.0,0.009110204081632652,36.244897959183675,0.003330612244897959,30.367346938775512,0.2419591836734694,68.57142857142857,0.0,0.9795918367346939,0.2041469387755102,100.0,0.2084,0.2041469387755102,0.003624897134080235,0.04384587107573929,0.2374,4.268604728250526,0.060182258954049044,0.056714492883653704,0.0034293925216784442,0.027069152256985234,-0.0048,2.9083091976642352,-0.016552014180138956,-0.01656093420173906,0.0,0.043285188593004446,,1.0729774871120652,-0.0012202930442004117,-0.0012202930442004117,0.0,0.07783875962203923,,1.6935733575994902,0.003999967138689073,0.003999967138689073,0.21882985295635568,0.2622246548359651,0.0002513513513513513,32.81994756439866,-0.004821305909318674,-0.008482796473308137,0.006161796859471278,0.35506196896711517,0.00010967741935483871,24.98636451605493,0.004250435763237061,0.004259797737098213,0.04583904872231714,0.03871023404019338,0.1312158925884675,0.07212224191602339
NPqxeGOZQ9,2026,ljqEdkAz5x,0KPqjA456v,96.0,0.19,0.1615,1,0.0014,0.0006,1,0.0036,0.0032,1,-0.0179,-0.019,1,-0.0138,0.0462,39,0.0012,-0.004,39,1,0,1,0.1615,0.0,2026-03-01,2,0.1645,82,True,0.19,1.0,0.0014,1.0,0.0036,1.0,-0.0179,1.0,-0.0138,39.0,0.0012,39.0,0.1645,82.0,0.0,1.0,0.1615,100.0,0.1615,0.1615,0.003624897134080235,0.042989524996042236,0.19,4.272427755118513,0.05950207002683675,0.056765287240100784,0.0034293925216784442,0.02653137735160019,0.0014,2.9099167278471176,-0.01649929176194277,-0.01657008804329325,0.005861881820464166,0.04243930705865313,0.0036,1.1163654696091052,-0.001238637147879987,-0.0012696380247605651,0.0011098779134295228,0.07637153320966035,-0.0179,1.7726394906825444,0.004146846090679742,0.004186709527317406,0.2279620129126287,0.25825519000376856,-0.00035384615384615386,33.51303964845115,-0.009390622303882667,-0.008661936280729884,0.007739630879142687,0.35035453225470276,3.076923076923077e-05,27.97157756685855,0.004738484471093007,0.0047687314713514865,0.04125884937490409,0.03921906588998597,0.14168731266555132,0.06714996083155148
NPqxeGOZQ9,2026,wvq9kwawMW,0KPqjA456v,96.0,0.7282,0.6997,3,-0.0117,-0.0125,3,0.0197,0.0192,2,-0.008,-0.0091,6,0.0261,0.0861,52,0.0102,0.005,38,3,0,3,0.6997,0.3333,2026-03-08,3,0.7645,104,True,0.7282,3.0,-0.0117,3.0,0.0197,2.0,-0.008,6.0,0.026100000000000005,52.0,0.0102,38.0,0.7645,104.0,0.0,3.0,0.6997,100.0,0.6997,0.6997,0.010796419581442509,0.042989524996042236,0.24273333333333333,4.358406805110597,0.068704308945199,0.05790764136500892,0.010218093855726062,0.02653137735160019,-0.0039000000000000003,2.9629794825503177,-0.01681792022471193,-0.016872246008446504,0.011655440824251158,0.04243930705865313,0.00985,1.1588047766677583,-0.001169505479543698,-0.0013179040805039609,0.006622516556291391,0.07637153320966035,-0.0013333333333333333,2.154497156730846,0.005035876662789329,0.005088600259712199,0.2824841333333236,0.25825519000376856,0.000501923076923077,36.87035711850014,-0.0016100247650669287,-0.009529684187359704,0.007542675664946407,0.35035453225470276,0.00026842105263157897,27.621223034603847,0.004729405131611424,0.00470900131562108,0.05887214027027719,0.039985408664032045,0.42409639061527576,0.02348440175425757
NPqxeGOZQ9,2026,4wM4O82pQj,0KPqjA456v,102.0,-0.3204,-0.3506,4,0.0132,0.0123,3,0.0015,0.001,1,0.0065,0.0053,2,0.0261,0.0898,26,0.0068,0.0013,11,4,1,3,0.6494,0.0,2026-03-15,4,-0.26630000000000004,47,True,-0.3015529411764706,3.764705882352941,0.012423529411764705,2.8235294117647056,0.001411764705882353,0.9411764705882353,0.00611764705882353,1.8823529411764706,0.02456470588235294,24.470588235294116,0.0063999999999999994,10.352941176470589,-0.25063529411764707,44.23529411764706,0.9411764705882353,3.764705882352941,0.6112,75.0,-0.3506,-0.3299764705882353,0.014343606244813343,0.04555397382726262,-0.0801,4.389602148152223,0.05244225220228192,0.05832211592369276,0.010218093855726062,0.028142921531641923,0.0044,2.9580743708398898,-0.016539203913158832,-0.016844314579300725,0.005861881820464166,0.04497247620439232,0.0015,1.1134121919904345,-0.0012490664583425662,-0.0012662792738278158,0.0022172949002217295,0.08075927219536061,0.00325,1.8402272130351027,0.004349965565161767,0.004346341625434651,0.16447250288380957,0.2700374781153283,0.001003846153846154,29.67671187441379,-0.0015090381880722382,-0.007670381140423724,0.002195170624625823,0.3642751009820834,0.0006181818181818182,17.772483773754495,0.003047406318461615,0.0030299400344299243,0.040542315526331675,0.039917422590005074,0.4769558677957855,0.020936192049758027
NPqxeGOZQ9,2026,eVq36laD5W,0KPqjA456v,100.0,1.2916,1.262,6,-0.0447,-0.0455,6,0.0225,0.022,1,0.107,0.1058,4,0.0043,0.0668,38,-0.0013,-0.0067,21,6,0,6,1.262,0.3333,2026-03-22,5,1.3794,76,True,1.2399360000000001,5.76,-0.042912,5.76,0.0216,0.96,0.10272,3.84,0.004128,36.480000000000004,-0.001248,20.16,1.3242239999999998,72.96000000000001,0.0,5.76,1.21152,100.0,1.262,1.21152,0.021362203846968835,0.04470068598514822,0.2152666666666667,4.479351829788193,0.07884182072274921,0.059514568259877935,0.020229480976184842,0.027606333322638656,-0.007449999999999999,3.03921384255058,-0.017414291534472666,-0.01730635123387783,0.005861881820464166,0.04412957699158392,0.0225,1.1143948801714307,-0.0011129874009645866,-0.0012673968812019604,0.004424778761061947,0.0793013319140693,0.02675,1.9954044196904799,0.004928175406343469,0.0047128469938084614,0.2234227794155382,0.26615186045015843,0.0001131578947368421,32.90075154834799,-0.0057719668127902985,-0.008503681447262762,0.0041824337781318464,0.3597016747647554,-6.19047619047619e-05,21.353475695059124,0.003619690463383422,0.0036404450670103473,0.06309044084424856,0.04079043075835419,0.7488357912057073,0.013437024592446096
NPqxeGOZQ9,2026,gpMOglznMz,0KPqjA456v,103.0,0.4349,0.4044,1,-0.0428,-0.0436,1,0.0158,0.0153,2,0.0166,0.0153,2,-0.0086,0.0557,30,-0.0025,-0.008,28,1,0,1,0.4044,0.0,2026-04-05,6,0.4134,64,True,0.40534368932038833,0.9320388349514562,-0.039891262135922326,0.9320388349514562,0.014726213592233011,1.8640776699029125,0.015471844660194174,1.8640776699029125,-0.008015533980582523,27.961165048543688,-0.002330097087378641,26.097087378640776,0.385304854368932,59.6504854368932,0.0,0.9320388349514562,0.3769165048543689,100.0,0.4044,0.3769165048543689,0.003624897134080235,0.045980046376263226,0.4349,4.259077027116211,0.06309707611101224,0.0565879038053529,0.0034293925216784442,0.028410993621519526,-0.0428,2.904298131932961,-0.016907665240310895,-0.01653809378445886,0.011655440824251158,0.045393368596699575,0.0079,1.1552298799055034,-0.0011921537625926852,-0.001313838364582506,0.0022172949002217295,0.08148651220296954,0.0083,1.8387713518967415,0.004367113518366476,0.004342903099027863,0.1850924842280916,0.27196489736136725,-0.0002866666666666667,30.612279803421725,-0.00807198787592858,-0.007912192383819417,0.005568814638027049,0.36653740149227726,-8.928571428571429e-05,23.516898911763242,0.003975256163511387,0.0040092760474829325,0.04526763891405794,0.03917595841900291,0.12544209114443533,0.07519224802276671
NPqxeGOZQ9,2026,7vQ7RXrYqD,0KPqjA456v,104.0,-0.4976,-0.5284,4,-0.0417,-0.0425,3,0.0005,0.0,0,-0.0016,-0.0029,2,-0.0194,0.0456,24,0.0013,-0.0043,13,4,1,3,0.4716,0.25,2026-04-12,7,-0.5585000000000001,46,True,-0.45932307692307695,3.6923076923076925,-0.038492307692307694,2.769230769230769,0.0004615384615384616,0.0,-0.0014769230769230768,1.8461538461538463,-0.01790769230769231,22.153846153846153,0.0012,12.0,-0.5155384615384616,42.46153846153846,0.9230769230769231,3.6923076923076925,0.435323076923077,75.0,-0.5284,-0.48775384615384615,0.014343606244813343,0.04640573869042975,-0.1244,4.38568478795526,0.04960869225768796,0.058270068214626845,0.010218093855726062,0.028678917864907755,-0.013900000000000001,2.9564429406106667,-0.017082910819729666,-0.016835024642487064,0.0,0.04581389016751004,,1.0701414906074442,-0.0012170676766139208,-0.0012170676766139208,0.0022172949002217295,0.08221260243570114,-0.0008,1.8373177924917063,0.0043265890239534985,0.004339470008971159,0.1537661802406755,0.27388216495825446,-0.0008083333333333333,29.014777068009963,-0.00995252878307511,-0.007499294388066654,0.002593257530420906,0.3687836577821413,9.999999999999999e-05,18.32727280400693,0.003121173224681017,0.0031245231841361457,0.028803947226903777,0.040182674700566516,0.4581911496173371,0.021774940687091265
NPqxeGOZQ9,2026,p6qbYzO650,0KPqjA456v,99.0,0.96,0.9306,3,0.0585,0.0577,3,0.0024,0.0019,2,0.0696,0.0684,1,0.0528,0.1146,51,-0.0172,-0.0226,38,3,0,3,0.9306,0.0,2026-04-19,8,1.1260999999999999,98,True,0.9309090909090909,2.909090909090909,0.05672727272727273,2.909090909090909,0.0023272727272727273,1.9393939393939394,0.06749090909090909,0.9696969696969697,0.0512,49.45454545454545,-0.01667878787878788,36.848484848484844,1.0919757575757574,95.03030303030303,0.0,2.909090909090909,0.9024000000000001,100.0,0.9306,0.9024000000000001,0.010796419581442509,0.04427346966994863,0.32,4.3525594780955865,0.0722430535608275,0.05782995129823219,0.010218093855726062,0.027337816958284907,0.0195,2.9605248949519813,-0.016096116388186206,-0.016858268724414566,0.011655440824251158,0.04370756918706364,0.0012,1.157269972426834,-0.0012846319555669208,-0.0013161585537227326,0.0011098779134295228,0.07857062614795715,0.0696,1.7684189635698921,0.004308711549009498,0.004176741273103438,0.2785650191927529,0.2641934977551204,0.0010352941176470587,36.31899043550678,0.0037020412290537747,-0.009387175387038853,0.007542675664946407,0.3573901965395055,-0.0004526315789473684,27.32208502463419,0.004529589947243511,0.004658002803327303,0.06740264794238116,0.03910309270948678,0.3836206704392789,0.02589806397432787
NPqxeGOZQ9,2026,7VqGXPjeQv,0KPqjA456v,112.0,0.0386,0.0054,2,-0.0329,-0.0338,1,0.0006,0.0,0,-0.0206,-0.0219,3,0.0001,0.07,27,-0.0149,-0.0209,30,2,1,1,1.0054,0.0,2026-04-23,9,-0.029099999999999997,63,True,0.03308571428571429,1.7142857142857142,-0.028200000000000003,0.8571428571428571,0.0005142857142857143,0.0,-0.017657142857142857,2.571428571428571,8.571428571428573e-05,23.142857142857142,-0.01277142857142857,25.714285714285715,-0.02494285714285714,54.0,0.8571428571428571,1.7142857142857142,0.8617714285714286,50.0,0.005400000000000071,0.00462857142857149,0.007223609427050639,0.049797649611595635,0.0193,4.284717617594131,0.057114702513279256,0.056928575565511084,0.0034293925216784442,0.030817003983279197,-0.0329,2.8971060256481067,-0.016767436060336045,-0.01649713940483133,0.0,0.049164771760890486,,1.0663834004547603,-0.001212793615575472,-0.001212793615575472,0.0033222591362126247,0.08798025755104472,-0.006866666666666667,1.901183178064992,0.0044320211296934664,0.004490310503979266,0.16972471267568665,0.2888642720919936,3.7037037037037037e-06,29.158904306413504,-0.00623907846917125,-0.007536546185231724,0.005964214711729622,0.3861960325720841,-0.0004966666666666666,23.449134989716317,0.0039044183897236073,0.003997723322331303,0.04123183388761356,0.04017013018618313,0.2039172873366569,0.047633757428970795
NPqxeGOZQ9,2026,Pk5L3DkmMO,0KPqjA456v,80.0,-0.1565,-0.1802,3,-0.0038,-0.0045,1,0.0035,0.0031,1,0.001,0.0,0,-0.0108,0.0392,34,-0.0011,-0.0053,19,3,2,1,1.8198,0.0,2026-04-26,10,-0.1677,58,True,-0.18780000000000002,3.5999999999999996,-0.00456,1.2000000000000002,0.0042,1.2000000000000002,0.0012000000000000001,0.0,-0.01296,40.8,-0.00132,22.799999999999997,-0.20124,69.6,2.4000000000000004,3.5999999999999996,2.18376,33.33333333333333,-0.18019999999999992,-0.21623999999999988,0.010796419581442509,0.036083136983248026,-0.05216666666666667,4.389859803066103,0.055223405160639547,0.058325539236159005,0.0034293925216784442,0.022207681187950416,-0.0038,2.9228412284422203,-0.016624696527422548,-0.016643684689797596,0.005861881820464166,0.03561802325315476,0.0035,1.1243180158602164,-0.0012481197711608283,-0.0012786824240983673,0.0,0.06446347339120131,,1.7181374223410641,0.00405798378811145,0.00405798378811145,0.20471921699935186,0.22489260542731962,-0.00031764705882352944,33.67105097635308,-0.009110727504166714,-0.008702776624317857,0.003785614664275752,0.3100677150937445,-5.789473684210527e-05,22.264569033353336,0.0037765237240101964,0.0037957727193487726,0.03607436887001111,0.0395541520054054,0.5750060778087897,0.01742836632550692
NPqxeGOZQ9,2026,4wM4O8lzQj,0KPqjA456v,106.0,-0.284,-0.3154,1,0.0009,0.0,0,0.0005,0.0,0,-0.0155,-0.0168,2,-0.0032,0.063,26,0.0015,-0.0041,16,2,1,0,0.6846,0.0,2026-05-02,11,-0.29979999999999996,45,True,-0.2572075471698113,0.9056603773584906,0.0008150943396226414,0.0,0.0004528301886792453,0.0,-0.014037735849056605,1.8113207547169812,-0.0028981132075471703,23.547169811320757,0.0013584905660377357,14.49056603773585,-0.27151698113207545,40.75471698113208,0.9056603773584906,1.8113207547169812,0.6200150943396227,0.0,-0.3154,-0.28564528301886793,0.003624897134080235,0.047255984648415836,-0.284,4.253380794702726,0.05192863898648804,0.05651222124553653,0.0,0.029214323301186104,,2.8754385437189813,-0.016373757151378426,-0.016373757151378426,0.0,0.046653822803158336,,1.0691994869946686,-0.0012159963396379924,-0.0012159963396379924,0.0022172949002217295,0.08366134446616015,-0.00775,1.834417557081679,0.004291490693617593,0.004332620086419817,0.16447250288380957,0.2776865643339975,-0.00012307692307692307,29.365737377767154,-0.006936101923334998,-0.00759000522397027,0.003189792663476874,0.37322871560620957,9.375e-05,19.212266588121835,0.0032706987008480665,0.003275401256714344,0.03496497296660229,0.038940483873684,0.11504223402560611,0.081436098711356
NPqxeGOZQ9,2026,Oa5wP6Ojq1,0KPqjA456v,101.0,0.7612,0.7313,5,0.0687,0.0679,4,0.0005,0.0,0,-0.1492,-0.1505,2,-0.027,0.036,37,0.0071,0.0017,16,5,1,4,1.7313,0.0,2026-05-10,12,0.6612999999999999,64,True,0.7235168316831684,4.752475247524753,0.0652990099009901,3.801980198019802,0.00047524752475247524,0.0,-0.1418138613861386,1.900990099009901,-0.025663366336633665,35.16831683168317,0.006748514851485149,15.207920792079207,0.6285623762376236,60.83168316831683,0.9504950495049505,4.752475247524753,1.6455920792079208,80.0,0.7313000000000001,0.6950970297029704,0.01786544408219076,0.04512752053375302,0.15224,4.434456938571193,0.06992647021271808,0.05891807569367997,0.013577878462138824,0.027874701472863753,0.017175,2.9853855270915393,-0.016072820126561988,-0.0169998338968548,0.0,0.044551212499878944,,1.0715576124179291,-0.0012186782263373136,-0.0012186782263373136,0.0022172949002217295,0.08003087967968145,-0.0746,1.841685381378367,0.004035507297230002,0.004349785601114571,0.21882985295635568,0.2680998263788889,-0.0007297297297297297,32.55859046804878,-0.011772910319670225,-0.008415244901178395,0.003189792663476874,0.3619965837381058,0.00044375,19.556562373803317,0.0033511451417869756,0.0033340984876698934,0.04824871397916554,0.03996820275809392,0.606200603912332,0.01654635817105092
NPqxeGOZQ9,2026,gOMnGz2l5w,0KPqjA456v,101.0,0.1068,0.0768,9,-0.0284,-0.0292,6,0.016,0.0155,2,0.0,-0.0012,1,-0.0284,0.0347,39,-0.0073,-0.0127,18,9,3,6,3.0768,0.2222,2026-05-14,13,0.0587,75,True,0.10151287128712873,8.554455445544555,-0.026994059405940594,5.702970297029703,0.015207920792079208,1.900990099009901,0.0,0.9504950495049505,-0.026994059405940594,37.069306930693074,-0.006938613861386139,17.10891089108911,0.055794059405940594,71.2871287128713,2.8514851485148514,8.554455445544555,2.924483168316832,66.66666666666666,0.07679999999999998,0.07299801980198017,0.031704665012010046,0.04512752053375302,0.011866666666666668,4.606030878026254,0.06099034885558294,0.06119767982377064,0.020229480976184842,0.027874701472863753,-0.004733333333333333,3.03837505860431,-0.01724250617518642,-0.017301574903439924,0.011655440824251158,0.044551212499878944,0.008,1.156249026279085,-0.0011918578240874402,-0.001314997435714605,0.0011098779134295228,0.08003087967968145,0.0,1.7656164264353034,0.0041654937728618025,0.004170122099276093,0.2279620129126287,0.2680998263788889,-0.0007282051282051283,33.06824558354132,-0.012088019131012774,-0.008546972735533415,0.0035870864886408927,0.3619965837381058,-0.00040555555555555554,20.24471429536486,0.003409586202729594,0.003451417995930653,0.0380430457008877,0.04165567484428945,1.0823104531212488,0.009335543807016093
NPqxeGOZQ9,2026,a35ro3r2qL,0KPqjA456v,105.0,1.003,0.9718,9,-0.0638,-0.0646,6,0.0023,0.0017,1,-0.0151,-0.0164,3,0.0049,0.0705,32,0.0082,0.0025,24,9,3,6,3.9718,0.1111,2026-05-17,14,0.9394999999999999,75,True,0.9170285714285713,8.228571428571428,-0.05833142857142857,5.485714285714286,0.002102857142857143,0.9142857142857144,-0.013805714285714286,2.742857142857143,0.00448,29.25714285714286,0.007497142857142857,21.942857142857143,0.8589714285714285,68.57142857142857,2.742857142857143,8.228571428571428,3.63136,66.66666666666666,0.9718,0.8885028571428573,0.031704665012010046,0.04683105127852783,0.11144444444444443,4.597813534474279,0.07539720518445786,0.06108850071207716,0.020229480976184842,0.028946694384082813,-0.010633333333333333,3.0350245475854285,-0.017585734456359598,-0.01728249591673161,0.005861881820464166,0.04623404140666874,0.0023,1.1119414049793725,-0.0012422020204751877,-0.0012646065535884285,0.0033222591362126247,0.08293754561811274,-0.005033333333333333,1.911695142502269,0.004468170295531952,0.004515138192796818,0.19502546663613604,0.2757893608978995,0.000153125,30.95577004272811,-0.00551613842034221,-0.008000972470529995,0.004777070063694267,0.37101403992684695,0.0003416666666666667,21.99385519104402,0.003767605514345478,0.003749620098301024,0.0592889060971583,0.04280518406232497,1.006454019979793,0.010032104896479885
NPqxeGOZQ9,2026,4JMA1nL1MK,0KPqjA456v,103.0,0.8821,0.8515,7,-0.0799,-0.0807,6,0.0005,0.0,0,-0.0153,-0.0165,1,0.0175,0.0818,41,-0.0033,-0.0089,20,7,1,6,1.8515,0.1429,2026-05-24,15,0.8016,75,True,0.8221514563106795,6.524271844660194,-0.07446990291262136,5.592233009708738,0.00046601941747572817,0.0,-0.014260194174757282,0.9320388349514562,0.01631067961165049,38.213592233009706,-0.003075728155339806,18.640776699029125,0.7471223300970874,69.90291262135922,0.9320388349514562,6.524271844660194,1.725669902912621,85.71428571428571,0.8514999999999999,0.7936310679611651,0.024834152450295324,0.045980046376263226,0.12601428571428572,4.516208160249489,0.07264738590701054,0.06000425709844169,0.020229480976184842,0.028410993621519526,-0.013316666666666666,3.036698878907033,-0.01776027540117508,-0.017292030147435578,0.0,0.045393368596699575,,1.0706131151427236,-0.0012176040533289855,-0.0012176040533289855,0.0011098779134295228,0.08148651220296954,-0.0153,1.762822757998828,0.00412896814272134,0.004163523871988121,0.23688312364197092,0.27196489736136725,0.000426829268292683,33.40058011034992,-0.00321080080465627,-0.008632869464845335,0.00398406374501992,0.36653740149227726,-0.000165,20.783882170539272,0.003515558378901613,0.0035433379746497755,0.058103232169473155,0.04056861527946969,0.8109370102226787,0.012420803865888789
NPqxeGOZQ9,2026,EGMPG8Z6Qa,mKAqBBmqbg,104.0,-0.4628,-0.4936,4,-0.0398,-0.0407,2,0.0005,0.0,0,0.0278,0.0266,2,0.0058,0.0708,28,0.0004,-0.0052,16,4,2,2,1.5064,0.0,2026-07-23,17,-0.4681,52,True,-0.4272,3.6923076923076925,-0.03673846153846154,1.8461538461538463,0.0004615384615384616,0.0,0.025661538461538458,1.8461538461538463,0.0053538461538461535,25.846153846153847,0.0003692307692307692,14.76923076923077,-0.4320923076923077,48.0,1.8461538461538463,3.6923076923076925,1.3905230769230768,50.0,-0.49360000000000004,-0.45563076923076923,0.014343606244813343,0.04640573869042975,-0.1157,4.38568478795526,0.05015597911838495,0.058270068214626845,0.00683534396587721,0.028678917864907755,-0.0199,2.9299700933507515,-0.016968780497977416,-0.01668427895081293,0.0,0.04581389016751004,,1.0701414906074442,-0.0012170676766139208,-0.0012170676766139208,0.0022172949002217295,0.08221260243570114,0.0139,1.8373177924917063,0.004386474991912763,0.004339470008971159,0.1749113031204952,0.27388216495825446,0.00020714285714285713,30.02603429247121,-0.005315347897416125,-0.007760668639211787,0.003189792663476874,0.3687836577821413,2.5e-05,19.348519856326707,0.003289651378049924,0.003298630380871178,0.03433090941634017,0.04024615333783054,0.4576021813277413,0.021802355634688374
NPqxeGOZQ9,2026,9vQ2GrZmMK,mKAqBBmqbg,19.0,0.8047,0.7991,3,-0.0345,-0.0346,3,0.0001,0.0,0,-0.0111,-0.0113,1,-0.0016,0.0102,5,-0.0004,-0.0015,2,3,0,3,0.7991,0.0,2026-07-26,18,0.7572,14,True,4.065852631578947,15.157894736842104,-0.17431578947368423,15.157894736842104,0.0005052631578947368,0.0,-0.05608421052631579,5.052631578947368,-0.00808421052631579,25.263157894736842,-0.0020210526315789473,10.105263157894736,3.8258526315789476,70.73684210526315,0.0,15.157894736842104,4.0375578947368425,100.0,0.7991,4.0375578947368425,0.010796419581442509,0.008812198504926236,0.2682333333333333,4.5140568175712765,0.0724006771436898,0.05997567344715951,0.010218093855726062,0.005365174700198722,-0.011500000000000002,3.0274037718602123,-0.017418694198014395,-0.01723910054272775,0.0,0.008695437677435077,,1.111770681880983,-0.001264412390885155,-0.001264412390885155,0.0011098779134295228,0.016101519325648017,-0.0111,1.8883104672236313,0.004431693818335358,0.004459907085007045,0.036474748950364365,0.06446680010060643,-0.00032,31.19394509112016,-0.008132546682066515,-0.008062532302597543,0.00039984006397441024,0.09644270674453699,-0.0002,20.87446777122831,0.0035556892181850706,0.003558781451294043,0.05357240690924417,0.04142831674725015,10.247180568192238,0.0009943252291261672
NPqxeGOZQ9,2026,N6MmgzkWqE,mKAqBBmqbg,106.0,0.09,0.0585,4,-0.0927,-0.0936,3,0.0229,0.0223,1,0.0924,0.0911,1,-0.0113,0.0549,30,0.0029,-0.0028,13,4,1,3,1.0585,0.0,2026-09-13,26,0.10419999999999999,52,True,0.08150943396226415,3.6226415094339623,-0.08395471698113208,2.716981132075472,0.020739622641509435,0.9056603773584906,0.08368301886792452,0.9056603773584906,-0.010233962264150943,27.169811320754718,0.0026264150943396225,11.773584905660378,0.09436981132075471,47.09433962264151,0.9056603773584906,3.6226415094339623,0.9586415094339622,75.0,0.058499999999999996,0.0529811320754717,0.014343606244813343,0.047255984648415836,0.0225,4.3817744133701195,0.05879719067947062,0.058218113319362455,0.010218093855726062,0.029214323301186104,-0.0309,2.954813308914657,-0.017586768001334917,-0.016825744947153307,0.005861881820464166,0.046653822803158336,0.0229,1.1114520057597932,-0.001107442163276546,-0.0012640499617953451,0.0011098779134295228,0.08366134446616015,0.0924,1.7586487922821377,0.004329409742903134,0.00415366558883206,0.1850924842280916,0.2776865643339975,-0.00037666666666666664,30.371696252335596,-0.00851449123354576,-0.007850010038930386,0.002593257530420906,0.37322871560620957,0.00022307692307692306,18.198211209871005,0.0031050020888503138,0.0031025201317795995,0.03902290111306684,0.03953449409209508,0.43924949280657816,0.022692628259358708
Vj58B64EQ8,2026,9vQ2GrdaMK,zeQZBOzQKw,108.0,0.4139,0.3819,8,-0.1304,-0.1312,5,0.0031,0.0026,1,-0.0101,-0.0114,2,-0.0511,0.0163,70,-0.2541,-0.2599,49,8,3,5,3.3819,0.0,2026-03-15,4,-0.02870000000000003,135,True,0.3679111111111111,7.111111111111111,-0.1159111111111111,4.444444444444445,0.0027555555555555554,0.8888888888888888,-0.008977777777777777,1.7777777777777777,-0.045422222222222225,62.22222222222222,-0.22586666666666666,43.55555555555556,-0.025511111111111137,120.0,2.6666666666666665,7.111111111111111,3.0061333333333335,62.5,0.3818999999999999,0.3394666666666666,0.028281553028987088,0.048104715760470984,0.0517375,4.5489099950984295,0.06538548765571985,0.06043874754623323,0.01691493085882438,0.02974913881707011,-0.02608,3.0060728306763846,-0.018154194230981954,-0.01711763467049853,0.005861881820464166,0.04749227801976034,0.0031,1.1104744985808457,-0.0012353556941517893,-0.0012629382467542996,0.0022172949002217295,0.08510551998018141,-0.00505,1.8315264633769344,0.004295691976063052,0.004325791755209978,0.3463955200822151,0.28145130618479425,-0.00073,40.22055466517888,-0.016965125965982337,-0.010395591845441384,0.009704892057833234,0.3776116065626405,-0.005185714285714286,30.154526031513914,0.0035734186955378834,0.005140891211675692,0.0368999224362047,0.041129265750424686,0.8467856355962586,0.011901227858285424
Vj58BnDLQ8,2026,9vQ2GraaMK,19vQ2095K6,103.0,1.0744,1.0439,8,-0.1935,-0.1944,4,0.0005,0.0,0,-0.0134,-0.0147,1,-0.0474,0.0169,17,0.0019,-0.0037,13,8,4,4,5.0439,0.25,2026-02-22,1,0.8225,43,True,1.0013825242718446,7.45631067961165,-0.1803495145631068,3.728155339805825,0.00046601941747572817,0.0,-0.012489320388349514,0.9320388349514562,-0.04417864077669903,15.844660194174757,0.0017708737864077669,12.116504854368932,0.7666019417475729,40.07766990291262,3.728155339805825,7.45631067961165,4.70111067961165,50.0,1.0438999999999998,0.972955339805825,0.028281553028987088,0.045980046376263226,0.1343,4.559063349105036,0.07617682416689585,0.0605736493139565,0.013577878462138824,0.028410993621519526,-0.048375,2.983738580117404,-0.018719569886561788,-0.01699045560224489,0.0,0.045393368596699575,,1.0706131151427236,-0.0012176040533289855,-0.0012176040533289855,0.0011098779134295228,0.08148651220296954,-0.0134,1.762822757998828,0.004132685527005688,0.004163523871988121,0.11403186562114387,0.27196489736136725,-0.002788235294117647,27.31701580432477,-0.014940744636776,-0.007060483106243335,0.002593257530420906,0.36653740149227726,0.00014615384615384615,18.392492521968297,0.003134481655774099,0.0031356421609207634,0.04856607277300886,0.04260427258504818,0.9221116122839133,0.01093966908642631
Vj58BnDLQ8,2026,zeQZLzY15K,19vQ2095K6,97.0,0.3232,0.2945,4,-0.0132,-0.014,3,0.0005,0.0,0,0.0012,0.0,0,0.0078,0.0683,30,0.0001,-0.0051,11,4,1,3,1.2945,0.25,2026-02-28,2,0.31959999999999994,48,True,0.31986804123711343,3.9587628865979383,-0.013063917525773197,2.9690721649484537,0.0004948453608247423,0.0,0.0011876288659793813,0.0,0.007719587628865978,29.690721649484537,9.896907216494846e-05,10.88659793814433,0.3163051546391752,47.50515463917526,0.9896907216494846,3.9587628865979383,1.2811546391752577,75.0,0.2945,0.29146391752577316,0.014343606244813343,0.04341788968918779,0.0808,4.399426233814485,0.06271299511707534,0.05845264289253889,0.010218093855726062,0.02680033909578664,-0.0044,2.9621608345620065,-0.016828407383991544,-0.01686758433922657,0.0,0.04286243471522076,,1.073451615230542,-0.0012208322682307259,-0.0012208322682307259,0.0,0.07710572956823622,,1.6949195865615008,0.004003146730281626,0.004003146730281626,0.1850924842280916,0.2602452473392331,0.00026,31.10506539078622,-0.005054596306654375,-0.008039560041381646,0.002195170624625823,0.352716809332854,9.090909090909091e-06,18.095610256775043,0.0030786171734624116,0.0030850282190388934,0.04669092306194273,0.03941284119302047,0.5203489658616468,0.019223838031652566
Vj58BnDLQ8,2026,4JMA1nakMK,19vQ2095K6,105.0,0.7803,0.7492,8,0.0199,0.019,7,0.0194,0.0189,3,-0.0055,-0.0067,1,0.0126,0.0782,32,0.0019,-0.0037,24,9,1,7,1.7492,0.0,2026-03-15,4,0.8286,75,True,0.7134171428571429,7.314285714285715,0.018194285714285715,6.4,0.017737142857142858,2.742857142857143,-0.005028571428571428,0.9142857142857144,0.01152,29.25714285714286,0.001737142857142857,21.942857142857143,0.757577142857143,68.57142857142857,0.9142857142857144,8.228571428571428,1.5992685714285715,77.77777777777779,0.7492000000000001,0.6849828571428572,0.028281553028987088,0.04683105127852783,0.0975375,4.55499657330534,0.07137304027492967,0.06051961640582031,0.023521755654127043,0.028946694384082813,0.002842857142857143,3.06149009673659,-0.016818421824604107,-0.017433200050410824,0.017381864589308817,0.04623404140666874,0.006466666666666667,1.1964836521229953,-0.0012026156155653404,-0.001360756116248973,0.0011098779134295228,0.08293754561811274,-0.0055,1.7600379162291486,0.004141588939213974,0.0041569464919678336,0.19502546663613604,0.2757893608978995,0.00039375,30.95577004272811,-0.004063445953716817,-0.008000972470529995,0.004777070063694267,0.37101403992684695,7.916666666666666e-05,21.99385519104402,0.003740025640200658,0.003749620098301024,0.05717017146045804,0.04163125435889938,0.8934871493537294,0.011286185510345359
Vj58BnDLQ8,2026,Oa5wP6Y8q1,19vQ2095K6,107.0,-1.103,-1.1347,6,-0.0025,-0.0033,3,0.0076,0.0071,2,0.3176,0.3163,2,0.0113,0.0781,40,0.0268,0.0211,31,6,3,3,1.8653,0.0,2026-03-22,5,-0.7421999999999999,84,True,-0.989607476635514,5.383177570093458,-0.0022429906542056075,2.691588785046729,0.006818691588785047,1.7943925233644857,0.2849495327102804,1.7943925233644857,0.010138317757009345,35.88785046728972,0.02404485981308411,27.813084112149532,-0.6658990654205605,75.3644859813084,2.691588785046729,5.383177570093458,1.673540186915888,50.0,-1.1347,-1.0180485981308411,0.021362203846968835,0.04768053930704691,-0.18383333333333332,4.465379443087892,0.04052560335197346,0.05932892520400131,0.010218093855726062,0.029481804738224416,-0.0008333333333333334,2.9539991665874483,-0.016674382798842705,-0.016821108934750438,0.011655440824251158,0.04707323484510101,0.0038,1.1531969674779567,-0.0012451640514236648,-0.0013115263413344873,0.0022172949002217295,0.08438400168723158,0.1588,1.8329708702196987,0.00496500493773405,0.004329203228282596,0.23244848951122227,0.27957385359298004,0.0002825,32.80066604007242,-0.00435324664179474,-0.008477812880746519,0.006161796859471278,0.37542785014671104,0.0008645161290322581,24.19734401120258,0.004228761104036527,0.004125281658981508,0.027446575901682924,0.04117296193443397,0.6477747010804246,0.01550087607656363
Vj58BnDLQ8,2026,0Oq6oelAQ6,19vQ2095K6,102.0,1.3884,1.3581,4,0.0572,0.0563,4,0.0291,0.0286,3,0.0233,0.0221,3,-0.0026,0.0611,41,-0.0057,-0.0112,29,4,0,4,1.3581,0.5,2026-04-04,6,1.4897,84,True,1.3067294117647061,3.764705882352941,0.05383529411764706,3.764705882352941,0.027388235294117647,2.8235294117647056,0.021929411764705885,2.8235294117647056,-0.0024470588235294116,38.58823529411765,-0.005364705882352942,27.294117647058822,1.402070588235294,79.05882352941177,0.0,3.764705882352941,1.2782117647058824,100.0,1.3581,1.2782117647058824,0.014343606244813343,0.04555397382726262,0.3471,4.389602148152223,0.07933992823021276,0.05832211592369276,0.013577878462138824,0.028142921531641923,0.0143,2.9845618263990823,-0.01618489200976891,-0.016995143455762547,0.017381864589308817,0.04497247620439232,0.0097,1.1980662648457614,-0.0011368733831013363,-0.0013625560154271492,0.0033222591362126247,0.08075927219536061,0.007766666666666667,1.9162359398072069,0.004560271192690328,0.004525862877335398,0.23688312364197092,0.2700374781153283,-6.341463414634146e-05,33.48900568310078,-0.007108396370446487,-0.008655724350131467,0.005766553986876119,0.3642751009820834,-0.00019655172413793104,23.94373254333332,0.004031366951033237,0.00408204473444863,0.06350140461061958,0.03991659971415562,0.48427401779835755,0.02062633865986518
Vj58BnDLQ8,2026,EGMPG8ljQa,19vQ2095K6,103.0,0.7038,0.6733,4,-0.0744,-0.0753,4,0.0012,0.0006,1,-0.0014,-0.0027,1,-0.0242,0.0401,30,0.0132,0.0077,19,4,0,4,0.6733,0.25,2026-04-11,7,0.6182,59,True,0.6559689320388349,3.728155339805825,-0.06934368932038834,3.728155339805825,0.0011184466019417475,0.9320388349514562,-0.0013048543689320388,0.9320388349514562,-0.02255533980582524,27.961165048543688,0.012302912621359224,17.70873786407767,0.5761864077669903,54.99029126213592,0.0,3.728155339805825,0.6275417475728156,100.0,0.6733,0.6275417475728156,0.014343606244813343,0.045980046376263226,0.17595,4.38764259368285,0.06853325041378344,0.05829608045189729,0.013577878462138824,0.028410993621519526,-0.0186,2.983738580117404,-0.01751330008140874,-0.01699045560224489,0.005861881820464166,0.045393368596699575,0.0012,1.1129214975241135,-0.0012504731236584637,-0.0012657212089557458,0.0011098779134295228,0.08148651220296954,-0.0014,1.762822757998828,0.004156163743538414,0.004163523871988121,0.1850924842280916,0.27196489736136725,-0.0008066666666666667,30.612279803421725,-0.011018361392612978,-0.007912192383819417,0.003785614664275752,0.36653740149227726,0.0006947368421052632,20.442255077886273,0.0035256657391425084,0.0034850957155456302,0.046432945298784195,0.03977633084441099,0.46670147379309085,0.021386365402072175
Vj58BnDLQ8,2026,aDQ0WDPpqE,19vQ2095K6,105.0,-0.2656,-0.2968,4,-0.0365,-0.0373,3,0.0005,0.0,0,0.0013,0.0,0,-0.0328,0.0328,39,0.0148,0.0091,30,4,1,3,0.7032,0.0,2026-04-18,8,-0.31829999999999997,76,True,-0.24283428571428572,3.6571428571428575,-0.03337142857142857,2.742857142857143,0.0004571428571428572,0.0,0.0011885714285714286,0.0,-0.029988571428571427,35.65714285714286,0.013531428571428573,27.428571428571427,-0.29101714285714286,69.48571428571428,0.9142857142857144,3.6571428571428575,0.6429257142857143,75.0,-0.29679999999999995,-0.27135999999999993,0.014343606244813343,0.04683105127852783,-0.0664,4.383728728629581,0.053233518052767305,0.05824407918079291,0.010218093855726062,0.028946694384082813,-0.012166666666666666,2.9556279001319443,-0.01702585315728425,-0.01683038351569397,0.0,0.04623404140666874,,1.069670281407561,-0.0012165317722581562,-0.0012165317722581562,0.0,0.08293754561811274,,1.6842093030925882,0.0039778506415533415,0.0039778506415533415,0.2279620129126287,0.2757893608978995,-0.0008410256410256411,32.720821952474665,-0.012802559230307674,-0.008457176006072672,0.005964214711729622,0.37101403992684695,0.0004933333333333334,24.029132210071293,0.0041428730805450386,0.004096604087686497,0.03030929761501561,0.03981444261600796,0.4459012754731688,0.02236167828478622
Vj58BnDLQ8,2026,ljqEdk2E5x,19vQ2095K6,103.0,2.7101,2.6796,9,-0.0899,-0.0907,8,0.0202,0.0196,1,-0.0004,-0.0016,1,0.0544,0.1187,51,0.0051,-0.0004,38,9,1,8,3.6796,0.1111,2026-04-22,9,2.6995,108,True,2.525918446601942,8.388349514563107,-0.08379029126213591,7.45631067961165,0.018827184466019418,0.9320388349514562,-0.00037281553398058254,0.9320388349514562,0.05070291262135922,47.53398058252427,0.004753398058252427,35.41747572815534,2.5160388349514564,100.66019417475728,0.9320388349514562,8.388349514563107,3.4295300970873788,88.88888888888889,2.6796,2.4974912621359224,0.031704665012010046,0.045980046376263226,0.30112222222222224,4.601918537960581,0.10313894236478287,0.06114304152947129,0.026791978693812845,0.028410993621519526,-0.0112375,3.089659177696661,-0.018052455916693216,-0.01759360469262626,0.005861881820464166,0.045393368596699575,0.0202,1.1129214975241135,-0.0011265206520735972,-0.0012657212089557458,0.0011098779134295228,0.08148651220296954,-0.0004,1.762822757998828,0.004158120261582808,0.004163523871988121,0.2785650191927529,0.27196489736136725,0.0010666666666666665,35.93539857119373,0.003976991257830723,-0.009288030447596168,0.007542675664946407,0.36653740149227726,0.00013421052631578948,26.933169838293203,0.004584329567049857,0.004591698638524377,0.09667940688247946,0.04175090769080561,1.0439080733910655,0.009675648763144626
Vj58BnDLQ8,2026,wvq9kwgZMW,19vQ2095K6,99.0,1.3761,1.3467,10,-0.1636,-0.1644,9,0.0051,0.0046,2,0.0012,0.0,0,0.0158,0.0776,38,0.007,0.0017,19,10,1,9,2.3467,0.1,2026-04-25,10,1.2416000000000003,78,True,1.3344,9.696969696969697,-0.15864242424242422,8.727272727272727,0.004945454545454545,1.9393939393939394,0.0011636363636363637,0.0,0.015321212121212123,36.848484848484844,0.006787878787878787,18.424242424242422,1.2039757575757577,75.63636363636363,0.9696969696969697,9.696969696969697,2.2755878787878787,90.0,1.3466999999999998,1.305890909090909,0.03510374418555889,0.04427346966994863,0.13761,4.653082423734025,0.08212991596663745,0.06182282661624537,0.03004037090837303,0.027337816958284907,-0.01817777777777778,3.119581284527457,-0.018933855756904417,-0.01776399167995216,0.011655440824251158,0.04370756918706364,0.00255,1.157269972426834,-0.0012664224917971608,-0.0013161585537227326,0.0,0.07857062614795715,,1.6922292654870246,0.003996792594015759,0.003996792594015759,0.2234227794155382,0.2641934977551204,0.0004157894736842106,32.98855119107859,-0.0035568560937835484,-0.008526374551761222,0.003785614664275752,0.3573901965395055,0.00036842105263157896,20.737441403542697,0.0035509592979858337,0.00353542052535322,0.06592053351615393,0.04174851495017824,1.2502957596587452,0.008091402200889905
Vj58BnDLQ8,2026,odMXVzJ2qY,19vQ2095K6,103.0,0.258,0.2274,3,0.018,0.0171,3,0.0044,0.0038,1,-0.0002,-0.0014,2,0.0062,0.0705,40,0.0071,0.0016,29,4,0,3,0.2274,0.75,2026-05-02,11,0.29350000000000004,78,True,0.24046601941747575,2.796116504854369,0.016776699029126214,2.796116504854369,0.004100970873786408,0.9320388349514562,-0.00018640776699029127,1.8640776699029125,0.005778640776699029,37.28155339805825,0.00661747572815534,27.02912621359223,0.27355339805825246,72.69902912621359,0.0,3.728155339805825,0.21194563106796116,75.0,0.2274,0.21194563106796116,0.010796419581442509,0.045980046376263226,0.08600000000000001,4.344787404827303,0.06113754740119806,0.05772668823638249,0.010218093855726062,0.028410993621519526,0.005999999999999999,2.9572584307225895,-0.016486293752953327,-0.016839668329649546,0.005861881820464166,0.045393368596699575,0.0044,1.1129214975241135,-0.0012295969179178547,-0.0012657212089557458,0.0022172949002217295,0.08148651220296954,-0.0001,1.8387713518967415,0.004332865892300107,0.004342903099027863,0.23244848951122227,0.27196489736136725,0.000155,33.14709826426554,-0.0053816111143047815,-0.008567353366570251,0.005766553986876119,0.36653740149227726,0.0002448275862068966,23.858526004416237,0.004077746483906689,0.004067518306587077,0.0464506579922289,0.03946436673682188,0.35541154652609497,0.02789625948617672
Vj58BnDLQ8,2026,ljqEdkDE5x,19vQ2095K6,102.0,0.0712,0.041,1,-0.0843,-0.0851,1,0.0055,0.005,2,0.0386,0.0374,2,0.0215,0.0852,35,0.0028,-0.0026,29,2,0,1,0.041,0.0,2026-05-09,12,0.055299999999999995,70,True,0.06701176470588235,0.9411764705882353,-0.07934117647058823,0.9411764705882353,0.0051764705882352945,1.8823529411764706,0.03632941176470588,1.8823529411764706,0.02023529411764706,32.94117647058823,0.0026352941176470586,27.294117647058822,0.05204705882352941,65.88235294117646,0.0,1.8823529411764706,0.038588235294117645,50.0,0.041,0.038588235294117645,0.003624897134080235,0.04555397382726262,0.0712,4.260979163228187,0.05750768696603241,0.05661317639249887,0.0034293925216784442,0.028142921531641923,-0.0843,2.905099459721505,-0.01732578339507627,-0.016542656826377088,0.011655440824251158,0.04497247620439232,0.00275,1.155739228418098,-0.00126205323954317,-0.0013144176446274825,0.0022172949002217295,0.08075927219536061,0.0193,1.8402272130351027,0.004415454804117894,0.004346341625434651,0.2094790648483472,0.2700374781153283,0.0006142857142857142,31.964088159625984,-0.002417818765653621,-0.00826158706624837,0.005766553986876119,0.3642751009820834,9.655172413793103e-05,23.94373254333332,0.004071836572552094,0.00408204473444863,0.044989322942429334,0.038922901215129216,0.1281176696905993,0.07373774136996725
Vj58BnDLQ8,2026,jYQJJy8kQG,19vQ2095K6,98.0,-1.0984,-1.1275,4,0.0126,0.0119,1,0.004,0.0036,1,-0.0157,-0.0169,2,-0.0046,0.0566,27,-0.4457,-0.451,25,4,3,1,1.8725,0.0,2026-05-13,13,-1.5478,60,True,-1.0759836734693877,3.9183673469387754,0.012342857142857143,0.9795918367346939,0.003918367346938775,0.9795918367346939,-0.015379591836734693,1.9591836734693877,-0.004506122448979592,26.448979591836732,-0.4366040816326531,24.48979591836735,-1.5162122448979591,58.775510204081634,2.9387755102040813,3.9183673469387754,1.8342857142857143,25.0,-1.1275,-1.1044897959183673,0.014343606244813343,0.04384587107573929,-0.2746,4.397457900391474,0.04026793809829649,0.058426490779841925,0.0034293925216784442,0.027069152256985234,0.0126,2.9083091976642352,-0.016378471211789303,-0.01656093420173906,0.005861881820464166,0.043285188593004446,0.004,1.1153793045092941,-0.0012349276828343223,-0.0012685164631004303,0.0022172949002217295,0.07783875962203923,-0.00785,1.8460737846140975,0.0043183502880898665,0.004360150353639446,0.16972471267568665,0.2622246548359651,-0.00017037037037037037,30.25121625171982,-0.007366560765472646,-0.007818870216957109,0.004975124378109453,0.35506196896711517,-0.017828,22.89946967804413,0.001853487524527017,0.003904013689250506,0.021459816250817103,0.04104233394093528,0.5159762668815027,0.01938359474173474
Vj58BnDLQ8,2026,9z5kBzOdMA,19vQ2095K6,107.0,1.508,1.4762,6,0.1156,0.1148,5,-0.0054,-0.0059,2,0.0429,0.0417,3,-0.0091,0.0577,43,0.0021,-0.0036,20,6,1,5,2.4762,0.6667,2026-05-16,14,1.6540999999999997,79,True,1.3529719626168224,5.383177570093458,0.10371588785046729,4.485981308411215,-0.004844859813084112,1.7943925233644857,0.03848971962616823,2.691588785046729,-0.008164485981308412,38.57943925233645,0.0018841121495327103,17.94392523364486,1.4840523364485978,70.8785046728972,0.8971962616822429,5.383177570093458,2.22163738317757,83.33333333333334,1.4762,1.3244411214953271,0.021362203846968835,0.04768053930704691,0.25133333333333335,4.465379443087892,0.08203630221698854,0.05932892520400131,0.01691493085882438,0.029481804738224416,0.023119999999999998,3.00690109658501,-0.015656809284107724,-0.017122351107535315,0.011655440824251158,0.04707323484510101,-0.0027,1.1531969674779567,-0.0013325306750091087,-0.0013115263413344873,0.0033222591362126247,0.08438400168723158,0.0143,1.9086798810792711,0.004583717943847295,0.00450801659599534,0.24560041776461078,0.27957385359298004,-0.0002116279069767442,33.55316388899558,-0.008286340732110445,-0.00867230697877919,0.00398406374501992,0.37542785014671104,0.00010499999999999999,20.49218691068925,0.003488262009295793,0.003493608338830487,0.06483260147890435,0.04022436571117814,0.651291711177346,0.015418461127086086
Vj58BnDLQ8,2026,KXMeXzRPQ6,19vQ2095K6,98.0,1.5001,1.471,6,0.121,0.1202,5,0.0026,0.0021,1,0.0767,0.0755,1,-0.0227,0.0385,25,0.0104,0.0052,14,6,1,5,2.471,0.1667,2026-05-23,15,1.6881,52,True,1.4694857142857143,5.877551020408163,0.11853061224489796,4.8979591836734695,0.002546938775510204,0.9795918367346939,0.07513469387755102,0.9795918367346939,-0.022236734693877554,24.48979591836735,0.010187755102040816,13.714285714285714,1.6536489795918368,50.93877551020408,0.9795918367346939,5.877551020408163,2.420571428571429,83.33333333333334,1.471,1.4409795918367347,0.021362203846968835,0.04384587107573929,0.25001666666666666,4.4833600151521065,0.08224053162076927,0.05956782271063407,0.01691493085882438,0.027069152256985234,0.0242,3.0143760799773203,-0.015640664212556953,-0.017164916288781716,0.005861881820464166,0.043285188593004446,0.0026,1.1153793045092941,-0.0012440811931695571,-0.0012685164631004303,0.0011098779134295228,0.07783875962203923,0.0767,1.769823571106794,0.004326080287959739,0.00418005874616426,0.15915342051963938,0.2622246548359651,-0.0009080000000000001,29.737469989184053,-0.010760218873265177,-0.007686084965686904,0.002792181890706023,0.35506196896711517,0.0007428571428571429,19.073495808357663,0.003282225574535726,0.003251742934863042,0.06220387320427304,0.04088010667409233,0.7683783984777562,0.013099749920461805
Vj58BnDLQ8,2026,0x5gxzLPq7,19vQ2095K6,97.0,0.6968,0.6681,1,0.0342,0.0334,1,0.0053,0.0048,2,-0.0113,-0.0125,2,0.0266,0.0871,28,0.0093,0.0041,13,1,0,1,0.6681,0.0,2026-07-22,17,0.7608999999999999,47,True,0.6896164948453608,0.9896907216494846,0.033847422680412374,0.9896907216494846,0.0052453608247422685,1.9793814432989691,-0.011183505154639175,1.9793814432989691,0.026325773195876288,27.711340206185564,0.009204123711340205,12.8659793814433,0.7530556701030927,46.51546391752577,0.0,0.9896907216494846,0.6612123711340206,100.0,0.6681,0.6612123711340206,0.003624897134080235,0.04341788968918779,0.6968,4.270515386077515,0.06732079118633168,0.056739878693919686,0.0034293925216784442,0.02680033909578664,0.0342,2.9091127406816866,-0.016167504282189833,-0.016565509857948846,0.011655440824251158,0.04286243471522076,0.00265,1.1582927231204634,-0.0012661916660603114,-0.001317321724033739,0.0022172949002217295,0.07710572956823622,-0.00565,1.8475412368408963,0.004330795360135122,0.004363616256464648,0.1749113031204952,0.2602452473392331,0.00095,30.58994077749619,-0.0014404964825747279,-0.007906418535157214,0.002593257530420906,0.352716809332854,0.0007153846153846153,18.793771363908114,0.0032306109684721537,0.0032040541422533124,0.056008005084114076,0.03851829897549784,0.13988176073056244,0.06795780990301113
Vj58BnDLQ8,2026,eV5D89zn5K,19vQ2095K6,101.0,0.4475,0.4176,6,-0.0206,-0.0215,5,0.0058,0.0053,1,0.0012,0.0,0,0.0057,0.0687,35,0.0309,0.0255,27,6,1,5,1.4176,0.0,2026-07-25,18,0.4704999999999999,74,True,0.4253465346534654,5.702970297029703,-0.01958019801980198,4.752475247524753,0.005512871287128712,0.9504950495049505,0.0011405940594059404,0.0,0.005417821782178218,33.26732673267327,0.02937029702970297,25.663366336633665,0.4472079207920791,70.33663366336634,0.9504950495049505,5.702970297029703,1.3474217821782177,83.33333333333334,0.41759999999999997,0.3969267326732673,0.021362203846968835,0.04512752053375302,0.07458333333333333,4.477350423434959,0.06535078534373027,0.05948797672620264,0.01691493085882438,0.027874701472863753,-0.00412,3.0118802928479247,-0.01707049789830208,-0.017150704400147362,0.005861881820464166,0.044551212499878944,0.0058,1.113903319348507,-0.0012215402735936186,-0.0012668378310259595,0.0,0.08003087967968145,,1.6895474714922398,0.003990458597437615,0.003990458597437615,0.2094790648483472,0.2680998263788889,0.00016285714285714287,32.048935352556235,-0.0054549390368636005,-0.008283517066823374,0.0053709966182613885,0.3619965837381058,0.0011444444444444445,23.34139794239183,0.0041014577505351655,0.003979355783104074,0.04969572448294376,0.04075673180874763,0.7219376351709511,0.013930690777313544
Vj58BnDLQ8,2026,zeQZLzXr5K,19vQ2095K6,100.0,-0.7655,-0.7951,8,-0.18,-0.1809,6,0.0072,0.0067,2,0.0179,0.0166,3,0.0073,0.0697,39,0.0162,0.0108,38,8,2,6,1.2049,0.25,2026-08-01,19,-0.8969,96,True,-0.73488,7.68,-0.1728,5.76,0.006912,1.92,0.017183999999999998,2.88,0.007008,37.44,0.015551999999999998,36.480000000000004,-0.861024,92.16,1.92,7.68,1.156704,75.0,-0.7950999999999999,-0.763296,0.028281553028987088,0.04470068598514822,-0.0956875,4.565177146879678,0.046585223834307896,0.06065487982426522,0.020229480976184842,0.027606333322638656,-0.03,3.03921384255058,-0.018800704289137965,-0.01730635123387783,0.011655440824251158,0.04412957699158392,0.0036,1.1567592740833514,-0.0012517069586782733,-0.0013155777385204363,0.0033222591362126247,0.0793013319140693,0.005966666666666666,1.9192751410529734,0.004556026511409639,0.004533041016420061,0.2279620129126287,0.26615186045015843,0.00018717948717948717,33.156257334380136,-0.005201378600754347,-0.008569720662481205,0.007542675664946407,0.3597016747647554,0.0004263157894736842,27.223807027219934,0.004693780293768696,0.004641247889233146,0.030581240790915645,0.042637519095038955,0.9906913925782596,0.010190096526352308
Vj58BnDLQ8,2026,7VqGXPV6Qv,19vQ2095K6,104.0,-0.2192,-0.2501,7,0.0933,0.0925,5,0.0005,0.0,0,0.0044,0.0032,1,0.0139,0.0788,25,0.0108,0.0052,15,7,2,5,1.7499,0.1429,2026-08-08,3,-0.09630000000000001,53,True,-0.20233846153846155,6.461538461538462,0.08612307692307691,4.615384615384616,0.0004615384615384616,0.0,0.004061538461538462,0.9230769230769231,0.012830769230769229,23.076923076923077,0.00996923076923077,13.846153846153845,-0.0888923076923077,48.92307692307692,1.8461538461538463,6.461538461538462,1.6152923076923078,71.42857142857143,-0.2501,-0.23086153846153845,0.024834152450295324,0.04640573869042975,-0.03131428571428572,4.51419298740568,0.05497746848384066,0.059977482657333776,0.01691493085882438,0.028678917864907755,0.01866,3.009388635130496,-0.01589679185321126,-0.017136516025835328,0.0,0.04581389016751004,,1.0701414906074442,-0.0012170676766139208,-0.0012170676766139208,0.0011098779134295228,0.08221260243570114,0.0044,1.761429236397213,0.004164217106176109,0.004160232582249474,0.15915342051963938,0.27388216495825446,0.000556,29.267591374125274,-0.003770831219656917,-0.007564637950852937,0.0029910269192422734,0.3687836577821413,0.00072,19.008104172220115,0.0032718366437070414,0.003240594648626167,0.041528831484241704,0.041460088234907225,0.7936936030108203,0.012687228674967549
Vj58BnDLQ8,2026,0Oq6oeLxQ6,19vQ2095K6,103.0,-0.5653,-0.5959,1,0.0008,0.0,0,0.0005,0.0,0,-0.0099,-0.0112,3,0.0189,0.0833,36,0.0051,-0.0004,22,1,1,0,0.4041,0.0,2026-08-15,20,-0.5499,62,True,-0.5268815533980583,0.9320388349514562,0.0007456310679611651,0.0,0.00046601941747572817,0.0,-0.009227184466019417,2.796116504854369,0.017615533980582524,33.55339805825243,0.004753398058252427,20.504854368932037,-0.5125281553398059,57.78640776699029,0.9320388349514562,0.9320388349514562,0.37663689320388355,0.0,-0.5959,-0.5554019417475727,0.003624897134080235,0.045980046376263226,-0.5653,4.259077027116211,0.047655272258369845,0.0565879038053529,0.0,0.028410993621519526,,2.8778179825381467,-0.016387306511863518,-0.016387306511863518,0.0,0.045393368596699575,,1.0706131151427236,-0.0012176040533289855,-0.0012176040533289855,0.0033222591362126247,0.08148651220296954,-0.0033000000000000004,1.9147199457946547,0.004486266186043716,0.0045222823260676025,0.21418227519501587,0.27196489736136725,0.000525,32.13317087992801,-0.002913206569626117,-0.008305288973469917,0.004380724810832338,0.36653740149227726,0.00023181818181818183,21.467136355845263,0.0036655903742941324,0.0036598224928580643,0.03528901168388907,0.03885980908561614,0.12539514157869242,0.0752182833579721
Vj58BnDLQ8,2026,gpMOgleDMz,19vQ2095K6,98.0,1.0283,0.9992,3,-0.0155,-0.0163,3,0.0005,0.0,0,0.0012,0.0,0,0.0161,0.0772,29,0.0008,-0.0045,15,3,0,3,0.9992,0.6667,2026-08-19,21,1.0313999999999999,50,True,1.0073142857142856,2.9387755102040813,-0.015183673469387756,2.9387755102040813,0.0004897959183673469,0.0,0.0011755102040816325,0.0,0.01577142857142857,28.408163265306122,0.0007836734693877551,14.693877551020408,1.0103510204081632,48.9795918367347,0.0,2.9387755102040813,0.9788081632653062,100.0,0.9992,0.9788081632653062,0.010796419581442509,0.04384587107573929,0.34276666666666666,4.354506843011158,0.07334570678612626,0.05785582481444585,0.010218093855726062,0.027069152256985234,-0.005166666666666667,2.9613426388207778,-0.016846957890371467,-0.016862925245260386,0.0,0.043285188593004446,,1.0729774871120652,-0.0012202930442004117,-0.0012202930442004117,0.0,0.07783875962203923,,1.6935733575994902,0.003999967138689073,0.003999967138689073,0.18003349632311236,0.2622246548359651,0.0005551724137931035,30.76496251425559,-0.0034451444903936994,-0.007951655468227315,0.0029910269192422734,0.35506196896711517,5.333333333333333e-05,19.421311614692797,0.003304234981086086,0.0033110402761709935,0.059137513480935835,0.03913195847161781,0.3839546703647586,0.02587611835178249
Vj58BnDLQ8,2026,4JMA1nk2MK,19vQ2095K6,95.0,0.779,0.7508,5,-0.0129,-0.0137,4,0.0108,0.0103,2,0.0157,0.0146,2,0.0501,0.1094,32,-0.0212,-0.0263,30,5,1,4,1.7508,0.0,2026-08-23,22,0.8215000000000001,75,True,0.7872000000000001,5.052631578947368,-0.013035789473684209,4.042105263157895,0.010913684210526317,2.0210526315789474,0.015865263157894736,2.0210526315789474,0.05062736842105263,32.33684210526316,-0.021423157894736842,30.31578947368421,0.8301473684210527,75.78947368421052,1.0105263157894737,5.052631578947368,1.7692294736842107,80.0,0.7507999999999999,0.7587031578947367,0.01786544408219076,0.04256077648112915,0.1558,4.446376976291892,0.07039722993119614,0.05907645037054083,0.013577878462138824,0.026262266901200856,-0.003225,2.9903372949767264,-0.016927769324480712,-0.01702803100264903,0.011655440824251158,0.0420158051273663,0.0054,1.1593172831485703,-0.001230152693898545,-0.001318486952093677,0.0022172949002217295,0.07563616776058033,0.00785,1.850483151344776,0.004393082862972905,0.004370564618806053,0.19502546663613604,0.2562543966484767,0.001565625,31.790775534842663,0.003092583753136798,-0.008216791878218074,0.005964214711729622,0.34797494963450326,-0.0007066666666666666,24.909293901709226,0.00411634488602554,0.0042466583614849404,0.06384131941495212,0.04113036351787105,0.6882750451961461,0.014602072942209478
Vj58BnDLQ8,2026,XVqKw7LWq0,19vQ2095K6,101.0,-0.4558,-0.4858,1,0.0008,0.0,0,0.0005,0.0,0,-0.015,-0.0163,1,0.0227,0.0858,26,0.0107,0.0052,19,1,1,0,0.5142,0.0,2026-08-30,23,-0.4361,47,True,-0.43323564356435645,0.9504950495049505,0.0007603960396039605,0.0,0.00047524752475247524,0.0,-0.014257425742574256,0.9504950495049505,0.021576237623762377,24.712871287128714,0.01017029702970297,18.05940594059406,-0.4145108910891089,44.67326732673268,0.9504950495049505,0.9504950495049505,0.4887445544554455,0.0,-0.4858,-0.461750495049505,0.003624897134080235,0.04512752053375302,-0.4558,4.262882999116132,0.0493899077937276,0.056638471563589296,0.0,0.027874701472863753,,2.879406464065998,-0.01639635188368456,-0.01639635188368456,0.0,0.044551212499878944,,1.0715576124179291,-0.0012186782263373136,-0.0012186782263373136,0.0011098779134295228,0.08003087967968145,-0.015,1.7656164264353034,0.004136099492732468,0.004170122099276093,0.16447250288380957,0.2680998263788889,0.0008730769230769231,29.7554873328398,-0.0021530231762272186,-0.007690741812225779,0.003785614664275752,0.3619965837381058,0.0005631578947368421,20.588790256145636,0.003540683165181495,0.003510077750061033,0.03729863716539248,0.03901289949067877,0.12408389975826835,0.07595277176298677
Vj58BnDLQ8,2026,raMyNnol5d,19vQ2095K6,102.0,-0.2864,-0.3166,3,-0.0273,-0.0281,1,0.0005,0.0,0,0.0138,0.0125,1,0.0032,0.0669,34,0.007,0.0015,29,3,2,1,1.6834,0.0,2026-09-06,24,-0.2892,68,True,-0.26955294117647055,2.8235294117647056,-0.025694117647058826,0.9411764705882353,0.00047058823529411766,0.0,0.012988235294117646,0.9411764705882353,0.0030117647058823527,32.0,0.0065882352941176465,27.294117647058822,-0.2721882352941177,64.0,1.8823529411764706,2.8235294117647056,1.5843764705882353,33.33333333333333,-0.3166,-0.2979764705882353,0.010796419581442509,0.04555397382726262,-0.09546666666666666,4.346727819844211,0.05264878502802488,0.057752469413294795,0.0034293925216784442,0.028142921531641923,-0.0273,2.905099459721505,-0.016757907992447914,-0.016542656826377088,0.0,0.04497247620439232,,1.0710851555627712,-0.0012181409030281492,-0.0012181409030281492,0.0011098779134295228,0.08075927219536061,0.0138,1.7642184862629986,0.0041892170380587596,0.004166820373533903,0.20471921699935186,0.2700374781153283,9.411764705882353e-05,31.709935239046853,-0.005907062562064226,-0.008195897518934521,0.005766553986876119,0.3642751009820834,0.0002413793103448276,23.94373254333332,0.004091833326714354,0.00408204473444863,0.037046723935257694,0.04004463927293757,0.35671874027073314,0.027796875360372834
Vj58BnDLQ8,2026,9YqdezW7Qv,19vQ2095K6,103.0,0.897,0.8664,6,0.0668,0.0659,5,-0.1171,-0.1177,2,-0.0394,-0.0407,4,0.0385,0.1029,45,0.0119,0.0064,30,6,1,5,1.8664,0.0,2026-09-10,25,0.8577,92,True,0.8360388349514563,5.592233009708738,0.06226019417475728,4.660194174757281,-0.10914174757281553,1.8640776699029125,-0.03672233009708738,3.728155339805825,0.035883495145631064,41.94174757281553,0.011091262135922332,27.961165048543688,0.799409708737864,85.74757281553399,0.9320388349514562,5.592233009708738,1.7395572815533982,83.33333333333334,0.8664000000000001,0.8075184466019418,0.021362203846968835,0.045980046376263226,0.1495,4.473352971393942,0.07245152655280775,0.05943486488292689,0.01691493085882438,0.028410993621519526,0.01336,3.0102187295122182,-0.01617104024393804,-0.017141242874840232,0.011655440824251158,0.045393368596699575,-0.05855,1.1552298799055034,-0.0020868839749099196,-0.001313838364582506,0.004424778761061947,0.08148651220296954,-0.00985,1.990668539692568,0.004594096302359206,0.004701661553107343,0.254120801152466,0.27196489736136725,0.0008555555555555556,34.41450749468744,0.0008476655337664471,-0.008894933857945667,0.005964214711729622,0.36653740149227726,0.0003966666666666667,24.200153097069233,0.004158406491115553,0.004125760565691221,0.06379377066120098,0.04091227190435705,0.7065932788642014,0.01422890469235912
Vj58WrY3M8,2026,wvq9kwpZMW,eVq3ya6MWO,77.0,0.1421,0.1192,7,-0.2222,-0.2229,5,0.0004,0.0,0,0.0047,0.0038,3,-0.0196,0.0285,20,0.0039,-0.0002,7,8,2,5,2.1192,0.375,2026-04-11,7,-0.09070000000000002,42,True,0.17716363636363636,8.727272727272727,-0.2770285714285714,6.233766233766233,0.0004987012987012988,0.0,0.005859740259740259,3.74025974025974,-0.024436363636363638,24.935064935064933,0.004862337662337663,8.727272727272727,-0.1130805194805195,52.36363636363636,2.4935064935064934,9.974025974025974,2.6421194805194808,62.5,0.1192000000000002,0.14861298701298725,0.024834152450295324,0.034777076822383436,0.020300000000000002,4.5692415819573675,0.06150473482420545,0.06070888163257606,0.01691493085882438,0.021392708735477682,-0.04444,3.0319630807495415,-0.01925215071956131,-0.017265062849136648,0.0,0.034328198727931344,,1.0830229555870232,-0.0012317177156897635,-0.0012317177156897635,0.0033222591362126247,0.06219644559837595,0.0015666666666666667,1.9549317399318404,0.004612092021419686,0.004617256573515885,0.13150874989037448,0.21830016117423304,-0.00098,30.147099949690244,-0.010652564214580967,-0.007791959832717848,0.0013980427401637707,0.3019511243475958,0.0005571428571428571,18.008994224389397,0.003079996514206137,0.003070261493831002,0.03806039070999923,0.04210765930237869,1.4564330844583377,0.006954143698059046
Vj58WrY3M8,2026,EGMPG8RxQa,eVq3ya6MWO,105.0,1.2147,1.1835,4,-0.0471,-0.048,4,0.0005,0.0,0,-0.7927,-0.7939,3,0.0161,0.0817,31,0.0052,-0.0005,16,4,0,4,1.1835,0.0,2026-08-20,21,0.39669999999999994,58,True,1.110582857142857,3.6571428571428575,-0.043062857142857146,3.6571428571428575,0.0004571428571428572,0.0,-0.7247542857142857,2.742857142857143,0.01472,28.34285714285714,0.004754285714285714,14.62857142857143,0.36269714285714283,53.02857142857143,0.0,3.6571428571428575,1.0820571428571428,100.0,1.1835,1.0820571428571428,0.014343606244813343,0.04683105127852783,0.303675,4.383728728629581,0.07650327108266426,0.05824407918079291,0.013577878462138824,0.028946694384082813,-0.011775,2.9820934492831057,-0.017227296171076496,-0.016981087649373186,0.0,0.04623404140666874,,1.069670281407561,-0.0012165317722581562,-0.0012165317722581562,0.0033222591362126247,0.08293754561811274,-0.2642333333333333,1.911695142502269,0.002821953083118037,0.004515138192796818,0.19008942954436575,0.2757893608978995,0.0005193548387096774,30.70361976990717,-0.003396108726013869,-0.007935800536881043,0.003189792663476874,0.37101403992684695,0.000325,19.280152499007652,0.003296477410007337,0.003286974779120392,0.06078176490644112,0.03991277219419774,0.4535240983644934,0.021994090276571173
a35ryXm2ML,2026,kRQalz6oqK,kaDQ0wRqEv,105.0,-0.0041,-0.0352,1,0.0009,0.0,0,0.0005,0.0,0,-0.0051,-0.0064,1,-0.0431,0.0224,36,0.012,0.0064,19,1,1,0,0.9648,0.0,2026-02-23,1,-0.038900000000000004,57,True,-0.0037485714285714284,0.9142857142857144,0.0008228571428571428,0.0,0.0004571428571428572,0.0,-0.004662857142857143,0.9142857142857144,-0.03940571428571429,32.91428571428571,0.010971428571428571,17.37142857142857,-0.035565714285714284,52.114285714285714,0.9142857142857144,0.9142857142857144,0.8821028571428571,0.0,-0.03520000000000001,-0.03218285714285715,0.003624897134080235,0.04683105127852783,-0.0041,4.255277845122762,0.05626924163528834,0.05653742626202237,0.0,0.028946694384082813,,2.87623125267846,-0.016378271114656333,-0.016378271114656333,0.0,0.04623404140666874,,1.069670281407561,-0.0012165317722581562,-0.0012165317722581562,0.0011098779134295228,0.08293754561811274,-0.0051,1.7600379162291486,0.004142370310097982,0.0041569464919678336,0.21418227519501587,0.2757893608978995,-0.0011972222222222221,31.964371134011852,-0.014688583880055776,-0.00826166020512581,0.003785614664275752,0.37101403992684695,0.0006315789473684211,20.29779100852129,0.003495897063392688,0.003460466773813129,0.031624122241808744,0.03829837643576304,0.11502303839811945,0.08144858225574166
a35ryXm2ML,2026,Oa5wP6L8q1,kaDQ0wRqEv,99.0,0.0779,0.0486,1,0.0222,0.0214,1,0.0005,0.0,0,-0.0071,-0.0083,1,-0.0316,0.0303,36,0.0128,0.0075,32,1,0,1,0.0486,0.0,2026-03-01,2,0.0747,71,True,0.07553939393939393,0.9696969696969697,0.021527272727272728,0.9696969696969697,0.0004848484848484849,0.0,-0.006884848484848485,0.9696969696969697,-0.030642424242424245,34.90909090909091,0.012412121212121211,31.03030303030303,0.07243636363636363,68.84848484848484,0.0,0.9696969696969697,0.047127272727272726,100.0,0.0486,0.047127272727272726,0.003624897134080235,0.04427346966994863,0.0779,4.266695779341747,0.057688464878998126,0.05668912977879986,0.0034293925216784442,0.027337816958284907,0.0222,2.9075060984268224,-0.016278227063031142,-0.0165563610725687,0.0,0.04370756918706364,,1.0725037776398014,-0.0012197542962947765,-0.0012197542962947765,0.0011098779134295228,0.07857062614795715,-0.0071,1.7684189635698921,0.004158170223253882,0.004176741273103438,0.21418227519501587,0.2641934977551204,-0.0008777777777777779,32.476175922705025,-0.012701775022702838,-0.008393943654026202,0.006359300476947536,0.3573901965395055,0.0004,25.242723881131617,0.004340346293456223,0.004303503136598646,0.03598722501367947,0.03899931516561227,0.13167873554077314,0.07188696024263949
a35ryXm2ML,2026,Pk5L3DmOMO,kaDQ0wRqEv,104.0,-1.3234,-1.3542,6,0.0026,0.0018,2,0.0005,0.0,0,0.0013,0.0,0,-0.0383,0.0267,17,-0.0019,-0.0075,14,6,4,2,2.6458,0.0,2026-03-08,3,-1.3592,39,True,-1.2215999999999998,5.538461538461538,0.0024,1.8461538461538463,0.0004615384615384616,0.0,0.0012,0.0,-0.03535384615384615,15.692307692307693,-0.0017538461538461538,12.923076923076923,-1.2546461538461537,36.0,3.6923076923076925,5.538461538461538,2.442276923076923,33.33333333333333,-1.3542,-1.2500307692307693,0.021362203846968835,0.04640573869042975,-0.22056666666666666,4.471356920922206,0.03707115609212153,0.059408344509764795,0.00683534396587721,0.028678917864907755,0.0013,2.9299700933507515,-0.016544200605944356,-0.01668427895081293,0.0,0.04581389016751004,,1.0701414906074442,-0.0012170676766139208,-0.0012170676766139208,0.0,0.08221260243570114,,1.6855406803027195,0.00398099515552779,0.00398099515552779,0.11403186562114387,0.27388216495825446,-0.002252941176470588,27.245076925202778,-0.013238342963985508,-0.00704188944856267,0.002792181890706023,0.3687836577821413,-0.00013571428571428572,18.667688488113523,0.0031665987183443095,0.003182558916381156,0.013219138719449842,0.041628662505684214,0.6758161507329034,0.014867264811612711
a35ryXm2ML,2026,aDQ0WDaPqE,kaDQ0wRqEv,102.0,-0.1802,-0.2105,4,0.0507,0.0499,2,0.0022,0.0017,1,0.054,0.0527,4,-0.0214,0.0423,24,0.0193,0.0138,18,4,2,2,1.7895,0.0,2026-03-15,4,-0.07540000000000001,53,True,-0.1696,3.764705882352941,0.04771764705882353,1.8823529411764706,0.002070588235294118,0.9411764705882353,0.0508235294117647,3.764705882352941,-0.020141176470588235,22.588235294117645,0.01816470588235294,16.941176470588236,-0.07096470588235294,49.88235294117648,1.8823529411764706,3.764705882352941,1.6842352941176473,50.0,-0.2104999999999999,-0.19811764705882345,0.014343606244813343,0.04555397382726262,-0.04505,4.389602148152223,0.05464909570597803,0.05832211592369276,0.00683534396587721,0.028142921531641923,0.02535,2.9315869152806973,-0.016071406421049202,-0.016693485702838906,0.005861881820464166,0.04497247620439232,0.0022,1.1134121919904345,-0.0012444977748617277,-0.0012662792738278158,0.004424778761061947,0.08075927219536061,0.0135,1.992244666579311,0.004803569610959972,0.004705384129236146,0.1537661802406755,0.2700374781153283,-0.0008916666666666666,29.168406033255526,-0.010378985486723807,-0.0075390020457960245,0.0035870864886408927,0.3642751009820834,0.0010722222222222222,20.172413850812926,0.0035043417493813415,0.0034390918622149765,0.03526211738368461,0.040967824892681144,0.48227640004903466,0.020710004820369853
a35ryXm2ML,2026,Oa5wP6n4q1,kaDQ0wRqEv,100.0,-0.8182,-0.8479,5,-0.0318,-0.0326,2,0.0005,0.0,0,-0.009,-0.0103,1,-0.0313,0.0311,15,0.0052,-0.0001,11,5,3,2,2.1521,0.0,2026-07-18,16,-0.8846000000000002,34,True,-0.785472,4.800000000000001,-0.030528000000000003,1.92,0.00048000000000000007,0.0,-0.008639999999999998,0.96,-0.030048000000000002,14.399999999999999,0.004992,10.56,-0.8492160000000002,32.64,2.88,4.800000000000001,2.066016,40.0,-0.8479000000000001,-0.813984,0.01786544408219076,0.04470068598514822,-0.16364,4.4364391712424505,0.04492140882293315,0.05894441247768429,0.00683534396587721,0.027606333322638656,-0.0159,2.933205522591648,-0.016907320455719552,-0.01670270262145149,0.0,0.04412957699158392,,1.0720304862595103,-0.001219216023883485,-0.001219216023883485,0.0011098779134295228,0.0793013319140693,-0.009,1.7670165837779601,0.004151146510793489,0.004173429061643262,0.10198452682552747,0.26615186045015843,-0.002086666666666667,27.02411846960849,-0.012023380902932075,-0.006984779497238554,0.002195170624625823,0.3597016747647554,0.0004727272727272727,17.900339617317474,0.0030636139270887636,0.0030517375245263487,0.02198625187828029,0.041262880921280366,0.6123978398876709,0.016381658237948862
a35ryXm2ML,2026,Vj589JlDq8,kaDQ0wRqEv,27.0,0.008,0.0,0,0.0002,0.0,0,0.0001,0.0,0,0.1335,0.1331,1,-0.0017,0.0152,8,0.0023,0.0008,1,0,0,0,0.0,0.0,2026-08-22,22,0.1424,10,True,0.028444444444444446,0.0,0.0007111111111111111,0.0,0.00035555555555555557,0.0,0.4746666666666667,3.5555555555555554,-0.006044444444444444,28.444444444444443,0.008177777777777777,3.5555555555555554,0.5063111111111112,35.55555555555556,0.0,0.0,0.0,,0.0,0.0,0.0,0.012476305798241591,,4.364289184391024,0.057985797151050844,0.057985797151050844,0.0,0.0076070112290444174,,2.9394387648282145,-0.016738196892358514,-0.016738196892358514,0.0,0.01231159891380162,,1.1077150745567037,-0.0012597999647464236,-0.0012597999647464236,0.0011098779134295228,0.02272702655443424,0.1335,1.8755947095550067,0.004702862178799404,0.0044298743659696325,0.05710975982915262,0.08918975668394981,-0.0002125,31.320952755692808,-0.008013140838943665,-0.008095359294993127,0.0001999600079984003,0.13170207602812026,0.0023,19.591612762697853,0.0033484165081181273,0.0033400740495489103,0.040025938141919765,0.03966238941447132,0.04458172541855998,0.18618116973329055
a35ryXm2ML,2026,0x5gxzJwq7,kaDQ0wRqEv,103.0,-0.3806,-0.4111,6,-0.0383,-0.0391,3,0.0037,0.0032,1,0.0055,0.0043,3,-0.0143,0.05,32,0.0136,0.0081,24,7,3,3,2.5889,0.0,2026-08-30,23,-0.4104,69,True,-0.35473398058252426,5.592233009708738,-0.035697087378640774,2.796116504854369,0.003448543689320388,0.9320388349514562,0.005126213592233009,2.796116504854369,-0.013328155339805827,29.8252427184466,0.012675728155339804,22.368932038834952,-0.38250873786407763,64.31067961165049,2.796116504854369,6.524271844660194,2.4129553398058254,42.857142857142854,-0.4110999999999998,-0.3831611650485435,0.021362203846968835,0.045980046376263226,-0.06343333333333333,4.473352971393942,0.052103472839099114,0.05943486488292689,0.010218093855726062,0.028410993621519526,-0.012766666666666667,2.9572584307225895,-0.017053376332454268,-0.016839668329649546,0.005861881820464166,0.045393368596699575,0.0037,1.1129214975241135,-0.0012341635879236127,-0.0012657212089557458,0.0033222591362126247,0.08148651220296954,0.0018333333333333333,1.9147199457946547,0.0045189203246541665,0.0045222823260676025,0.19502546663613604,0.27196489736136725,-0.000446875,31.11924349559049,-0.009186695430589467,-0.008043224580369584,0.004777070063694267,0.36653740149227726,0.0005666666666666666,22.150390541151257,0.003818228576172657,0.0037763070110663536,0.03296638638895859,0.041584840101085964,0.7003172065204535,0.014354590233170136
a35rymlLML,2026,9YqdeZ2LQv,kRQand1MKZ,97.0,0.4022,0.3734,6,-0.1168,-0.1176,4,0.0005,0.0,0,0.0091,0.0079,3,0.003,0.0636,32,0.0079,0.0027,21,6,2,4,2.3734,0.3333,2026-02-22,1,0.3059,66,True,0.39805360824742264,5.938144329896907,-0.1155958762886598,3.9587628865979383,0.0004948453608247423,0.0,0.00900618556701031,2.9690721649484537,0.002969072164948454,31.670103092783506,0.007818556701030929,20.783505154639176,0.30274639175257734,65.31958762886597,1.9793814432989691,5.938144329896907,2.3489319587628867,66.66666666666666,0.3734000000000002,0.3695505154639177,0.021362203846968835,0.04341788968918779,0.06703333333333333,4.485366798972465,0.06474437048328276,0.059594485691618355,0.013577878462138824,0.02680033909578664,-0.0292,2.9886848815021665,-0.017972480806874795,-0.01701862157986543,0.0,0.04286243471522076,,1.073451615230542,-0.0012208322682307259,-0.0012208322682307259,0.0033222591362126247,0.07710572956823622,0.0030333333333333336,1.9238520619805939,0.004548142825431413,0.004543851019556159,0.19502546663613604,0.2602452473392331,9.375e-05,31.620190004076246,-0.006000684522981181,-0.008172701547606076,0.0041824337781318464,0.352716809332854,0.00037619047619047625,21.586415792440402,0.003698729707292417,0.0036801578351109893,0.04779724541791989,0.04140633915058327,0.7895736623167647,0.012752585520693301
a35rymlLML,2026,XVqKw7jOq0,kRQand1MKZ,104.0,0.6819,0.651,4,-0.0749,-0.0757,4,0.0021,0.0015,1,0.0013,0.0,0,-0.0269,0.0381,31,0.006,0.0004,16,4,0,4,0.651,0.0,2026-02-28,2,0.5894999999999999,56,True,0.6294461538461538,3.6923076923076925,-0.06913846153846154,3.6923076923076925,0.0019384615384615382,0.9230769230769231,0.0012,0.0,-0.024830769230769233,28.615384615384613,0.005538461538461538,14.76923076923077,0.5441538461538461,51.69230769230769,0.0,3.6923076923076925,0.600923076923077,100.0,0.651,0.600923076923077,0.014343606244813343,0.04640573869042975,0.170475,4.38568478795526,0.06815825697585182,0.058270068214626845,0.013577878462138824,0.028678917864907755,-0.018725,2.9829157878705814,-0.0175135333428493,-0.016985770334161196,0.005861881820464166,0.04581389016751004,0.0021,1.1124312353774535,-0.0012440534211288759,-0.001265163635759113,0.0,0.08221260243570114,,1.6855406803027195,0.00398099515552779,0.00398099515552779,0.19008942954436575,0.27388216495825446,-0.000867741935483871,30.784477210817144,-0.01152207037030808,-0.007956699327570637,0.003189792663476874,0.3687836577821413,0.000375,19.348519856326707,0.0033112525963903206,0.003298630380871178,0.045170847593483665,0.039342060453534874,0.45478522898864976,0.02193443790807991
a35rymlLML,2026,315V9zZ9M9,kRQand1MKZ,105.0,-0.6164,-0.6475,6,-0.0179,-0.0187,3,0.0071,0.0066,1,-0.0022,-0.0035,3,-0.0306,0.035,29,0.0058,0.0002,26,6,3,3,2.3525,0.0,2026-03-08,3,-0.6541999999999999,68,True,-0.5635657142857142,5.485714285714286,-0.016365714285714282,2.742857142857143,0.006491428571428572,0.9142857142857144,-0.0020114285714285716,2.742857142857143,-0.02797714285714286,26.514285714285716,0.005302857142857143,23.771428571428572,-0.5981257142857141,62.17142857142858,2.742857142857143,5.485714285714286,2.1508571428571432,50.0,-0.6475,-0.592,0.021362203846968835,0.04683105127852783,-0.10273333333333333,4.469362650967461,0.04830481086255967,0.05938184779330661,0.010218093855726062,0.028946694384082813,-0.005966666666666666,2.9556279001319443,-0.01683860768091011,-0.01683038351569397,0.005861881820464166,0.04623404140666874,0.0071,1.1119414049793725,-0.0012109152887602918,-0.0012646065535884285,0.0033222591362126247,0.08293754561811274,-0.0007333333333333333,1.911695142502269,0.004495480226139126,0.004515138192796818,0.18003349632311236,0.2757893608978995,-0.0010551724137931034,30.199319224265295,-0.012137068332600257,-0.007805456669583134,0.005173099880620772,0.37101403992684695,0.00022307692307692306,22.67228086405311,0.0038714497352750534,0.003865281428096182,0.026485149521703187,0.041861820675334074,0.6740003217250002,0.014906721740449998
a35rymlLML,2026,kRQalzboqK,kRQand1MKZ,99.0,-0.9485,-0.9778,8,-0.0023,-0.0031,2,0.0005,0.0,0,0.0061,0.0049,2,-0.0262,0.0356,24,0.0136,0.0083,17,8,6,2,5.0222,0.0,2026-03-15,4,-0.9568000000000001,53,True,-0.9197575757575758,7.757575757575758,-0.0022303030303030304,1.9393939393939394,0.0004848484848484849,0.0,0.005915151515151516,1.9393939393939394,-0.025406060606060606,23.272727272727273,0.013187878787878787,16.484848484848484,-0.9278060606060607,51.39393939393939,5.818181818181818,7.757575757575758,4.870012121212121,25.0,-0.9778000000000002,-0.9481696969696971,0.028281553028987088,0.04427346966994863,-0.1185625,4.567218724980186,0.04365133817933898,0.06068200509681304,0.00683534396587721,0.027337816958284907,-0.00115,2.9340154966894016,-0.016616177910303464,-0.016707314898491633,0.0,0.04370756918706364,,1.0725037776398014,-0.0012197542962947765,-0.0012197542962947765,0.0022172949002217295,0.07857062614795715,0.00305,1.8446086616527597,0.004359504511982357,0.004356689952191115,0.1537661802406755,0.2641934977551204,-0.0010916666666666668,29.401924312463628,-0.011366282547158865,-0.007599358267616082,0.0033884791708192145,0.3573901965395055,0.0007999999999999999,20.044321022375172,0.003460010487301038,0.003417253969777001,0.02226863842486527,0.04292952155637867,0.9996416509666048,0.010099781305490186
a35rymlLML,2026,NWMWkzXKMl,kRQand1MKZ,101.0,0.3255,0.2956,2,-0.2131,-0.2139,2,-0.0031,-0.0036,1,0.0327,0.0315,2,-0.012,0.051,17,0.0053,-0.0001,6,2,0,2,0.2956,0.5,2026-03-22,5,0.13529999999999998,30,True,0.30938613861386144,1.900990099009901,-0.20255049504950498,1.900990099009901,-0.0029465346534653463,0.9504950495049505,0.03108118811881188,1.900990099009901,-0.011405940594059406,16.15841584158416,0.005037623762376237,5.702970297029703,0.12860198019801977,28.51485148514851,0.0,1.900990099009901,0.2809663366336633,100.0,0.2956,0.2809663366336633,0.007223609427050639,0.04512752053375302,0.16275,4.305776483979898,0.06185717520349372,0.057208372596111966,0.00683534396587721,0.027874701472863753,-0.10655,2.932395995578769,-0.01871963698522902,-0.016698092890269682,0.005861881820464166,0.044551212499878944,-0.0031,1.113903319348507,-0.0012796534431888675,-0.0012668378310259595,0.0022172949002217295,0.08003087967968145,0.01635,1.841685381378367,0.004406907043208633,0.004349785601114571,0.11403186562114387,0.2680998263788889,-0.0007058823529411765,27.462039313123363,-0.008499076360688876,-0.007097966557628185,0.0011985617259288853,0.3619965837381058,0.0008833333333333333,16.11580276599558,0.0027612701730903404,0.002747500946366093,0.040526985630685936,0.03924276186466881,0.2471546547200957,0.03963092995839791
a35rymlLML,2026,0Oq6oelXQ6,kRQand1MKZ,102.0,0.5135,0.4833,7,-0.0211,-0.0219,6,0.0019,0.0014,1,-0.5681,-0.5694,1,0.0036,0.0673,24,0.0092,0.0037,7,7,1,6,1.4833,0.0,2026-04-05,6,-0.06100000000000008,46,True,0.4832941176470588,6.588235294117648,-0.019858823529411766,5.647058823529411,0.001788235294117647,0.9411764705882353,-0.5346823529411765,0.9411764705882353,0.0033882352941176468,22.588235294117645,0.008658823529411764,6.588235294117648,-0.05741176470588243,43.294117647058826,0.9411764705882353,6.588235294117648,1.3960470588235294,85.71428571428571,0.48330000000000006,0.45487058823529414,0.024834152450295324,0.04555397382726262,0.07335714285714286,4.518225133076259,0.06677136804604503,0.06003105545488666,0.020229480976184842,0.028142921531641923,-0.0035166666666666666,3.037536737517467,-0.017162987298308237,-0.017296801208686183,0.005861881820464166,0.04497247620439232,0.0019,1.1134121919904345,-0.0012464557820678012,-0.0012662792738278158,0.0011098779134295228,0.08075927219536061,-0.5681,1.7642184862629986,0.003049817773734188,0.004166820373533903,0.1537661802406755,0.2700374781153283,0.00015,29.168406033255526,-0.005706991341470916,-0.0075390020457960245,0.0013980427401637707,0.3642751009820834,0.0013142857142857142,16.401095158292534,0.0028223656931022382,0.002796138989981323,0.0485271170910345,0.04089193229009186,0.8261062103989588,0.01219551097135641
a35rymlLML,2026,2vQ1g1N45r,kRQand1MKZ,102.0,1.2165,1.1863,6,0.0333,0.0325,5,0.0005,0.0,0,0.0289,0.0276,1,-0.0304,0.0333,26,-0.0003,-0.0058,15,6,1,5,2.1863,0.0,2026-04-12,7,1.2485,53,True,1.1449411764705881,5.647058823529411,0.03134117647058824,4.705882352941177,0.00047058823529411766,0.0,0.027199999999999995,0.9411764705882353,-0.02861176470588235,24.470588235294116,-0.00028235294117647056,14.117647058823529,1.1750588235294117,49.88235294117648,0.9411764705882353,5.647058823529411,2.057694117647059,83.33333333333334,1.1863000000000001,1.1165176470588236,0.021362203846968835,0.04555397382726262,0.20274999999999999,4.475350804768246,0.07757476267070954,0.059461408944488696,0.01691493085882438,0.028142921531641923,0.006660000000000001,3.0110492819582744,-0.01651674433754134,-0.017145972332224365,0.0,0.04497247620439232,,1.0710851555627712,-0.0012181409030281492,-0.0012181409030281492,0.0011098779134295228,0.08075927219536061,0.0289,1.7642184862629986,0.004218783851757507,0.004166820373533903,0.16447250288380957,0.2700374781153283,-0.0011692307692307692,29.67671187441379,-0.012115833341267535,-0.007670381140423724,0.0029910269192422734,0.3642751009820834,-1.9999999999999998e-05,19.143872389216455,0.003252833944701069,0.0032637410788785254,0.055195661885331086,0.04085747602122489,0.7086515747509221,0.014188162860824267
a35rymlLML,2026,4wM4O8azQj,kRQand1MKZ,98.0,0.4223,0.3932,2,0.0089,0.0081,2,0.0005,0.0,0,0.0029,0.0017,1,-0.0235,0.0377,25,0.0035,-0.0018,10,2,0,2,0.3932,0.0,2026-04-19,8,0.4146,40,True,0.41368163265306124,1.9591836734693877,0.008718367346938776,1.9591836734693877,0.0004897959183673469,0.0,0.002840816326530612,0.9795918367346939,-0.023020408163265307,24.48979591836735,0.003428571428571429,9.795918367346939,0.4061387755102041,39.183673469387756,0.0,1.9591836734693877,0.3851755102040816,100.0,0.3932,0.3851755102040816,0.007223609427050639,0.04384587107573929,0.21115,4.311555785630842,0.06344761893367969,0.05728515884904978,0.00683534396587721,0.027069152256985234,0.00445,2.9348259182425065,-0.016508428511897377,-0.016711929723499722,0.0,0.043285188593004446,,1.0729774871120652,-0.0012202930442004117,-0.0012202930442004117,0.0011098779134295228,0.07783875962203923,0.0029,1.769823571106794,0.004181115826752546,0.00418005874616426,0.15915342051963938,0.2622246548359651,-0.00094,29.737469989184053,-0.010911669115389296,-0.007686084965686904,0.001996007984031936,0.35506196896711517,0.00035,17.682232583017132,0.003020889353731886,0.0030145535696312373,0.042009233442677034,0.03886146343145824,0.25919816673093743,0.03785921393417815
a35rymlLML,2026,eVq36lj65W,kRQand1MKZ,101.0,0.3286,0.2987,2,0.0248,0.024,2,0.0044,0.0039,1,0.0092,0.008,5,0.003,0.0661,41,0.0081,0.0027,17,2,0,2,0.2987,0.0,2026-04-23,9,0.3781,68,True,0.3123326732673267,1.900990099009901,0.02357227722772277,1.900990099009901,0.004182178217821782,0.9504950495049505,0.008744554455445544,4.752475247524753,0.0028514851485148514,38.97029702970298,0.007699009900990099,16.15841584158416,0.3593821782178218,64.63366336633663,0.0,1.900990099009901,0.2839128712871287,100.0,0.2987,0.2839128712871287,0.007223609427050639,0.04512752053375302,0.1643,4.305776483979898,0.06190538523727442,0.057208372596111966,0.00683534396587721,0.027874701472863753,0.0124,2.932395995578769,-0.01633541088439364,-0.016698092890269682,0.005861881820464166,0.044551212499878944,0.0044,1.113903319348507,-0.0012306816710580398,-0.0012668378310259595,0.0055248618784530384,0.08003087967968145,0.00184,2.0698922462075577,0.004882808292411177,0.004888776106630007,0.23688312364197092,0.2680998263788889,7.317073170731707e-05,33.57790069903386,-0.006040860089037931,-0.008678700569888438,0.0033884791708192145,0.3619965837381058,0.0004764705882352941,19.900638334584087,0.003413391743972792,0.003392758241800273,0.046594632629168777,0.038846275653358166,0.257454861557381,0.038105801526280604
a35rymlLML,2026,0Oq6oewXQ6,kRQand1MKZ,98.0,0.539,0.5099,7,-0.7405,-0.7413,6,0.0005,0.0,0,0.0012,0.0,0,0.0097,0.0709,23,0.0034,-0.0019,12,7,1,6,1.5099,0.0,2026-04-25,10,-0.1867,48,True,0.528,6.857142857142857,-0.7253877551020409,5.877551020408163,0.0004897959183673469,0.0,0.0011755102040816325,0.0,0.00950204081632653,22.53061224489796,0.003330612244897959,11.755102040816325,-0.18288979591836735,47.0204081632653,0.9795918367346939,6.857142857142857,1.4790857142857143,85.71428571428571,0.5099,0.49949387755102037,0.024834152450295324,0.04384587107573929,0.077,4.5263110725324225,0.06730034691949946,0.060138488676030145,0.020229480976184842,0.027069152256985234,-0.12341666666666667,3.040892800555591,-0.02455768045290701,-0.017315911810542376,0.0,0.043285188593004446,,1.0729774871120652,-0.0012202930442004117,-0.0012202930442004117,0.0,0.07783875962203923,,1.6935733575994902,0.003999967138689073,0.003999967138689073,0.14830946355164235,0.2622246548359651,0.0004217391304347826,29.223723726648284,-0.004605191213894527,-0.007553299714416698,0.0023942537909018356,0.35506196896711517,0.0002833333333333333,18.377864195687398,0.0031381137269555137,0.0031331482522471395,0.0440552630741421,0.04118209949780687,0.8914781208160594,0.011311332277338337
a35rymlLML,2026,KXMeXz7xQ6,kRQand1MKZ,101.0,-0.3481,-0.3781,3,-0.0531,-0.0539,1,0.0018,0.0013,1,-0.3404,-0.3417,3,-0.0207,0.0423,23,-0.0048,-0.0102,17,4,2,1,1.6219,0.25,2026-05-02,11,-0.7653000000000001,48,True,-0.3308673267326733,2.8514851485148514,-0.05047128712871287,0.9504950495049505,0.001710891089108911,0.9504950495049505,-0.3235485148514851,2.8514851485148514,-0.019675247524752474,21.861386138613863,-0.004562376237623762,16.15841584158416,-0.7274138613861387,45.62376237623762,1.900990099009901,3.801980198019802,1.541607920792079,25.0,-0.3781000000000001,-0.35938217821782187,0.010796419581442509,0.04512752053375302,-0.11603333333333334,4.348669968843663,0.051706702531498526,0.057778273628634635,0.0034293925216784442,0.027874701472863753,-0.0531,2.9059012298223834,-0.01701964223901662,-0.01654722238697712,0.005861881820464166,0.044551212499878944,0.0018,1.113903319348507,-0.0012476585520633933,-0.0012668378310259595,0.0033222591362126247,0.08003087967968145,-0.11346666666666666,1.9177543363214304,0.0037914735510231777,0.004529449102953049,0.14830946355164235,0.2680998263788889,-0.0009,28.991004659600986,-0.010251521308879602,-0.007493150060693247,0.0033884791708192145,0.3619965837381058,-0.00028235294117647056,19.900638334584087,0.0033622220739476503,0.003392758241800273,0.030341576056509736,0.04039327069469163,0.36904073541937754,0.02689371892265371
a35rymlLML,2026,7VqGXPNeQv,kRQand1MKZ,111.0,-0.3734,-0.4063,5,-0.2174,-0.2183,3,0.0022,0.0016,1,-0.0083,-0.0097,1,-0.0341,0.0352,18,0.0056,-0.0004,13,5,2,3,1.5937,0.0,2026-05-10,12,-0.6254,41,True,-0.32294054054054055,4.324324324324325,-0.18802162162162164,2.5945945945945947,0.0019027027027027027,0.8648648648648649,-0.007178378378378378,0.8648648648648649,-0.029491891891891893,15.567567567567568,0.004843243243243244,11.243243243243242,-0.5408864864864864,35.45945945945946,1.7297297297297298,4.324324324324325,1.378335135135135,60.0,-0.4063000000000001,-0.3513945945945947,0.01786544408219076,0.049374980936494374,-0.07468,4.414731602822936,0.05171798431175083,0.058655996516725886,0.010218093855726062,0.030550258121162507,-0.07246666666666667,2.9507470787665855,-0.018815843193011314,-0.016802590404305724,0.005861881820464166,0.0487471991998347,0.0022,1.109011457456828,-0.0012395789277588954,-0.0012612743358815532,0.0011098779134295228,0.08726326815154181,-0.0083,1.7517359345728898,0.00411660954349417,0.004137338452161336,0.11993512676015416,0.28702540703111823,-0.0018944444444444443,27.000160114541824,-0.012276327493150843,-0.0069785871092261425,0.002593257530420906,0.3840722033630479,0.0004307692307692308,17.88337215236464,0.003060915823710276,0.0030488448280412746,0.02656376006503422,0.04079972794751508,0.4987097051404481,0.02004125282309417
a35rymlLML,2026,0x5gxz6Pq7,kRQand1MKZ,98.0,-0.0805,-0.1095,2,-0.0054,-0.0062,1,0.0003,-0.0002,2,0.0249,0.0237,5,-0.0199,0.0413,30,-0.0043,-0.0095,18,2,1,1,0.8905,0.0,2026-05-14,13,-0.0849,58,True,-0.07885714285714286,1.9591836734693877,-0.005289795918367347,0.9795918367346939,0.0002938775510204081,1.9591836734693877,0.024391836734693875,4.8979591836734695,-0.01949387755102041,29.387755102040817,-0.004212244897959183,17.63265306122449,-0.08316734693877552,56.816326530612244,0.9795918367346939,1.9591836734693877,0.8723265306122447,50.0,-0.10950000000000004,-0.10726530612244903,0.007223609427050639,0.04384587107573929,-0.04025,4.311555785630842,0.055617767186069596,0.05728515884904978,0.0034293925216784442,0.027069152256985234,-0.0054,2.9083091976642352,-0.016557998420426875,-0.01656093420173906,0.011655440824251158,0.043285188593004446,0.00015,1.1577811219065228,-0.0012993685308217884,-0.0013167398820004485,0.0055248618784530384,0.07783875962203923,0.00498,2.074824425136009,0.004930437333308719,0.004900425176065005,0.1850924842280916,0.2622246548359651,-0.0006633333333333334,31.021835645523474,-0.010342767041389627,-0.008018048093862418,0.0035870864886408927,0.35506196896711517,-0.00023888888888888888,20.464759033698197,0.0034588806370325497,0.003488932300094847,0.03580695116377257,0.0397787941476077,0.2730514997161618,0.03600758090887427
a35rymlLML,2026,9z5kBzOdMA,kRQand1MKZ,107.0,0.7973,0.7656,5,0.069,0.0681,3,0.0005,0.0,0,-0.0408,-0.0421,4,-0.02,0.0468,22,0.0055,-0.0003,7,5,2,3,2.7656,0.4,2026-05-16,14,0.8115,41,True,0.7153345794392523,4.485981308411215,0.06190654205607477,2.691588785046729,0.0004485981308411215,0.0,-0.036605607476635514,3.5887850467289715,-0.01794392523364486,19.738317757009344,0.004934579439252336,6.2803738317757,0.7280747663551402,36.78504672897196,1.7943925233644857,4.485981308411215,2.481285981308411,60.0,0.7656000000000001,0.6868934579439252,0.01786544408219076,0.04768053930704691,0.15946,4.422600641466617,0.07030997420097311,0.05876054790167952,0.010218093855726062,0.029481804738224416,0.023000000000000003,2.9539991665874483,-0.015954991728017443,-0.016821108934750438,0.0,0.04707323484510101,,1.068729106821327,-0.0012154613781308284,-0.0012154613781308284,0.004424778761061947,0.08438400168723158,-0.0102,1.9843888919388433,0.004576530863436029,0.004686829963708084,0.1427819177286672,0.27957385359298004,-0.0009090909090909091,28.28567894653345,-0.009938521793338071,-0.007310848292550479,0.0013980427401637707,0.37542785014671104,0.0007857142857142856,16.11336488280985,0.0027609447028935923,0.0027470853241065526,0.05053847486781639,0.04084704458406241,0.5433670143403151,0.018424484228784316
a35rymlLML,2026,KPqj3z6YQ6,kRQand1MKZ,105.0,-0.3819,-0.413,1,0.0009,0.0,0,0.0005,0.0,0,0.0044,0.0031,1,-0.0337,0.0319,26,0.0077,0.0021,10,1,1,0,0.587,0.0,2026-05-23,15,-0.4021,38,True,-0.3491657142857143,0.9142857142857144,0.0008228571428571428,0.0,0.0004571428571428572,0.0,0.004022857142857143,0.9142857142857144,-0.030811428571428573,23.771428571428572,0.007039999999999999,9.142857142857142,-0.3676342857142857,34.74285714285714,0.9142857142857144,0.9142857142857144,0.5366857142857142,0.0,-0.41300000000000003,-0.37760000000000005,0.003624897134080235,0.04683105127852783,-0.3819,4.255277845122762,0.050441697616222206,0.05653742626202237,0.0,0.028946694384082813,,2.87623125267846,-0.016378271114656333,-0.016378271114656333,0.0,0.04623404140666874,,1.069670281407561,-0.0012165317722581562,-0.0012165317722581562,0.0011098779134295228,0.08293754561811274,0.0044,1.7600379162291486,0.0041609278685931835,0.0041569464919678336,0.16447250288380957,0.2757893608978995,-0.0012961538461538462,29.442868405802486,-0.012634994621055369,-0.007609940868636274,0.001996007984031936,0.37101403992684695,0.0007700000000000001,17.24487547998038,0.0029606266446847193,0.002939990789734919,0.027333454621530254,0.038429619788174364,0.11403729368891106,0.0820948297880984
a35rymlLML,2026,vzqoYzdJMa,kRQand1MKZ,98.0,-0.0912,-0.1203,7,0.0141,0.0134,5,0.0013,0.0008,1,0.0302,0.029,1,-0.0215,0.0397,31,0.005,-0.0003,12,7,2,5,1.8797,0.0,2026-07-23,17,-0.062099999999999995,57,True,-0.08933877551020408,6.857142857142857,0.013812244897959184,4.8979591836734695,0.001273469387755102,0.9795918367346939,0.029583673469387756,0.9795918367346939,-0.021061224489795916,30.367346938775512,0.004897959183673469,11.755102040816325,-0.060832653061224484,55.836734693877546,1.9591836734693877,6.857142857142857,1.841338775510204,71.42857142857143,-0.12030000000000007,-0.11784489795918374,0.024834152450295324,0.04384587107573929,-0.01302857142857143,4.5263110725324225,0.057180496358947695,0.060138488676030145,0.01691493085882438,0.027069152256985234,0.00282,3.0143760799773203,-0.01673078686096909,-0.017164916288781716,0.005861881820464166,0.043285188593004446,0.0013,1.1153793045092941,-0.0012525808813379897,-0.0012685164631004303,0.0011098779134295228,0.07783875962203923,0.0302,1.769823571106794,0.004234740891670654,0.00418005874616426,0.19008942954436575,0.2622246548359651,-0.0006935483870967741,31.27870877679136,-0.010671340640997486,-0.00808444071949752,0.0023942537909018356,0.35506196896711517,0.0004166666666666667,18.377864195687398,0.0031439805630914075,0.0031331482522471395,0.035904509430405185,0.04093382220306188,0.894526917654752,0.011273214713908393
a35rymlLML,2026,KXMeXz8PQ6,kRQand1MKZ,99.0,1.0072,0.9778,5,-0.0196,-0.0204,5,0.0127,0.0122,1,0.0288,0.0276,1,-0.0246,0.0372,29,0.0023,-0.003,8,5,0,5,0.9778,0.0,2026-07-26,18,1.0068000000000001,49,True,0.9766787878787879,4.848484848484849,-0.019006060606060606,4.848484848484849,0.012315151515151515,0.9696969696969697,0.027927272727272728,0.9696969696969697,-0.023854545454545455,28.12121212121212,0.0022303030303030304,7.757575757575758,0.9762909090909092,47.515151515151516,0.0,4.848484848484849,0.9481696969696969,100.0,0.9778,0.9481696969696969,0.01786544408219076,0.04427346966994863,0.20144,4.438423176849426,0.07389029792678146,0.05897077281766453,0.01691493085882438,0.027337816958284907,-0.00392,3.01354369147714,-0.017069730801401773,-0.017160176376260432,0.005861881820464166,0.04370756918706364,0.0127,1.1148868750333176,-0.0011775250584630296,-0.0012679564250087543,0.0011098779134295228,0.07857062614795715,0.0288,1.7684189635698921,0.004228632199715768,0.004176741273103438,0.18003349632311236,0.2641934977551204,-0.0008482758620689655,30.682862483397546,-0.0111885189982733,-0.007930435511953632,0.001597444089456869,0.3573901965395055,0.0002875,16.925279307121308,0.002888668228998892,0.002885504469684015,0.051571823497358026,0.039674450247229175,0.6287881564384163,0.015961461228676012
a35rymlLML,2026,N6MmgzoxqE,kRQand1MKZ,100.0,0.0913,0.0616,2,-0.0252,-0.026,1,0.0005,0.0,0,-0.0012,-0.0024,1,-0.0183,0.0441,34,0.0028,-0.0025,16,2,1,1,1.0616,0.0,2026-08-02,19,0.0499,54,True,0.087648,1.92,-0.024191999999999998,0.96,0.00048000000000000007,0.0,-0.0011519999999999998,0.96,-0.017568,32.64,0.002688,15.36,0.047904,51.84,0.96,1.92,1.019136,50.0,0.0616000000000001,0.05913600000000009,0.007223609427050639,0.04470068598514822,0.04565,4.307701195605223,0.05824100740708169,0.05723394513110336,0.0034293925216784442,0.027606333322638656,-0.0252,2.906703442601915,-0.016746227203522035,-0.016551790468344908,0.0,0.04412957699158392,,1.0720304862595103,-0.001219216023883485,-0.001219216023883485,0.0011098779134295228,0.0793013319140693,-0.0012,1.7670165837779601,0.00416644365768968,0.004173429061643262,0.20471921699935186,0.26615186045015843,-0.0005382352941176471,31.87872840421938,-0.010065360453339944,-0.008239524586388986,0.003189792663476874,0.3597016747647554,0.000175,19.6269076561883,0.003346373967360261,0.0033460912957683484,0.037723021351386166,0.03874293440989759,0.24869830468875243,0.03939463455413912
a35rymlLML,2026,jYQJJygZQG,kRQand1MKZ,99.0,0.2501,0.2208,7,-0.0192,-0.02,6,0.017,0.0165,1,0.0257,0.0245,4,-0.0084,0.0535,29,0.0023,-0.003,13,7,1,6,1.2208,0.0,2026-08-16,20,0.2675,60,True,0.24252121212121208,6.787878787878787,-0.01861818181818182,5.818181818181818,0.016484848484848484,0.9696969696969697,0.024921212121212122,3.878787878787879,-0.008145454545454546,28.12121212121212,0.0022303030303030304,12.606060606060607,0.2593939393939394,58.18181818181819,0.9696969696969697,6.787878787878787,1.1838060606060608,85.71428571428571,0.2208000000000001,0.214109090909091,0.024834152450295324,0.04427346966994863,0.03572857142857143,4.5242868756032655,0.06263312286535627,0.06011159433709686,0.020229480976184842,0.027337816958284907,-0.0031999999999999997,3.040053089739719,-0.017157730850747576,-0.017311130202183365,0.005861881820464166,0.04370756918706364,0.017,1.1148868750333176,-0.0011494231175131124,-0.0012679564250087543,0.004424778761061947,0.07857062614795715,0.006425,1.9969880578184949,0.004752490234973186,0.004716587310366472,0.18003349632311236,0.2641934977551204,-0.0002896551724137931,30.682862483397546,-0.008102730144362457,-0.007930435511953632,0.002593257530420906,0.3573901965395055,0.00017692307692307693,18.658080260040123,0.0031812323713785967,0.003180920858624563,0.0441569613590849,0.041499580366942145,0.886714156977106,0.011371412528385038
a35rymlLML,2026,9z5kBz3JMA,kRQand1MKZ,97.0,0.1027,0.0739,3,0.041,0.0402,1,0.0005,0.0,0,0.0029,0.0017,2,-0.0129,0.0477,27,0.0004,-0.0048,16,3,2,1,2.0739,0.0,2026-08-20,21,0.13460000000000003,49,True,0.10164123711340206,2.9690721649484537,0.04057731958762886,0.9896907216494846,0.0004948453608247423,0.0,0.002870103092783505,1.9793814432989691,-0.012767010309278352,26.721649484536083,0.00039587628865979385,15.835051546391753,0.13321237113402062,48.49484536082474,1.9793814432989691,2.9690721649484537,2.0525195876288658,33.33333333333333,0.07390000000000008,0.07313814432989699,0.010796419581442509,0.04341788968918779,0.03423333333333333,4.356455951235495,0.058866941066622075,0.05788172149299915,0.0034293925216784442,0.02680033909578664,0.041,2.9091127406816866,-0.01609966415374206,-0.016565509857948846,0.0,0.04286243471522076,,1.073451615230542,-0.0012208322682307259,-0.0012208322682307259,0.0022172949002217295,0.07710572956823622,0.00145,1.8475412368408963,0.0043598808208481395,0.004363616256464648,0.16972471267568665,0.2602452473392331,-0.00047777777777777776,30.332378470851175,-0.008968905553056539,-0.007839847782044999,0.003189792663476874,0.352716809332854,2.5e-05,19.841013024607722,0.003373385474598196,0.0033825930270749414,0.040310805387039086,0.04000174086831418,0.39611295966093707,0.025101813799478616
a35rymlLML,2026,kRQalzWkqK,kRQand1MKZ,98.0,1.0499,1.0208,6,0.0161,0.0153,5,0.0067,0.0062,3,0.0012,0.0,0,0.0064,0.0676,36,0.0021,-0.0032,12,6,1,5,2.0208,0.0,2026-08-23,22,1.0824,62,True,1.0284734693877553,5.877551020408163,0.01577142857142857,4.8979591836734695,0.006563265306122449,2.9387755102040813,0.0011755102040816325,0.0,0.006269387755102041,35.26530612244898,0.002057142857142857,11.755102040816325,1.0603102040816326,60.734693877551024,0.9795918367346939,5.877551020408163,1.9795591836734692,83.33333333333334,1.0208,0.9999673469387753,0.021362203846968835,0.04384587107573929,0.17498333333333335,4.4833600151521065,0.0750542553468567,0.05956782271063407,0.01691493085882438,0.027069152256985234,0.0032199999999999998,3.0143760799773203,-0.016710391675778966,-0.017164916288781716,0.017381864589308817,0.043285188593004446,0.0022333333333333333,1.2001829393037518,-0.001294647194923632,-0.0013649633009004672,0.0,0.07783875962203923,,1.6935733575994902,0.003999967138689073,0.003999967138689073,0.21418227519501587,0.2622246548359651,0.00017777777777777779,32.56307443313078,-0.005373860056941432,-0.008416403847673035,0.0023942537909018356,0.35506196896711517,0.000175,18.377864195687398,0.0031333469225951,0.0031331482522471395,0.058808670480496844,0.03975465466421507,0.7670008414464549,0.013122968721686138
a35rymlLML,2026,Oa5wP60Dq1,kRQand1MKZ,50.0,-0.4613,-0.4761,1,0.0004,0.0,0,0.0002,0.0,0,0.0457,0.0451,3,0.0115,0.0428,14,0.0035,0.0008,6,1,1,0,0.5239,0.0,2026-08-30,23,-0.39999999999999997,24,True,-0.885696,1.92,0.000768,0.0,0.000384,0.0,0.087744,5.76,0.022080000000000002,26.880000000000003,0.00672,11.52,-0.768,46.08,1.92,1.92,1.0058880000000001,0.0,-0.47609999999999997,-0.9141119999999999,0.003624897134080235,0.02286130090915006,-0.4613,4.362287151119093,0.05045463705649745,0.057959197287867845,0.0,0.013996360761563135,,2.9205136999492476,-0.016630430924944897,-0.016630430924944897,0.0,0.022562628113014842,,1.096218311446798,-0.0012467247416197967,-0.0012467247416197967,0.0033222591362126247,0.04128775285354725,0.015233333333333333,1.9985176987347255,0.004805661509474066,0.004720200093581006,0.09583715214474484,0.1535035591521062,0.0008214285714285714,30.877690004069517,-0.004785139238505211,-0.007980791540159245,0.0011985617259288853,0.21929039933218764,0.0005833333333333334,19.7205244065918,0.0033718097330591042,0.003362051537654161,0.035969813393960715,0.04018350171237907,0.5240018411613827,0.019092385111398116
a35rymlLML,2026,eV5D89295K,kRQand1MKZ,107.0,-0.613,-0.6447,5,-0.0168,-0.0177,1,0.0005,0.0,0,0.0013,0.0,0,-0.0151,0.0517,31,-0.0033,-0.0091,21,5,4,1,3.3553,0.0,2026-09-06,24,-0.6464000000000001,58,True,-0.549981308411215,4.485981308411215,-0.015072897196261682,0.8971962616822429,0.0004485981308411215,0.0,0.0011663551401869159,0.0,-0.01354766355140187,27.813084112149532,-0.002960747663551402,18.8411214953271,-0.579947663551402,52.03738317757009,3.5887850467289715,4.485981308411215,3.0103626168224302,20.0,-0.6446999999999998,-0.5784224299065419,0.01786544408219076,0.04768053930704691,-0.1226,4.422600641466617,0.04802392720035448,0.05876054790167952,0.0034293925216784442,0.029481804738224416,-0.0168,2.901097236589887,-0.01663035687405238,-0.016519866761965558,0.0,0.04707323484510101,,1.068729106821327,-0.0012154613781308284,-0.0012154613781308284,0.0,0.08438400168723158,,1.6815528485005544,0.00397157649285711,0.00397157649285711,0.19008942954436575,0.27957385359298004,-0.0004870967741935484,30.543172493302936,-0.009221753626200412,-0.007894330586648499,0.0041824337781318464,0.37542785014671104,-0.00015714285714285713,20.829019374372276,0.003522491568741144,0.003551033186116943,0.028450423383569106,0.0406534988539087,0.5325686514362311,0.018791039242973265
a35rymlLML,2026,KPqj3zB2Q6,kRQand1MKZ,99.0,0.1691,0.1398,5,0.0135,0.0127,3,0.0038,0.0034,1,-0.0003,-0.0015,1,-0.0427,0.0191,38,0.0041,-0.0012,20,6,2,3,2.1398,0.0,2026-09-10,25,0.14750000000000002,68,True,0.16397575757575758,4.848484848484849,0.01309090909090909,2.909090909090909,0.0036848484848484844,0.9696969696969697,-0.0002909090909090909,0.9696969696969697,-0.041406060606060606,36.848484848484844,0.003975757575757576,19.393939393939394,0.14303030303030306,65.93939393939394,1.9393939393939394,5.818181818181818,2.074957575757576,50.0,0.13980000000000015,0.1355636363636365,0.01786544408219076,0.04427346966994863,0.03382,4.438423176849426,0.06059897041790223,0.05897077281766453,0.010218093855726062,0.027337816958284907,0.0045,2.9605248949519813,-0.0165498802067687,-0.016858268724414566,0.005861881820464166,0.04370756918706364,0.0038,1.1148868750333176,-0.0012356895408942538,-0.0012679564250087543,0.0011098779134295228,0.07857062614795715,-0.0003,1.7684189635698921,0.004171516781469504,0.004176741273103438,0.2234227794155382,0.2641934977551204,-0.0011236842105263158,32.98855119107859,-0.014903383384997988,-0.008526374551761222,0.00398406374501992,0.3573901965395055,0.00020500000000000002,21.084001594126462,0.0035974030721598747,0.00359450380314133,0.03567893713887067,0.04008941819272476,0.6280916442450226,0.015978878606611922
a35rymlLML,2026,jYQJJyZZQG,kRQand1MKZ,102.0,-1.5002,-1.5305,8,-0.0705,-0.0713,4,0.0019,0.0013,1,0.0151,0.0139,6,0.0288,0.0925,30,0.0004,-0.0051,12,8,4,4,2.4695,0.0,2026-09-13,26,-1.5245000000000002,61,True,-1.4119529411764706,7.529411764705882,-0.06635294117647059,3.764705882352941,0.001788235294117647,0.9411764705882353,0.014211764705882354,5.647058823529411,0.027105882352941174,28.235294117647058,0.0003764705882352941,11.294117647058822,-1.4348235294117648,57.41176470588235,3.764705882352941,7.529411764705882,2.324235294117647,50.0,-1.5305,-1.4404705882352942,0.028281553028987088,0.04555397382726262,-0.187525,4.56109946138427,0.034697037070722955,0.06060070196528462,0.013577878462138824,0.028142921531641923,-0.017625,2.9845618263990823,-0.01747862127616904,-0.016995143455762547,0.005861881820464166,0.04497247620439232,0.0019,1.1134121919904345,-0.0012464557820678012,-0.0012662792738278158,0.006622516556291391,0.08075927219536061,0.0025166666666666666,2.144262120123519,0.0050666250858142844,0.005064426633037641,0.1850924842280916,0.2700374781153283,0.00096,30.69332355673032,-0.0010109154973426892,-0.007933139329679123,0.0023942537909018356,0.3642751009820834,3.3333333333333335e-05,18.115330927619986,0.0030824416620274186,0.0030883902955420746,0.02311011126298513,0.042558956834594854,0.955501467983809,0.010561421462596617
gOMn2jBXMw,2026,Oa5wP60Dq1,kRQand1MKZ,53.0,-0.641,-0.6567,4,0.0114,0.011,2,0.0003,0.0,0,0.0006,0.0,0,-0.0059,0.0271,13,0.0019,-0.001,6,4,2,2,1.3433,0.0,2026-08-30,23,-0.6327,25,True,-1.161056603773585,7.245283018867925,0.020649056603773586,3.6226415094339623,0.0005433962264150943,0.0,0.0010867924528301885,0.0,-0.010686792452830189,23.547169811320757,0.0034415094339622643,10.867924528301888,-1.146022641509434,45.283018867924525,3.6226415094339623,7.245283018867925,2.4331471698113205,50.0,-0.6567000000000001,-1.1894943396226416,0.014343606244813343,0.02419978465016961,-0.16025,4.487812410559299,0.048456194101948374,0.05962697912443019,0.00683534396587721,0.014823693741331566,0.0057,2.971764092333576,-0.0166908148658054,-0.016922268662408244,0.0,0.023884052580024046,,1.094736303760584,-0.001245039260151023,-0.001245039260151023,0.0,0.043656868385225145,,1.756349299350528,0.004148234530224051,0.004148234530224051,0.08960503350792261,0.16122882083110426,-0.00045384615384615385,30.303858165431414,-0.00836301095484621,-0.007832476291101642,0.0011985617259288853,0.2294291269994305,0.00031666666666666665,19.464422744408292,0.0033218003927760207,0.0033183900726044767,0.029627363944145817,0.041093819513597814,1.7362363028886971,0.005839993294723976
gOMnRnO8Mw,2026,wvq9kwpZMW,eVq3ya6MWO,30.0,0.0089,0.0,0,0.0002,0.0,0,0.0016,0.0015,1,0.0172,0.0168,1,-0.0061,0.0127,7,0.0018,0.0002,2,0,0,0,0.0,0.0,2026-04-11,7,0.0236,11,True,0.02848,0.0,0.0006399999999999999,0.0,0.0051199999999999996,3.2,0.055040000000000006,3.2,-0.01952,22.4,0.00576,6.4,0.07552,35.199999999999996,0.0,0.0,0.0,,0.0,0.0,0.0,0.013843371538424873,,4.358247536722958,0.05790552525765947,0.05790552525765947,0.0,0.008445096704997655,,2.9369563803654755,-0.016724061323216192,-0.016724061323216192,0.005861881820464166,0.013660866891559164,0.0016,1.1499166137909638,-0.001289344384315933,-0.0013077956080853408,0.0011098779134295228,0.025188644727416908,0.0172,1.8708703406758465,0.0044495266053152715,0.004418716112810483,0.050330334011447896,0.09812729084939835,-0.0008714285714285715,30.69960140090092,-0.00888186546573863,-0.007934761930516185,0.00039984006397441024,0.14422511261493623,0.0009,19.770572867364816,0.003376350910114478,0.0033705840442462723,0.03883613159981846,0.0397282065528985,0.04565364135121955,0.18260801822750447
gOMnRnO8Mw,2026,Vj589JwLq8,eVq3ya6MWO,101.0,-1.6468,-1.6767,4,-0.008,-0.0089,1,0.0005,0.0,0,0.0035,0.0023,2,-0.0319,0.0312,10,0.0054,0.0,4,4,3,1,1.3233,0.0,2026-05-18,14,-1.6773,21,True,-1.5652752475247527,3.801980198019802,-0.007603960396039604,0.9504950495049505,0.00047524752475247524,0.0,0.003326732673267327,1.900990099009901,-0.03032079207920792,9.504950495049506,0.005132673267326733,3.801980198019802,-1.5942653465346535,19.96039603960396,2.8514851485148514,3.801980198019802,1.257790099009901,25.0,-1.6767,-1.5936950495049504,0.014343606244813343,0.04512752053375302,-0.4117,4.391563453707428,0.03157791560042192,0.0583481746611573,0.0034293925216784442,0.027874701472863753,-0.008,2.9059012298223834,-0.01657019927383898,-0.01654722238697712,0.0,0.044551212499878944,,1.0715576124179291,-0.0012186782263373136,-0.0012186782263373136,0.0022172949002217295,0.08003087967968145,0.00175,1.841685381378367,0.004347287072991063,0.004349785601114571,0.0703823204324124,0.2680998263788889,-0.0031899999999999997,25.67824640889947,-0.01193506703636473,-0.006636919137385611,0.0007993605115907274,0.3619965837381058,0.00135,15.42765084443403,0.0026447275190021203,0.002630181438105333,0.008845985655874078,0.040925321949677164,0.48266728557717703,0.020693580003755818
gOMnRnO8Mw,2026,p6qbYzRw50,eVq3ya6MWO,96.0,0.5706,0.5422,4,-0.4169,-0.4176,4,0.001,0.0005,1,0.0012,0.0,0,-0.0438,0.0162,16,0.005,-0.0002,8,4,0,4,0.5422,0.0,2026-05-25,15,0.11710000000000001,33,True,0.5706,4.0,-0.41689999999999994,4.0,0.001,1.0,0.0012,0.0,-0.0438,16.0,0.005,8.0,0.11710000000000001,33.0,0.0,4.0,0.5422,100.0,0.5422,0.5422,0.014343606244813343,0.042989524996042236,0.14265,4.40139633010664,0.06664578623047479,0.058478818427463,0.013577878462138824,0.02653137735160019,-0.104225,2.9895108599019182,-0.02102280374884206,-0.017023324991023134,0.005861881820464166,0.04243930705865313,0.001,1.1163654696091052,-0.0012556515542533557,-0.0012696380247605651,0.0,0.07637153320966035,,1.696267957472884,0.004006331380838447,0.004006331380838447,0.10804887439196957,0.25825519000376856,-0.0027375,27.573170278364472,-0.014512356061268902,-0.00712668998438482,0.001597444089456869,0.35035453225470276,0.000625,17.110587066962765,0.0029295199987777764,0.002917096643708858,0.03679082624572669,0.03998259345184178,0.5325370176786808,0.01879213449180949
gOMnRzymMw,2026,aDQ0WDdPqE,WBLMvYAQxe,101.0,-0.0398,-0.0697,4,-0.0363,-0.0371,2,-0.0235,-0.024,2,0.0086,0.0073,1,-0.01,0.0531,37,0.0049,-0.0005,28,4,2,2,1.9303,0.0,2026-02-22,1,-0.09609999999999999,74,True,-0.03782970297029703,3.801980198019802,-0.0345029702970297,1.900990099009901,-0.022336633663366336,1.900990099009901,0.008174257425742574,0.9504950495049505,-0.009504950495049506,35.16831683168317,0.004657425742574257,26.613861386138616,-0.09134257425742573,70.33663366336634,1.900990099009901,3.801980198019802,1.8347405940594057,50.0,-0.0697000000000001,-0.06624950495049514,0.014343606244813343,0.04512752053375302,-0.00995,4.391563453707428,0.056884492391772096,0.0583481746611573,0.00683534396587721,0.027874701472863753,-0.01815,2.932395995578769,-0.01694775310701256,-0.016698092890269682,0.011655440824251158,0.044551212499878944,-0.01175,1.156249026279085,-0.0014580205181393448,-0.001314997435714605,0.0011098779134295228,0.08003087967968145,0.0086,1.7656164264353034,0.004182346493469286,0.004170122099276093,0.21882985295635568,0.2680998263788889,-0.0002702702702702703,32.55859046804878,-0.008499357438642701,-0.008415244901178395,0.005568814638027049,0.3619965837381058,0.000175,23.6854739031726,0.0040386110796137254,0.004038015537234453,0.038200318901060494,0.04012797707050516,0.48514622261842183,0.020590019775679556
gOMnRzymMw,2026,BLMvVG0OMx,WBLMvYAQxe,101.0,0.3736,0.3436,9,0.0242,0.0234,7,0.0322,0.0317,4,-0.0037,-0.0049,3,-0.0132,0.0498,27,-0.0398,-0.0452,18,9,2,7,2.3436,0.3333,2026-02-28,2,0.3733,68,True,0.35510495049504953,8.554455445544555,0.0230019801980198,6.653465346534654,0.030605940594059404,3.801980198019802,-0.003516831683168317,2.8514851485148514,-0.012546534653465346,25.663366336633665,-0.03782970297029703,17.10891089108911,0.354819801980198,64.63366336633663,1.900990099009901,8.554455445544555,2.227580198019802,77.77777777777779,0.3435999999999999,0.3265900990099009,0.031704665012010046,0.04512752053375302,0.04151111111111111,4.606030878026254,0.06531940611056984,0.06119767982377064,0.023521755654127043,0.027874701472863753,0.003457142857142857,3.0648698243606955,-0.016792703952778085,-0.017452445406732485,0.023042313329041816,0.044551212499878944,0.00805,1.240940440140241,-0.0011486138302718534,-0.0014113166450918965,0.0033222591362126247,0.08003087967968145,-0.0012333333333333335,1.9177543363214304,0.004506543191155432,0.004529449102953049,0.16972471267568665,0.2680998263788889,-0.0004888888888888889,30.01031489058607,-0.008930269730340735,-0.007756605729403289,0.0035870864886408927,0.3619965837381058,-0.002211111111111111,20.24471429536486,0.0032784675868269713,0.003451417995930653,0.04623282937516157,0.04255817914142667,1.090391250317994,0.00926700001930625
gOMnRzymMw,2026,raMyNnLO5d,WBLMvYAQxe,101.0,-1.1392,-1.1692,7,-0.0001,-0.0009,3,0.0029,0.0024,1,0.0126,0.0114,3,0.0043,0.0673,36,0.0114,0.006,25,8,4,3,2.8308,0.0,2026-03-08,3,-1.1081,75,True,-1.0828039603960395,6.653465346534654,-9.504950495049506e-05,2.8514851485148514,0.002756435643564356,0.9504950495049505,0.011976237623762378,2.8514851485148514,0.004087128712871287,34.21782178217822,0.010835643564356436,23.762376237623762,-1.0532435643564357,71.2871287128713,3.801980198019802,7.603960396039604,2.690661386138614,37.5,-1.1692,-1.111318811881188,0.024834152450295324,0.04512752053375302,-0.16274285714285713,4.520243908298724,0.04029745971283627,0.06005787775872531,0.010218093855726062,0.027874701472863753,-3.3333333333333335e-05,2.958890761335154,-0.0166778069116854,-0.01684896339356224,0.005861881820464166,0.044551212499878944,0.0029,1.113903319348507,-0.0012404760254842054,-0.0012668378310259595,0.0033222591362126247,0.08003087967968145,0.0042,1.9177543363214304,0.004541160462121146,0.004529449102953049,0.21418227519501587,0.2680998263788889,0.00011944444444444444,32.3037629103025,-0.005734668185566393,-0.008349380984000883,0.004975124378109453,0.3619965837381058,0.000456,22.65324602083028,0.0038942146027570214,0.0038620362748433136,0.025079883654978437,0.04198418092793259,0.8473252976121565,0.011893738112104056
gOMnRzymMw,2026,NPqxLOmmq9,WBLMvYAQxe,117.0,-0.7979,-0.8326,6,-0.0663,-0.0673,3,0.0293,0.0287,3,0.0033,0.0019,3,0.0011,0.0741,36,0.0248,0.0186,28,6,3,3,2.1674,0.3333,2026-03-15,4,-0.8057000000000001,79,True,-0.6546871794871796,4.923076923076923,-0.05439999999999999,2.4615384615384617,0.024041025641025643,2.4615384615384617,0.0027076923076923077,2.4615384615384617,0.0009025641025641026,29.53846153846154,0.020348717948717947,22.974358974358974,-0.6610871794871795,64.82051282051282,2.4615384615384617,4.923076923076923,1.7783794871794876,50.0,-0.8325999999999998,-0.6831589743589741,0.021362203846968835,0.05190536766069685,-0.13298333333333334,4.445569429264133,0.04517489744436502,0.05906572095822117,0.010218093855726062,0.03214853445064781,-0.022099999999999998,2.945882350863156,-0.017268720327102357,-0.01677488893474301,0.017381864589308817,0.05124714753985018,0.009766666666666667,1.1901947932256245,-0.0011280247707349375,-0.001353603821945879,0.0033222591362126247,0.09154837398094746,0.0011,1.8937451341080784,0.004464804008020804,0.004472742955889144,0.21418227519501587,0.29791812784860067,3.055555555555556e-05,30.98767722569363,-0.006090988961991449,-0.008009219349614799,0.005568814638027049,0.3965992019584447,0.0008857142857142857,22.40087355472736,0.003908232810489487,0.0038190105813967804,0.029060200203046567,0.04121976238920341,0.5442431272558053,0.01839537041724527
gOMnRzymMw,2026,0x5gxzPZq7,WBLMvYAQxe,102.0,1.532,1.5018,7,-0.0508,-0.0516,6,0.006,0.0055,2,0.0132,0.012,1,-0.0065,0.0572,36,0.0071,0.0017,11,7,1,6,2.5018,0.0,2026-03-22,5,1.5010000000000003,63,True,1.4418823529411764,6.588235294117648,-0.04781176470588236,5.647058823529411,0.005647058823529412,1.8823529411764706,0.012423529411764705,0.9411764705882353,-0.00611764705882353,33.88235294117647,0.006682352941176471,10.352941176470589,1.4127058823529415,59.294117647058826,0.9411764705882353,6.588235294117648,2.3546352941176467,85.71428571428571,1.5017999999999998,1.4134588235294117,0.024834152450295324,0.04555397382726262,0.21885714285714286,4.518225133076259,0.08309738349706271,0.06003105545488666,0.020229480976184842,0.028142921531641923,-0.008466666666666666,3.037536737517467,-0.017467153866956294,-0.017296801208686183,0.011655440824251158,0.04497247620439232,0.003,1.155739228418098,-0.001258685576996897,-0.0013144176446274825,0.0011098779134295228,0.08075927219536061,0.0132,1.7642184862629986,0.004188042197779339,0.004166820373533903,0.21418227519501587,0.2700374781153283,-0.00018055555555555555,32.21824108020512,-0.007789658927644247,-0.00832727661356222,0.002195170624625823,0.3642751009820834,0.0006454545454545455,17.772483773754495,0.003048470326669982,0.0030299400344299243,0.0638183976499146,0.040289320395974604,0.8274981407655463,0.012175246728163381
gOMnRzymMw,2026,gOMnGz6m5w,WBLMvYAQxe,100.0,0.3741,0.3445,9,0.0105,0.0097,6,0.0437,0.0432,3,0.0027,0.0015,3,-0.0345,0.0279,40,0.0191,0.0138,20,9,3,6,3.3445,0.2222,2026-04-05,6,0.41559999999999997,81,True,0.359136,8.64,0.01008,5.76,0.041952,2.88,0.002592,2.88,-0.033120000000000004,38.400000000000006,0.018335999999999998,19.200000000000003,0.398976,77.76,2.88,8.64,3.2107200000000002,66.66666666666666,0.34450000000000003,0.33072,0.031704665012010046,0.04470068598514822,0.04156666666666667,4.60808980542542,0.06535672088560639,0.06122503560645887,0.020229480976184842,0.027606333322638656,0.00175,3.03921384255058,-0.016848659723256665,-0.01730635123387783,0.017381864589308817,0.04412957699158392,0.014566666666666667,1.199123667995272,-0.001036440819179533,-0.0013637585958389117,0.0033222591362126247,0.0793013319140693,0.0009000000000000001,1.9192751410529734,0.0045237197759234755,0.004533041016420061,0.23244848951122227,0.26615186045015843,-0.0008625000000000001,33.411763120412296,-0.013327008750571943,-0.00863575987769965,0.00398406374501992,0.3597016747647554,0.0009549999999999999,21.008162087284962,0.0036472365457523672,0.003581574312761948,0.04231556791427408,0.04203378122822449,1.1110001973611756,0.009096661792262949
gOMnRzymMw,2026,wvq9kwpZMW,WBLMvYAQxe,107.0,0.2869,0.2552,4,-0.0993,-0.1002,3,-0.0031,-0.0036,1,0.0026,0.0013,2,-0.019,0.0478,33,0.0154,0.0097,18,4,1,3,1.2552,0.0,2026-04-11,7,0.1835,61,True,0.2574056074766355,3.5887850467289715,-0.08909158878504674,2.691588785046729,-0.0027813084112149533,0.8971962616822429,0.0023327102803738318,1.7943925233644857,-0.017046728971962615,29.60747663551402,0.013816822429906544,16.149532710280372,0.1646355140186916,54.72897196261682,0.8971962616822429,3.5887850467289715,1.1261607476635516,75.0,0.2552000000000001,0.2289644859813085,0.014343606244813343,0.04768053930704691,0.071725,4.379821839845341,0.061863424519087544,0.05819217059935772,0.010218093855726062,0.029481804738224416,-0.0331,2.9539991665874483,-0.01764832763319075,-0.016821108934750438,0.005861881820464166,0.04707323484510101,-0.0031,1.110963037149642,-0.0012762756435411161,-0.001263493859732658,0.0022172949002217295,0.08438400168723158,0.0013,1.8329708702196987,0.004324887616094133,0.004329203228282596,0.19990170238138133,0.27957385359298004,-0.0005757575757575757,31.044837725918377,-0.009993086494969185,-0.008023993318670281,0.0035870864886408927,0.37542785014671104,0.0008555555555555556,19.818521983323187,0.003427460832967526,0.003378758644257574,0.04069808319644815,0.03979153635874451,0.43414437058089217,0.022953346892410104
gOMnRzymMw,2026,4wM4O8azQj,WBLMvYAQxe,98.0,-0.3889,-0.418,7,0.0056,0.0048,5,0.0005,0.0,0,-0.0047,-0.0059,2,-0.0395,0.0217,32,0.0058,0.0005,15,7,2,5,1.582,0.0,2026-04-19,8,-0.4212,61,True,-0.38096326530612246,6.857142857142857,0.005485714285714286,4.8979591836734695,0.0004897959183673469,0.0,-0.004604081632653061,1.9591836734693877,-0.03869387755102041,31.346938775510203,0.005681632653061224,14.693877551020408,-0.41260408163265305,59.755102040816325,1.9591836734693877,6.857142857142857,1.5497142857142858,71.42857142857143,-0.4179999999999999,-0.409469387755102,0.024834152450295324,0.04384587107573929,-0.05555714285714286,4.5263110725324225,0.052399983011000587,0.060138488676030145,0.01691493085882438,0.027069152256985234,0.00112,3.0143760799773203,-0.016817466398027114,-0.017164916288781716,0.0,0.043285188593004446,,1.0729774871120652,-0.0012202930442004117,-0.0012202930442004117,0.0022172949002217295,0.07783875962203923,-0.00235,1.8460737846140975,0.004340863383024185,0.004360150353639446,0.19502546663613604,0.2622246548359651,-0.001234375,31.535581908059243,-0.014152917715456726,-0.008150833345132624,0.0029910269192422734,0.35506196896711517,0.0003866666666666666,19.421311614692797,0.0033235982030349323,0.0033110402761709935,0.02787376743937545,0.04127363662772583,0.8971166859899571,0.011241037369864053
gOMnRzymMw,2026,gjMNWr1v5K,WBLMvYAQxe,105.0,0.2088,0.1776,3,0.0006,-0.0003,2,0.002,0.0014,1,0.0031,0.0019,2,0.0015,0.067,32,0.0002,-0.0054,24,3,1,2,1.1776,0.0,2026-04-26,10,0.2162,64,True,0.19090285714285715,2.742857142857143,0.0005485714285714285,1.8285714285714287,0.0018285714285714288,0.9142857142857144,0.002834285714285714,1.8285714285714287,0.0013714285714285714,29.25714285714286,0.00018285714285714286,21.942857142857143,0.19766857142857144,58.51428571428572,0.9142857142857144,2.742857142857143,1.0766628571428571,66.66666666666666,0.17759999999999998,0.16237714285714283,0.010796419581442509,0.04683105127852783,0.06960000000000001,4.340911767460641,0.06031440408583293,0.05767519487453606,0.00683534396587721,0.028946694384082813,0.0003,2.929162350980783,-0.016559661486537883,-0.01667967938201476,0.005861881820464166,0.04623404140666874,0.002,1.1119414049793725,-0.0012441574412073687,-0.0012646065535884285,0.0022172949002217295,0.08293754561811274,0.00155,1.8358665293657088,0.004332737576923644,0.004336042342382326,0.19502546663613604,0.2757893608978995,4.6875e-05,30.95577004272811,-0.006157587041969006,-0.008000972470529995,0.004777070063694267,0.37101403992684695,8.333333333333334e-06,21.99385519104402,0.0037325834519393573,0.003749620098301024,0.04441831914498168,0.039815598909086224,0.34048069617524807,0.02908399483735431
gOMnRzymMw,2026,OlMlWzAgQL,WBLMvYAQxe,106.0,2.6233,2.5918,15,0.0395,0.0386,13,0.0005,0.0,0,0.0526,0.0514,7,0.0167,0.0829,35,0.0056,0.0,14,15,2,13,4.5918,0.0667,2026-05-02,11,2.7382,84,True,2.3758188679245285,13.584905660377359,0.03577358490566038,11.773584905660378,0.0004528301886792453,0.0,0.0476377358490566,6.339622641509434,0.015124528301886792,31.698113207547166,0.005071698113207547,12.679245283018869,2.479879245283019,76.0754716981132,1.8113207547169812,13.584905660377359,4.1586113207547175,86.66666666666667,2.5918,2.347290566037736,0.05174735335117858,0.047255984648415836,0.17488666666666666,4.852551015150564,0.10505195002569849,0.06447305092339087,0.04281994595267445,0.029214323301186104,0.0030384615384615385,3.2193958595669083,-0.017128514639767826,-0.018332370933069574,0.0,0.046653822803158336,,1.0691994869946686,-0.0012159963396379924,-0.0012159963396379924,0.007717750826901874,0.08366134446616015,0.007514285714285715,2.213261381079385,0.005315403379898031,0.005227392574358599,0.2094790648483472,0.2776865643339975,0.00047714285714285713,31.62914484554615,-0.00330114278086914,-0.008175016057630533,0.002792181890706023,0.37322871560620957,0.0004,18.53622966928795,0.003172026077636734,0.003160147173424514,0.0918937257229583,0.04513720734083588,1.650173161206043,0.006142701404502334
gOMnRzymMw,2026,jYQJJy8yQG,WBLMvYAQxe,99.0,0.648,0.6186,3,-0.1364,-0.1372,3,0.0001,-0.0004,1,0.0012,0.0,0,-0.0415,0.0203,28,0.0042,-0.0011,20,3,0,3,0.6186,0.0,2026-05-10,12,0.4756,55,True,0.6283636363636363,2.909090909090909,-0.13226666666666664,2.909090909090909,9.696969696969696e-05,0.9696969696969697,0.0011636363636363637,0.0,-0.040242424242424246,27.15151515151515,0.004072727272727273,19.393939393939394,0.4611878787878788,53.333333333333336,0.0,2.909090909090909,0.5998545454545454,100.0,0.6186,0.5998545454545454,0.010796419581442509,0.04427346966994863,0.216,4.3525594780955865,0.06735587948944224,0.05782995129823219,0.010218093855726062,0.027337816958284907,-0.04546666666666666,2.9605248949519813,-0.018061417904669048,-0.016858268724414566,0.005861881820464166,0.04370756918706364,0.0001,1.1148868750333176,-0.0012598702807813916,-0.0012679564250087543,0.0,0.07857062614795715,,1.6922292654870246,0.003996792594015759,0.003996792594015759,0.1749113031204952,0.2641934977551204,-0.0014821428571428572,30.426674849210762,-0.014376597938154337,-0.007864220063086121,0.00398406374501992,0.3573901965395055,0.00020999999999999998,21.084001594126462,0.00359782307219163,0.00359450380314133,0.041252609032044855,0.03943080248287985,0.3774997389855615,0.02630693867090292
gOMnRzymMw,2026,2lqROe2WQr,WBLMvYAQxe,103.0,0.5683,0.5378,8,0.0318,0.031,6,-0.0109,-0.0115,1,0.0963,0.0951,5,-0.1505,-0.0862,50,0.0212,0.0157,46,8,2,6,2.5378,0.25,2026-05-13,13,0.5562,116,True,0.5296776699029127,7.45631067961165,0.029638834951456312,5.592233009708738,-0.010159223300970873,0.9320388349514562,0.08975533980582524,4.660194174757281,-0.14027184466019416,46.601941747572816,0.019759223300970873,42.87378640776699,0.5184,108.11650485436893,1.8640776699029125,7.45631067961165,2.365328155339806,75.0,0.5377999999999998,0.501250485436893,0.028281553028987088,0.045980046376263226,0.0710375,4.559063349105036,0.06801992241370572,0.0605736493139565,0.020229480976184842,0.028410993621519526,0.0053,3.036698878907033,-0.01661663788886178,-0.017292030147435578,0.005861881820464166,0.045393368596699575,-0.0109,1.1129214975241135,-0.001329411276615142,-0.0012657212089557458,0.0055248618784530384,0.08148651220296954,0.01926,2.0666171335904813,0.0050739800354664515,0.004881040780147084,0.2746028570545772,0.27196489736136725,-0.00301,35.681916725109346,-0.03618303795624525,-0.009222514349321084,0.009116131589377725,0.36653740149227726,0.0004608695652173913,29.666186579517174,0.005136168591413681,0.005057636711357534,0.024100983918863676,0.04273206109974871,0.9396306960423649,0.010737892973069464
gOMnRzymMw,2026,OlMlWznDQL,WBLMvYAQxe,101.0,1.8033,1.7733,9,0.0864,0.0856,7,0.0005,0.0,0,0.0369,0.0357,2,-0.0286,0.0345,27,0.0113,0.0059,15,9,2,7,3.7733,0.0,2026-05-17,14,1.9098,60,True,1.7140277227722773,8.554455445544555,0.08212277227722772,6.653465346534654,0.00047524752475247524,0.0,0.035073267326732674,1.900990099009901,-0.027184158415841583,25.663366336633665,0.010740594059405941,14.257425742574256,1.8152554455445546,57.02970297029702,1.900990099009901,8.554455445544555,3.5865029702970297,77.77777777777779,1.7732999999999999,1.6855128712871288,0.031704665012010046,0.04512752053375302,0.20036666666666667,4.606030878026254,0.08851750640088014,0.06119767982377064,0.023521755654127043,0.027874701472863753,0.012342857142857143,3.0648698243606955,-0.01615212286573753,-0.017452445406732485,0.0,0.044551212499878944,,1.0715576124179291,-0.0012186782263373136,-0.0012186782263373136,0.0022172949002217295,0.08003087967968145,0.01845,1.841685381378367,0.0044154825183769135,0.004349785601114571,0.16972471267568665,0.2680998263788889,-0.0010592592592592594,30.01031489058607,-0.011835446689989577,-0.007756605729403289,0.0029910269192422734,0.3619965837381058,0.0007533333333333333,19.21248641302254,0.003308932156363852,0.003275438733539513,0.06703567329355649,0.04239517479595164,1.084115377707687,0.009320146083794856
gOMnRzymMw,2026,4JMA1nL1MK,WBLMvYAQxe,103.0,-0.4127,-0.4432,6,0.0794,0.0785,3,0.0135,0.013,1,0.2291,0.2278,2,-0.0261,0.0382,24,-0.0078,-0.0134,24,6,3,3,2.5568,0.0,2026-05-24,15,-0.12460000000000003,60,True,-0.384652427184466,5.592233009708738,0.07400388349514563,2.796116504854369,0.01258252427184466,0.9320388349514562,0.21353009708737863,1.8640776699029125,-0.024326213592233012,22.368932038834952,-0.0072699029126213595,22.368932038834952,-0.11613203883495148,55.922330097087375,2.796116504854369,5.592233009708738,2.3830368932038835,50.0,-0.44320000000000004,-0.41307961165048546,0.021362203846968835,0.045980046376263226,-0.06878333333333334,4.473352971393942,0.051592223211508276,0.05943486488292689,0.010218093855726062,0.028410993621519526,0.026466666666666666,2.9572584307225895,-0.015867841348311092,-0.016839668329649546,0.005861881820464166,0.045393368596699575,0.0135,1.1129214975241135,-0.0011702302078429973,-0.0012657212089557458,0.0022172949002217295,0.08148651220296954,0.11455,1.8387713518967415,0.004800305217122638,0.004342903099027863,0.1537661802406755,0.27196489736136725,-0.0010875000000000001,29.09138872691544,-0.011227596153183283,-0.007519095794168918,0.004777070063694267,0.36653740149227726,-0.000325,22.150390541151257,0.003723877788437657,0.0037763070110663536,0.031850738507731194,0.041929589660246895,0.6973429812614247,0.014414931210298208
gOMnRzymMw,2026,Xj5YPzLRMb,WBLMvYAQxe,104.0,0.0203,-0.0106,5,0.0186,0.0178,4,0.005,0.0045,1,0.0248,0.0235,2,0.0293,0.0942,32,0.0065,0.001,21,6,1,4,0.9894,0.1667,2026-07-17,16,0.10450000000000001,65,True,0.018738461538461537,4.615384615384616,0.01716923076923077,3.6923076923076925,0.004615384615384615,0.9230769230769231,0.02289230769230769,1.8461538461538463,0.027046153846153848,29.53846153846154,0.006,19.384615384615387,0.09646153846153847,60.0,0.9230769230769231,5.538461538461538,0.9132923076923076,66.66666666666666,-0.010600000000000054,-0.009784615384615433,0.01786544408219076,0.04640573869042975,0.004059999999999999,4.428520854438733,0.0581092348273602,0.05883920636219582,0.013577878462138824,0.028678917864907755,0.00465,2.9829157878705814,-0.01656680685263632,-0.016985770334161196,0.005861881820464166,0.04581389016751004,0.005,1.1124312353774535,-0.0012251426938668666,-0.001265163635759113,0.0022172949002217295,0.08221260243570114,0.0124,1.8373177924917063,0.004380364178855695,0.004339470008971159,0.19502546663613604,0.27388216495825446,0.000915625,31.037291516932456,-0.0009152050993681489,-0.00802204289035692,0.0041824337781318464,0.3687836577821413,0.0003095238095238095,21.050598276859667,0.0036010504081419527,0.003588809042096231,0.04738349476848651,0.040494508552985975,0.5727891081140881,0.017494642374829974
gOMnRzymMw,2026,EGMPG8Z6Qa,WBLMvYAQxe,104.0,-0.9538,-0.9847,3,-0.0088,-0.0096,1,0.0025,0.002,1,-0.1321,-0.1333,6,-0.005,0.06,30,-0.0024,-0.008,17,3,2,1,1.0153,0.0,2026-07-23,17,-1.0996,58,True,-0.8804307692307692,2.769230769230769,-0.008123076923076924,0.9230769230769231,0.0023076923076923075,0.9230769230769231,-0.12193846153846154,5.538461538461538,-0.004615384615384615,27.69230769230769,-0.002215384615384615,15.692307692307693,-1.0150153846153847,53.53846153846154,1.8461538461538463,2.769230769230769,0.9372,33.33333333333333,-0.9846999999999999,-0.908953846153846,0.010796419581442509,0.04640573869042975,-0.31793333333333335,4.3428487214717855,0.04217095743199399,0.057700930067057864,0.0034293925216784442,0.028678917864907755,-0.0088,2.903497246090837,-0.016564456923156612,-0.016533533259138797,0.005861881820464166,0.04581389016751004,0.0025,1.1124312353774535,-0.0012414450449548054,-0.001265163635759113,0.006622516556291391,0.08221260243570114,-0.022016666666666667,2.1408720168696798,0.00471078206494881,0.005056419715857897,0.1850924842280916,0.27388216495825446,-0.00016666666666666666,30.531662904701832,-0.007372588678127068,-0.007891355764784353,0.0033884791708192145,0.3687836577821413,-0.00014117647058823528,19.6889355404333,0.003335873454312119,0.0033566661131161886,0.025039122305016436,0.0404239632363497,0.3564396890341519,0.027818031744155924
gOMnRzymMw,2026,aDQ0WDN3qE,WBLMvYAQxe,104.0,0.038,0.0072,2,-0.0371,-0.0379,1,0.0005,0.0,0,0.015,0.0138,1,-0.0163,0.0486,25,0.0057,0.0002,24,2,1,1,1.0072,0.0,2026-07-26,18,0.0058,53,True,0.035076923076923075,1.8461538461538463,-0.03424615384615384,0.9230769230769231,0.0004615384615384616,0.0,0.013846153846153845,0.9230769230769231,-0.015046153846153845,23.076923076923077,0.005261538461538462,22.153846153846153,0.0053538461538461535,48.92307692307692,0.9230769230769231,1.8461538461538463,0.929723076923077,50.0,0.007200000000000095,0.0066461538461539335,0.007223609427050639,0.04640573869042975,0.019,4.300012654988312,0.05730926479586417,0.05713179191948889,0.0034293925216784442,0.028678917864907755,-0.0371,2.903497246090837,-0.01684624658146817,-0.016533533259138797,0.0,0.04581389016751004,,1.0701414906074442,-0.0012170676766139208,-0.0012170676766139208,0.0011098779134295228,0.08221260243570114,0.015,1.761429236397213,0.0041849398030749,0.004160232582249474,0.15915342051963938,0.27388216495825446,-0.0006519999999999999,29.267591374125274,-0.009397740250953177,-0.007564637950852937,0.004777070063694267,0.3687836577821413,0.0002375,22.071845329179443,0.0037699822278130257,0.0037629162388312636,0.03780313231771683,0.03973970185396397,0.23044018122500248,0.042383639026905964
gOMnRzymMw,2026,eVq36lxV5W,WBLMvYAQxe,105.0,0.3718,0.3406,3,-0.0515,-0.0523,2,-0.0865,-0.087,2,-0.0148,-0.016,2,-0.0005,0.065,20,0.0073,0.0017,10,3,1,2,1.3406,0.3333,2026-08-02,19,0.22580000000000003,39,True,0.3399314285714286,2.742857142857143,-0.047085714285714286,1.8285714285714287,-0.07908571428571429,1.8285714285714287,-0.013531428571428573,1.8285714285714287,-0.0004571428571428572,18.285714285714285,0.006674285714285714,9.142857142857142,0.20644571428571434,35.65714285714286,0.9142857142857144,2.742857142857143,1.2256914285714287,66.66666666666666,0.3406,0.3114057142857143,0.010796419581442509,0.04683105127852783,0.12393333333333334,4.340911767460641,0.06286080664704186,0.05767519487453606,0.00683534396587721,0.028946694384082813,-0.02575,2.929162350980783,-0.017081230215370054,-0.01667967938201476,0.011655440824251158,0.04623404140666874,-0.04325,1.154212528551184,-0.001879217469735659,-0.0013126813349187006,0.0022172949002217295,0.08293754561811274,-0.0074,1.8358665293657088,0.004296305192360844,0.004336042342382326,0.13150874989037448,0.2757893608978995,-2.5e-05,27.929966768876866,-0.006361385408857567,-0.0072189092667425524,0.001996007984031936,0.37101403992684695,0.00073,17.24487547998038,0.002959249808319052,0.002939990789734919,0.04479452855375847,0.03973995802297729,0.33973750505813777,0.029145763060189026
gOMnRzymMw,2026,KAqBrokmqb,WBLMvYAQxe,98.0,-0.1263,-0.1554,4,-0.0103,-0.0111,2,0.0029,0.0024,2,0.0354,0.0342,6,0.0071,0.0683,34,0.0117,0.0064,19,4,2,2,1.8446,0.0,2026-08-16,20,-0.07949999999999999,67,True,-0.12372244897959182,3.9183673469387754,-0.010089795918367346,1.9591836734693877,0.002840816326530612,1.9591836734693877,0.03467755102040816,5.877551020408163,0.006955102040816326,33.30612244897959,0.011461224489795918,18.612244897959183,-0.07787755102040815,65.63265306122449,1.9591836734693877,3.9183673469387754,1.8069551020408163,50.0,-0.15539999999999998,-0.1522285714285714,0.014343606244813343,0.04384587107573929,-0.031575,4.397457900391474,0.055596838301541746,0.058426490779841925,0.00683534396587721,0.027069152256985234,-0.00515,2.9348259182425065,-0.0167010097403565,-0.016711929723499722,0.011655440824251158,0.043285188593004446,0.00145,1.1577811219065228,-0.0012818257466618269,-0.0013167398820004485,0.006622516556291391,0.07783875962203923,0.0059,2.1510746386433124,0.005130919588735259,0.00508051678354019,0.20471921699935186,0.2622246548359651,0.00020882352941176471,32.04932817059501,-0.0052176878329577275,-0.00828361859640283,0.003785614664275752,0.35506196896711517,0.0006157894736842105,20.81257484003333,0.0035833144715366376,0.0035482296414027985,0.041110549041837585,0.04074294900288192,0.5297922124728872,0.018887655920698652
gOMnRzymMw,2026,7vQ7RXxOqD,WBLMvYAQxe,100.0,-0.2127,-0.2424,6,0.0586,0.0578,5,0.0045,0.004,2,0.0762,0.075,2,-0.0051,0.0573,30,0.0045,-0.0009,13,6,1,5,0.7576,0.1667,2026-08-20,21,-0.07400000000000001,58,True,-0.20419199999999998,5.76,0.056256,4.800000000000001,0.004319999999999999,1.92,0.07315200000000001,1.92,-0.004896000000000001,28.799999999999997,0.004319999999999999,12.48,-0.07104,55.67999999999999,0.96,5.76,0.727296,83.33333333333334,-0.24239999999999995,-0.23270399999999997,0.021362203846968835,0.04470068598514822,-0.03545,4.479351829788193,0.05485103700758749,0.059514568259877935,0.01691493085882438,0.027606333322638656,0.01172,3.0127117625608473,-0.01626800702805698,-0.01715543908077125,0.011655440824251158,0.04412957699158392,0.00225,1.1567592740833514,-0.0012699083866886992,-0.0013155777385204363,0.0022172949002217295,0.0793013319140693,0.0381,1.8431458624154669,0.004499289633974007,0.004353235039031662,0.1850924842280916,0.26615186045015843,-0.00017,30.85670526009077,-0.007470115619953374,-0.007975367725515211,0.002593257530420906,0.3597016747647554,0.00034615384615384613,18.590966832865803,0.0031779482377545655,0.0031694790330231482,0.03752024384461701,0.040590897787125844,0.741728502264415,0.013564032574233428
gOMnRzymMw,2026,KPqj3zw2Q6,WBLMvYAQxe,99.0,2.2445,2.2152,12,0.0426,0.0418,11,0.0005,0.0,0,0.0014,0.0002,1,-0.019,0.0429,44,0.0072,0.0019,18,12,1,11,3.2152,0.1667,2026-08-23,22,2.2772,86,True,2.1764848484848485,11.636363636363637,0.041309090909090906,10.666666666666666,0.0004848484848484849,0.0,0.0013575757575757575,0.9696969696969697,-0.018424242424242423,42.666666666666664,0.006981818181818182,17.454545454545453,2.2081939393939396,83.3939393939394,0.9696969696969697,11.636363636363637,3.1177696969696966,91.66666666666666,2.2152,2.148072727272727,0.04183080941610709,0.04427346966994863,0.18704166666666666,4.7389461224878655,0.09740783655789387,0.06296364813567772,0.036472531471705406,0.027337816958284907,0.0038727272727272725,3.1726000810526154,-0.016958866302716025,-0.018065899331798026,0.0,0.04370756918706364,,1.0725037776398014,-0.0012197542962947765,-0.0012197542962947765,0.0011098779134295228,0.07857062614795715,0.0014,1.7684189635698921,0.00417485342102341,0.004176741273103438,0.24988480393958798,0.2641934977551204,-0.0004318181818181818,34.525676996199294,-0.010419264734909834,-0.008923667244966283,0.0035870864886408927,0.3573901965395055,0.00039999999999999996,20.390881212958934,0.0034931248669906054,0.0034763372475651107,0.07647792951198726,0.04240740578328717,1.5011590295799038,0.006748348242558891
gOMnRzymMw,2026,NWMWkzgDMl,WBLMvYAQxe,100.0,-0.4223,-0.452,3,-0.0184,-0.0193,1,0.0251,0.0246,1,0.0233,0.0221,3,-0.014,0.0484,21,-0.0004,-0.0058,17,3,2,1,1.548,0.0,2026-08-30,23,-0.4067,46,True,-0.405408,2.88,-0.017664,0.96,0.024096000000000003,0.96,0.022368000000000002,2.88,-0.01344,20.16,-0.000384,16.32,-0.390432,44.160000000000004,1.92,2.88,1.48608,33.33333333333333,-0.45199999999999996,-0.43392,0.010796419581442509,0.04470068598514822,-0.14076666666666668,4.350613854150966,0.050568065081102474,0.057804100913297005,0.0034293925216784442,0.027606333322638656,-0.0184,2.906703442601915,-0.016678443259590225,-0.016551790468344908,0.005861881820464166,0.04412957699158392,0.0251,1.1143948801714307,-0.0010960030281334588,-0.0012673968812019604,0.0033222591362126247,0.0793013319140693,0.007766666666666667,1.9192751410529734,0.004567503904279723,0.004533041016420061,0.13718215470129144,0.26615186045015843,-0.0006666666666666666,28.5571531858014,-0.008980159146749328,-0.007381014788549216,0.0033884791708192145,0.3597016747647554,-2.3529411764705884e-05,19.972221263962464,0.0033918320433681793,0.0034049620500167478,0.03177279559427736,0.04054190184163772,0.3764114714632036,0.026380989883646955
gOMnRzymMw,2026,eV5D89295K,WBLMvYAQxe,107.0,-0.7501,-0.7818,8,-0.0999,-0.1007,4,0.0192,0.0186,1,0.003,0.0017,1,-0.0222,0.0446,26,-0.0002,-0.0059,15,8,4,4,3.2182,0.0,2026-09-06,24,-0.8502,55,True,-0.6729869158878504,7.177570093457943,-0.08962990654205608,3.5887850467289715,0.017226168224299062,0.8971962616822429,0.002691588785046729,0.8971962616822429,-0.019917757009345796,23.327102803738317,-0.0001794392523364486,13.457943925233643,-0.7627962616822429,49.34579439252336,3.5887850467289715,7.177570093457943,2.887357009345794,50.0,-0.7818,-0.7014280373831776,0.028281553028987088,0.04768053930704691,-0.0937625,4.550937046330444,0.04668767318966882,0.06046567980864489,0.013577878462138824,0.029481804738224416,-0.024975,2.980450131586229,-0.01775198297011092,-0.016971730021142876,0.005861881820464166,0.04707323484510101,0.0192,1.110963037149642,-0.0011310505946570603,-0.001263493859732658,0.0011098779134295228,0.08438400168723158,0.003,1.7572618593601266,0.004151634472908933,0.004150389860569853,0.16447250288380957,0.27957385359298004,-0.0008538461538461539,29.289009411764333,-0.010438267347184591,-0.007570173756594043,0.0029910269192422734,0.37542785014671104,-1.3333333333333333e-05,18.808024592274094,0.003196143351360432,0.0032064841023982044,0.024714150101985615,0.04201715613414337,0.8554953230036048,0.011781490497042866
gOMnRzymMw,2026,kRQalzwkqK,WBLMvYAQxe,104.0,0.1639,0.1331,4,0.0187,0.0178,2,0.0005,0.0,0,-0.0096,-0.0109,1,-0.0186,0.0463,24,0.0037,-0.0019,21,4,2,2,2.1331,0.25,2026-09-10,25,0.1586,52,True,0.1512923076923077,3.6923076923076925,0.017261538461538464,1.8461538461538463,0.0004615384615384616,0.0,-0.00886153846153846,0.9230769230769231,-0.01716923076923077,22.153846153846153,0.0034153846153846153,19.384615384615387,0.14639999999999997,48.0,1.8461538461538463,3.6923076923076925,1.969015384615385,50.0,0.13310000000000022,0.12286153846153866,0.014343606244813343,0.04640573869042975,0.040975,4.38568478795526,0.06001186060110923,0.058270068214626845,0.00683534396587721,0.028678917864907755,0.00935,2.9299700933507515,-0.016382980411092183,-0.01668427895081293,0.0,0.04581389016751004,,1.0701414906074442,-0.0012170676766139208,-0.0012170676766139208,0.0011098779134295228,0.08221260243570114,-0.0096,1.761429236397213,0.004136847506498461,0.004160232582249474,0.1537661802406755,0.27388216495825446,-0.000775,29.014777068009963,-0.009803812401732356,-0.007499294388066654,0.0041824337781318464,0.3687836577821413,0.0001761904761904762,21.050598276859667,0.0035893113770375496,0.003588809042096231,0.04033415899520679,0.04061846882347904,0.4552093105136239,0.02191445118622631
gOMnRzymMw,2026,N6MmgzkWqE,WBLMvYAQxe,106.0,-0.8312,-0.8627,5,-0.0089,-0.0098,3,0.0163,0.0158,1,-0.0159,-0.0172,3,-0.0325,0.0337,25,0.0102,0.0045,19,5,2,3,1.1373,0.0,2026-09-13,26,-0.8620000000000001,56,True,-0.7527849056603775,4.528301886792454,-0.008060377358490566,2.716981132075472,0.014762264150943396,0.9056603773584906,-0.014400000000000001,2.716981132075472,-0.029433962264150945,22.641509433962263,0.009237735849056605,17.20754716981132,-0.7806792452830189,50.716981132075475,1.8113207547169812,4.528301886792454,1.0300075471698111,60.0,-0.8627,-0.7813132075471698,0.01786544408219076,0.047255984648415836,-0.16624,4.4245722862592505,0.04459572795958664,0.058786744010637756,0.010218093855726062,0.029214323301186104,-0.0029666666666666665,2.954813308914657,-0.01674338916658348,-0.016825744947153307,0.005861881820464166,0.046653822803158336,0.0163,1.1114520057597932,-0.0011504424853019657,-0.0012640499617953451,0.0033222591362126247,0.08366134446616015,-0.0053,1.9101863218812203,0.0044629514541405365,0.004511574584007574,0.15915342051963938,0.2776865643339975,-0.0013,29.11424765912504,-0.012351095622033908,-0.00752500402023024,0.003785614664275752,0.37322871560620957,0.0005368421052631579,20.22632196637267,0.0034763340092254327,0.003448282381649089,0.022290086149033255,0.04113180204711553,0.5528012012913355,0.018115745483477493
gOMnlA96qw,2026,odMXV0WWqY,X0Oq66zq6D,100.0,-0.1999,-0.2296,4,-0.0414,-0.0422,2,0.0016,0.0011,1,0.0012,0.0,0,-0.0178,0.0446,32,0.0035,-0.0019,17,4,2,2,1.7704,0.0,2026-02-22,1,-0.25279999999999997,56,True,-0.191904,3.84,-0.039744,1.92,0.001536,0.96,0.0011519999999999998,0.0,-0.017088,30.72,0.00336,16.32,-0.242688,53.760000000000005,1.92,3.84,1.6995840000000002,50.0,-0.22960000000000003,-0.22041600000000003,0.014343606244813343,0.04470068598514822,-0.049975,4.393526512696709,0.054387584101761505,0.05837425669549065,0.00683534396587721,0.027606333322638656,-0.0207,2.933205522591648,-0.01700355790533327,-0.01670270262145149,0.005861881820464166,0.04412957699158392,0.0016,1.1143948801714307,-0.0012495156287224973,-0.0012673968812019604,0.0,0.0793013319140693,,1.6908873051404538,0.003993623084254863,0.003993623084254863,0.19502546663613604,0.26615186045015843,-0.00055625,31.367716832155075,-0.009929149070613997,-0.0081074461559521,0.0033884791708192145,0.3597016747647554,0.00020588235294117648,19.972221263962464,0.0034073575890985865,0.0034049620500167478,0.03360634217044519,0.03969529617115671,0.48998394685816055,0.02039087503424874
gOMnlA96qw,2026,4wM4O8xpQj,X0Oq66zq6D,105.0,0.0643,0.0331,2,0.0261,0.0253,2,0.0049,0.0043,2,-0.0022,-0.0035,1,0.0093,0.0749,45,0.0126,0.007,34,2,0,2,0.0331,0.0,2026-02-28,2,0.115,86,True,0.058788571428571426,1.8285714285714287,0.023862857142857144,1.8285714285714287,0.00448,1.8285714285714287,-0.0020114285714285716,0.9142857142857144,0.008502857142857142,41.14285714285714,0.01152,31.08571428571429,0.10514285714285715,78.62857142857143,0.0,1.8285714285714287,0.03026285714285714,100.0,0.0331,0.03026285714285714,0.007223609427050639,0.04683105127852783,0.03215,4.298094806291702,0.05769198230979303,0.057106310568279216,0.00683534396587721,0.028946694384082813,0.01305,2.929162350980783,-0.01630438312597703,-0.01667967938201476,0.011655440824251158,0.04623404140666874,0.00245,1.154212528551184,-0.0012644219585268696,-0.0013126813349187006,0.0011098779134295228,0.08293754561811274,-0.0022,1.7600379162291486,0.004148035249007044,0.0041569464919678336,0.254120801152466,0.2757893608978995,0.00020666666666666666,34.233723589400284,-0.004801797073772731,-0.008848207607966393,0.006754072308303536,0.37101403992684695,0.00037058823529411767,25.385983556089478,0.004362236219545251,0.0043279267472768135,0.04383165162006869,0.038750615482624005,0.229705866530913,0.04251336922843528
gOMnlA96qw,2026,2lqROeZ0Qr,X0Oq66zq6D,101.0,1.8206,1.7907,4,0.0787,0.0779,4,0.0032,0.0027,3,0.0063,0.0051,1,0.0087,0.0718,39,-0.0017,-0.0071,22,5,0,4,1.7907,0.6,2026-03-08,3,1.9158,73,True,1.730471287128713,3.801980198019802,0.0748039603960396,3.801980198019802,0.003041584158415842,2.8514851485148514,0.005988118811881189,0.9504950495049505,0.008269306930693068,37.069306930693074,-0.0016158415841584159,20.91089108910891,1.8209584158415844,69.38613861386139,0.0,4.752475247524753,1.702051485148515,80.0,1.7907,1.702051485148515,0.014343606244813343,0.04512752053375302,0.45515,4.391563453707428,0.08618153997274774,0.0583481746611573,0.013577878462138824,0.027874701472863753,0.019675,2.9853855270915393,-0.015971482121938295,-0.0169998338968548,0.017381864589308817,0.044551212499878944,0.0010666666666666667,1.1985947332096631,-0.0013172400972062156,-0.0013631570404032509,0.0011098779134295228,0.08003087967968145,0.0063,1.7656164264353034,0.004177839370516122,0.004170122099276093,0.2279620129126287,0.2680998263788889,0.00022307692307692306,33.06824558354132,-0.004916966003549681,-0.008546972735533415,0.004380724810832338,0.3619965837381058,-7.727272727272727e-05,21.62101813848796,0.003662590468224898,0.0036860570124521734,0.07181628158879456,0.039294390100094084,0.4873975989506538,0.02049686024177641
gOMnlA96qw,2026,odMXVz4WqY,X0Oq66zq6D,116.0,-0.8575,-0.8919,3,-0.0207,-0.0217,1,-0.1533,-0.1539,1,-0.002,-0.0034,1,0.0029,0.0753,39,0.0062,0.0,23,4,2,1,1.1081,0.0,2026-03-15,4,-1.0244000000000002,68,True,-0.7096551724137932,2.4827586206896552,-0.01713103448275862,0.8275862068965517,-0.1268689655172414,0.8275862068965517,-0.0016551724137931034,0.8275862068965517,0.0024,32.275862068965516,0.00513103448275862,19.03448275862069,-0.8477793103448278,56.27586206896551,1.6551724137931034,3.310344827586207,0.917048275862069,25.0,-0.8918999999999999,-0.7381241379310344,0.010796419581442509,0.05148457242992875,-0.28583333333333333,4.319718751518044,0.04344341894911854,0.057393615476025624,0.0034293925216784442,0.03188252113336903,-0.0207,2.893920955162302,-0.01662792441797107,-0.016479002494634274,0.005861881820464166,0.0508314023846178,-0.1533,1.1065816036791063,-0.0022455371655548013,-0.0012585108728089417,0.0011098779134295228,0.09083698598422302,-0.002,1.744877209894577,0.0041126920069222755,0.004121139169618622,0.2279620129126287,0.29612584690902904,7.435897435897436e-05,31.801991847003997,-0.0058068373690666,-0.008219690898487956,0.004578936890304599,0.39454687523961385,0.0002695652173913043,20.84445712842254,0.0035631218562993034,0.0035536650899990357,0.02643893385974765,0.03911121546971211,0.27606077592940814,0.03562905517478592
gOMnlA96qw,2026,zeQZLzJ15K,X0Oq66zq6D,103.0,0.38,0.3495,3,0.0098,0.0089,2,0.0183,0.0178,1,0.2057,0.2044,1,-0.0193,0.045,38,-0.0002,-0.0057,23,3,1,2,1.3495,0.3333,2026-03-21,5,0.5942999999999999,68,True,0.3541747572815534,2.796116504854369,0.009133980582524272,1.8640776699029125,0.01705631067961165,0.9320388349514562,0.19172038834951455,0.9320388349514562,-0.017988349514563108,35.41747572815534,-0.00018640776699029127,21.436893203883496,0.5539106796116504,63.37864077669903,0.9320388349514562,2.796116504854369,1.2577864077669902,66.66666666666666,0.3494999999999999,0.3257475728155339,0.010796419581442509,0.045980046376263226,0.12666666666666668,4.344787404827303,0.06304514541232847,0.05772668823638249,0.00683534396587721,0.028410993621519526,0.0049,2.9307782813277754,-0.0164766457141847,-0.016688881057054204,0.005861881820464166,0.045393368596699575,0.0183,1.1129214975241135,-0.0011389158992320839,-0.0012657212089557458,0.0011098779134295228,0.08148651220296954,0.2057,1.762822757998828,0.0045613586305323734,0.004163523871988121,0.2234227794155382,0.27196489736136725,-0.0005078947368421053,32.64013457209678,-0.010255302399363755,-0.008436321170020085,0.004578936890304599,0.36653740149227726,-8.695652173913044e-06,21.80876344849826,0.003700171612009028,0.003718064751962209,0.043435811642089345,0.039217353424302784,0.35107817788379864,0.02823086329212906
gOMnlA96qw,2026,NWMWkzX7Ml,X0Oq66zq6D,101.0,0.9943,0.9643,4,0.003,0.0022,4,0.018,0.0175,3,0.0012,0.0,0,-0.0333,0.0298,28,0.0071,0.0017,17,4,0,4,0.9643,0.5,2026-04-05,6,0.9903,56,True,0.9450772277227723,3.801980198019802,0.0028514851485148514,3.801980198019802,0.01710891089108911,2.8514851485148514,0.0011405940594059404,0.0,-0.03165148514851486,26.613861386138616,0.006748514851485149,16.15841584158416,0.9412752475247524,53.22772277227723,0.0,3.801980198019802,0.9165623762376238,100.0,0.9643,0.9165623762376238,0.014343606244813343,0.04512752053375302,0.248575,4.391563453707428,0.07316920369229182,0.0583481746611573,0.013577878462138824,0.027874701472863753,0.00075,2.9853855270915393,-0.016738610816939652,-0.0169998338968548,0.017381864589308817,0.044551212499878944,0.005999999999999999,1.1985947332096631,-0.0012144599612123439,-0.0013631570404032509,0.0,0.08003087967968145,,1.6895474714922398,0.003990458597437615,0.003990458597437615,0.1749113031204952,0.2680998263788889,-0.0011892857142857143,30.26514244833234,-0.012749971512386903,-0.0078224696465808,0.0033884791708192145,0.3619965837381058,0.00041764705882352943,19.900638334584087,0.003409425102885572,0.003392758241800273,0.0498660451020761,0.039545930916556324,0.48377139493829624,0.02064732628551545
gOMnlA96qw,2026,gjMNWrRv5K,X0Oq66zq6D,99.0,0.9789,0.9496,5,0.1133,0.1125,5,0.001,0.0005,3,-0.0122,-0.0134,5,0.0055,0.0673,41,0.0038,-0.0015,20,6,0,5,0.9496,0.3333,2026-04-12,7,1.0903,79,True,0.9492363636363637,4.848484848484849,0.10986666666666667,4.848484848484849,0.0009696969696969698,2.909090909090909,-0.011830303030303031,4.848484848484849,0.005333333333333333,39.75757575757576,0.0036848484848484844,19.393939393939394,1.057260606060606,76.60606060606061,0.0,5.818181818181818,0.9208242424242423,83.33333333333334,0.9496,0.9208242424242423,0.01786544408219076,0.04427346966994863,0.19578,4.438423176849426,0.07344149161667374,0.05897077281766453,0.01691493085882438,0.027337816958284907,0.02266,3.01354369147714,-0.015714844986440636,-0.017160176376260432,0.017381864589308817,0.04370756918706364,0.0003333333333333333,1.1996530698203502,-0.0013336948140656969,-0.0013643606824367107,0.0055248618784530384,0.07857062614795715,-0.0024400000000000003,2.073177755901362,0.0048415354937975,0.004896535989454149,0.23688312364197092,0.2641934977551204,0.00013414634146341462,33.75711409363895,-0.005585510731336951,-0.008725020898363753,0.00398406374501992,0.3573901965395055,0.00019,21.084001594126462,0.003596143072064608,0.00359450380314133,0.05924511965069256,0.040212254653199116,0.6439526698559978,0.015591443477935493
gOMnlA96qw,2026,NPqxLOegq9,X0Oq66zq6D,108.0,2.3919,2.3598,9,0.0036,0.0027,7,0.0094,0.0089,2,0.0308,0.0295,3,0.0128,0.0802,42,0.0285,0.0227,30,9,2,7,4.3598,0.1111,2026-04-18,8,2.4770000000000003,93,True,2.1261333333333337,8.0,0.0032,6.222222222222221,0.008355555555555555,1.7777777777777777,0.02737777777777778,2.6666666666666665,0.011377777777777778,37.333333333333336,0.025333333333333336,26.666666666666668,2.201777777777778,82.66666666666667,1.7777777777777777,8.0,3.8753777777777776,77.77777777777779,2.3598,2.0976,0.031704665012010046,0.048104715760470984,0.2657666666666667,4.591669742441071,0.09776227658048706,0.0610068716853275,0.023521755654127043,0.02974913881707011,0.0005142857142857143,3.058960188573398,-0.016972069307150603,-0.017418793864624006,0.011655440824251158,0.04749227801976034,0.0047,1.1526898568206327,-0.0012325249012825772,-0.0013109496063934422,0.0033222591362126247,0.08510551998018141,0.010266666666666667,1.907175814470429,0.0045545501760917125,0.004504464215472364,0.24126680872392986,0.28145130618479425,0.0003047619047619048,33.21554437791289,-0.004071454524601746,-0.008585044267822306,0.005964214711729622,0.3776116065626405,0.00095,23.77708556512265,0.0041641782599866,0.00405363394182532,0.08420495628353045,0.04225018210378543,0.9535502342676584,0.010582804408750278
gOMnlA96qw,2026,315V9zX6M9,X0Oq66zq6D,101.0,0.03,0.0,0,0.0008,0.0,0,-0.082,-0.0825,2,0.0255,0.0243,2,-0.001,0.062,31,0.012,0.0065,20,1,0,0,0.0,0.0,2026-04-26,10,-0.014700000000000012,55,True,0.028514851485148512,0.0,0.0007603960396039605,0.0,-0.07794059405940595,1.900990099009901,0.02423762376237624,1.900990099009901,-0.0009504950495049505,29.465346534653463,0.011405940594059406,19.009900990099013,-0.013972277227722783,52.27722772277228,0.0,0.9504950495049505,0.0,0.0,0.0,0.0,0.0,0.04512752053375302,,4.219989514252367,0.05606857053106662,0.05606857053106662,0.0,0.027874701472863753,,2.879406464065998,-0.01639635188368456,-0.01639635188368456,0.011655440824251158,0.044551212499878944,-0.041,1.156249026279085,-0.0018522108371782412,-0.001314997435714605,0.0022172949002217295,0.08003087967968145,0.01275,1.841685381378367,0.004392206228634437,0.004349785601114571,0.19008942954436575,0.2680998263788889,-3.2258064516129034e-05,31.02962512157115,-0.006685803590368565,-0.00802006139811333,0.00398406374501992,0.3619965837381058,0.0006000000000000001,20.93286621692641,0.0036045581505099967,0.0035687375041914132,0.03913096859897968,0.03825568291886011,0.009931814536270954,0.5066404329038842
gOMnlA96qw,2026,aDQ0WDjpqE,X0Oq66zq6D,105.0,-0.6721,-0.7033,4,0.007,0.0062,1,0.012,0.0115,2,0.0013,0.0,0,-0.0035,0.0621,28,0.007,0.0013,25,4,3,1,2.2967,0.0,2026-05-03,11,-0.6483,60,True,-0.6144914285714286,3.6571428571428575,0.0064,0.9142857142857144,0.010971428571428571,1.8285714285714287,0.0011885714285714286,0.0,-0.0032,25.6,0.0064,22.857142857142854,-0.5927314285714285,54.857142857142854,2.742857142857143,3.6571428571428575,2.09984,25.0,-0.7033,-0.6430171428571428,0.014343606244813343,0.04683105127852783,-0.168025,4.383728728629581,0.04684349264801616,0.05824407918079291,0.0034293925216784442,0.028946694384082813,0.007,2.9026968018296215,-0.016402609497293635,-0.016528975248335548,0.011655440824251158,0.04623404140666874,0.006,1.154212528551184,-0.0012166643203476311,-0.0013126813349187006,0.0,0.08293754561811274,,1.6842093030925882,0.0039778506415533415,0.0039778506415533415,0.1749113031204952,0.2757893608978995,-0.000125,29.94716895144436,-0.007041183739506602,-0.007740284735934182,0.004975124378109453,0.37101403992684695,0.00028000000000000003,22.333068027548563,0.0038196189636190755,0.003807450763198603,0.029980504696040716,0.04044743926635643,0.444825313319008,0.022414555262493564
gOMnlA96qw,2026,BLMvVGPRMx,X0Oq66zq6D,102.0,-1.2878,-1.3181,4,0.0133,0.0125,1,0.0022,0.0017,1,0.0078,0.0066,2,-0.0159,0.0478,36,-0.2448,-0.2503,20,4,3,1,1.6819,0.0,2026-05-09,12,-1.5252,64,True,-1.2120470588235295,3.764705882352941,0.01251764705882353,0.9411764705882353,0.002070588235294118,0.9411764705882353,0.007341176470588235,1.8823529411764706,-0.014964705882352942,33.88235294117647,-0.2304,18.823529411764707,-1.4354823529411764,60.23529411764706,2.8235294117647056,3.764705882352941,1.582964705882353,25.0,-1.3181,-1.240564705882353,0.014343606244813343,0.04555397382726262,-0.32195,4.389602148152223,0.037214717213154884,0.05832211592369276,0.0034293925216784442,0.028142921531641923,0.0133,2.905099459721505,-0.016353421302154735,-0.016542656826377088,0.005861881820464166,0.04497247620439232,0.0022,1.1134121919904345,-0.0012444977748617277,-0.0012662792738278158,0.0022172949002217295,0.08075927219536061,0.0039,1.8402272130351027,0.00435261777733133,0.004346341625434651,0.21418227519501587,0.2700374781153283,-0.0004416666666666667,32.21824108020512,-0.009591476040616321,-0.00832727661356222,0.00398406374501992,0.3642751009820834,-0.01224,20.858108158543907,0.0025246806862519594,0.0035559923844392773,0.01690262055910539,0.040088237219799566,0.4760493733236383,0.02097522258787381
gOMnlA96qw,2026,vzqoYzPjMa,X0Oq66zq6D,101.0,0.4215,0.3916,6,0.0189,0.018,5,0.0232,0.0227,4,0.0213,0.0201,3,0.0327,0.0958,39,0.0134,0.008,26,6,1,5,1.3916,0.0,2026-05-13,13,0.5309999999999999,83,True,0.40063366336633666,5.702970297029703,0.017964356435643564,4.752475247524753,0.02205148514851485,3.801980198019802,0.020245544554455444,2.8514851485148514,0.03108118811881188,37.069306930693074,0.012736633663366336,24.712871287128714,0.5047128712871287,78.89108910891089,0.9504950495049505,5.702970297029703,1.322708910891089,83.33333333333334,0.39159999999999995,0.37221386138613854,0.021362203846968835,0.04512752053375302,0.07024999999999999,4.477350423434959,0.06493631902982477,0.05948797672620264,0.01691493085882438,0.027874701472863753,0.00378,3.0118802928479247,-0.01666802649772431,-0.017150704400147362,0.023042313329041816,0.044551212499878944,0.0058,1.240940440140241,-0.0012129506417717319,-0.0014113166450918965,0.0033222591362126247,0.08003087967968145,0.0070999999999999995,1.9177543363214304,0.0045596371650292265,0.004529449102953049,0.2279620129126287,0.2680998263788889,0.0008384615384615385,33.06824558354132,-0.00027800980249539036,-0.008546972735533415,0.005173099880620772,0.3619965837381058,0.0005153846153846154,22.997321981611055,0.003961727866976135,0.003920696028973694,0.0552986971198387,0.040829128077356704,0.7329802432005403,0.013723700170737634
gOMnlA96qw,2026,wvq9kw3BMW,X0Oq66zq6D,100.0,1.0849,1.0553,5,0.0079,0.0071,5,0.0106,0.0101,5,-0.0066,-0.0078,1,-0.0401,0.0223,35,0.0264,0.021,26,5,0,5,1.0553,0.2,2026-05-16,14,1.0831,77,True,1.041504,4.800000000000001,0.0075840000000000005,4.800000000000001,0.010176000000000001,4.800000000000001,-0.0063360000000000005,0.96,-0.038496,33.599999999999994,0.025344000000000002,24.96,1.039776,73.92,0.0,4.800000000000001,1.013088,100.0,1.0553,1.013088,0.01786544408219076,0.04470068598514822,0.21698,4.4364391712424505,0.07508895263200625,0.05894441247768429,0.01691493085882438,0.027606333322638656,0.0015800000000000002,3.0127117625608473,-0.0167847395132324,-0.01715543908077125,0.028637920675975252,0.04412957699158392,0.00212,1.2838524558191131,-0.0013403597474935388,-0.001460120310475863,0.0011098779134295228,0.0793013319140693,-0.0066,1.7670165837779601,0.0041558533252230865,0.004173429061643262,0.2094790648483472,0.26615186045015843,-0.0011457142857142857,32.13423419025153,-0.014278039721821172,-0.00830556380160743,0.005173099880620772,0.3597016747647554,0.0010153846153846155,23.08004373392995,0.0040356759542056276,0.003934798838252347,0.050877342928887855,0.04013151718472535,0.6212705964501284,0.01615148021039931
gOMnlA96qw,2026,NPqxLOnXq9,X0Oq66zq6D,98.0,0.0451,0.0161,4,-0.0009,-0.0017,3,0.0005,0.0,0,-0.0211,-0.0222,2,-0.0044,0.0568,48,-0.0025,-0.0078,30,4,1,3,1.0161,0.0,2026-05-24,15,0.016700000000000003,87,True,0.0441795918367347,3.9183673469387754,-0.0008816326530612245,2.9387755102040813,0.0004897959183673469,0.0,-0.02066938775510204,1.9591836734693877,-0.0043102040816326535,47.0204081632653,-0.0024489795918367346,29.387755102040817,0.01635918367346939,85.22448979591837,0.9795918367346939,3.9183673469387754,0.9953632653061225,75.0,0.016100000000000003,0.015771428571428575,0.014343606244813343,0.04384587107573929,0.011275,4.397457900391474,0.05829961938870998,0.058426490779841925,0.010218093855726062,0.027069152256985234,-0.0003,2.9613426388207778,-0.01669969607552895,-0.016862925245260386,0.0,0.043285188593004446,,1.0729774871120652,-0.0012202930442004117,-0.0012202930442004117,0.0022172949002217295,0.07783875962203923,-0.01055,1.8460737846140975,0.0043072984051221105,0.004360150353639446,0.26654652021192005,0.2622246548359651,-9.166666666666667e-05,35.64555200834539,-0.007628334653174844,-0.009213115355294269,0.005964214711729622,0.35506196896711517,-8.333333333333333e-05,24.638548709719796,0.004163201909975549,0.004200500395790262,0.041221795930903436,0.03969080788451657,0.5182761638696519,0.019299238352352397
gOMnlA96qw,2026,NWMWkzlEMl,X0Oq66zq6D,104.0,-0.0733,-0.1041,7,0.0137,0.0129,4,0.0005,0.0,0,0.0013,0.0,0,-0.0003,0.0646,25,0.0071,0.0015,22,7,3,4,2.8959,0.1429,2026-07-22,17,-0.051,58,True,-0.06766153846153847,6.461538461538462,0.012646153846153847,3.6923076923076925,0.0004615384615384616,0.0,0.0012,0.0,-0.0002769230769230769,23.076923076923077,0.006553846153846154,20.307692307692307,-0.04707692307692308,53.53846153846154,2.769230769230769,6.461538461538462,2.673138461538462,57.14285714285714,-0.10409999999999986,-0.09609230769230756,0.024834152450295324,0.04640573869042975,-0.010471428571428573,4.51419298740568,0.05731408109567664,0.059977482657333776,0.013577878462138824,0.028678917864907755,0.003425,2.9829157878705814,-0.016616421395973684,-0.016985770334161196,0.0,0.04581389016751004,,1.0701414906074442,-0.0012170676766139208,-0.0012170676766139208,0.0,0.08221260243570114,,1.6855406803027195,0.00398099515552779,0.00398099515552779,0.15915342051963938,0.27388216495825446,-1.1999999999999999e-05,29.267591374125274,-0.006416596393312774,-0.007564637950852937,0.004380724810832338,0.3687836577821413,0.00032272727272727276,21.39101396096626,0.0036611111252148687,0.003646844774341242,0.04070610191051892,0.04183784662557476,0.7906242526222425,0.01273585556210952
gOMnlA96qw,2026,2vQ1g14O5r,X0Oq66zq6D,102.0,-1.1753,-1.2055,3,0.0008,0.0,0,0.0052,0.0047,2,0.0012,0.0,0,-0.0249,0.0388,32,0.0121,0.0066,26,3,3,0,1.7945,0.0,2026-07-25,18,-1.1808999999999998,63,True,-1.106164705882353,2.8235294117647056,0.0007529411764705882,0.0,0.004894117647058823,1.8823529411764706,0.0011294117647058823,0.0,-0.023435294117647058,30.11764705882353,0.011388235294117647,24.470588235294116,-1.1114352941176469,59.294117647058826,2.8235294117647056,2.8235294117647056,1.6889411764705882,0.0,-1.2055,-1.1345882352941177,0.010796419581442509,0.04555397382726262,-0.39176666666666665,4.346727819844211,0.038743693483407456,0.057752469413294795,0.0,0.028142921531641923,,2.8786120041623127,-0.01639182794991527,-0.01639182794991527,0.011655440824251158,0.04497247620439232,0.0026,1.155739228418098,-0.001264073837070934,-0.0013144176446274825,0.0,0.08075927219536061,,1.6882097594908945,0.0039872991216331555,0.0039872991216331555,0.19502546663613604,0.2700374781153283,-0.000778125,31.20162939788859,-0.011226709989628228,-0.008064518424306822,0.005173099880620772,0.3642751009820834,0.0004653846153846154,22.915191081736847,0.003941652122493019,0.003906693951112179,0.0177900329509192,0.03987569846719055,0.35408706401967033,0.027997685519020064
gOMnlA96qw,2026,ljqEdkL45x,X0Oq66zq6D,99.0,-0.3697,-0.3991,1,0.0008,0.0,0,0.0021,0.0017,1,0.0388,0.0376,1,-0.0046,0.0572,34,0.0274,0.0221,24,1,1,0,0.6009,0.0,2026-08-02,19,-0.30519999999999997,61,True,-0.3584969696969697,0.9696969696969697,0.0007757575757575757,0.0,0.0020363636363636365,0.9696969696969697,0.03762424242424242,0.9696969696969697,-0.004460606060606061,32.96969696969697,0.02656969696969697,23.272727272727273,-0.29595151515151513,59.15151515151515,0.9696969696969697,0.9696969696969697,0.5826909090909091,0.0,-0.3991,-0.3870060606060606,0.003624897134080235,0.04427346966994863,-0.3697,4.266695779341747,0.050765734092786535,0.05668912977879986,0.0,0.027337816958284907,,2.880996700164243,-0.016405407246645767,-0.016405407246645767,0.005861881820464166,0.04370756918706364,0.0021,1.1148868750333176,-0.0012467996105721278,-0.0012679564250087543,0.0011098779134295228,0.07857062614795715,0.0388,1.7684189635698921,0.004248259491209329,0.004176741273103438,0.20471921699935186,0.2641934977551204,-0.0001352941176470588,31.96380065433146,-0.007455533495783662,-0.008261512756291183,0.004777070063694267,0.3573901965395055,0.0011416666666666667,22.47024235646151,0.003935085432331984,0.003830836914293768,0.03384133866332629,0.03876183153825137,0.1306263006084171,0.07242419506975628
gOMnlA96qw,2026,KAqBrokmqb,X0Oq66zq6D,98.0,-0.1437,-0.1728,2,0.0034,0.0027,1,0.0005,0.0,0,-0.0059,-0.0071,1,-0.0212,0.04,39,0.0003,-0.0049,25,2,1,1,0.8272,0.5,2026-08-16,20,-0.1666,68,True,-0.14076734693877552,1.9591836734693877,0.003330612244897959,0.9795918367346939,0.0004897959183673469,0.0,-0.005779591836734693,0.9795918367346939,-0.02076734693877551,38.20408163265306,0.0002938775510204081,24.48979591836735,-0.16319999999999998,66.61224489795919,0.9795918367346939,1.9591836734693877,0.8103183673469387,50.0,-0.17279999999999995,-0.16927346938775506,0.007223609427050639,0.04384587107573929,-0.07185,4.311555785630842,0.054633585343490124,0.05728515884904978,0.0034293925216784442,0.027069152256985234,0.0034,2.9083091976642352,-0.01647022956287073,-0.01656093420173906,0.0,0.043285188593004446,,1.0729774871120652,-0.0012202930442004117,-0.0012202930442004117,0.0011098779134295228,0.07783875962203923,-0.0059,1.769823571106794,0.004163830091540847,0.00418005874616426,0.2279620129126287,0.2622246548359651,-0.0005435897435897436,33.33369382693443,-0.010782194782054468,-0.008615581724578342,0.004975124378109453,0.35506196896711517,1.1999999999999999e-05,22.89946967804413,0.003885957868090735,0.003904013689250506,0.0342106559139961,0.03897242231394674,0.2599621318048689,0.037752155236938055
gOMnlA96qw,2026,vzqoYzJNMa,X0Oq66zq6D,100.0,0.2589,0.2293,5,-0.1156,-0.1164,4,-0.0004,-0.0009,1,0.004,0.0028,1,-0.0222,0.0403,39,0.0004,-0.005,21,5,1,4,1.2293,0.4,2026-08-19,21,0.12510000000000004,71,True,0.24854400000000001,4.800000000000001,-0.11097599999999999,3.84,-0.000384,0.96,0.0038400000000000005,0.96,-0.021312,37.44,0.000384,20.16,0.12009600000000004,68.16,0.96,4.800000000000001,1.180128,80.0,0.22930000000000006,0.22012800000000007,0.01786544408219076,0.04470068598514822,0.05178000000000001,4.4364391712424505,0.06199537311106968,0.05894441247768429,0.013577878462138824,0.027606333322638656,-0.0289,2.986209682571114,-0.017945432260361393,-0.017004526927664663,0.005861881820464166,0.04412957699158392,-0.0004,1.1143948801714307,-0.0012625805309002876,-0.0012673968812019604,0.0011098779134295228,0.0793013319140693,0.004,1.7670165837779601,0.004176641755620474,0.004173429061643262,0.2279620129126287,0.26615186045015843,-0.0005692307692307692,33.156257334380136,-0.010918605044255243,-0.008569720662481205,0.0041824337781318464,0.3597016747647554,1.904761904761905e-05,21.353475695059124,0.0036269202798904126,0.0036404450670103473,0.039672317311063646,0.03991664213499006,0.6167257142946699,0.016268570113608584
gOMnlA96qw,2026,9Yqdezw7Qv,X0Oq66zq6D,99.0,0.4221,0.3928,6,-0.0179,-0.0187,5,-0.0088,-0.0093,2,-0.007,-0.0082,1,-0.0495,0.0123,32,0.0049,-0.0004,18,6,1,5,1.3928,0.1667,2026-08-22,22,0.34380000000000005,64,True,0.4093090909090909,5.818181818181818,-0.017357575757575756,4.848484848484849,-0.008533333333333334,1.9393939393939394,-0.006787878787878787,0.9696969696969697,-0.048,31.03030303030303,0.0047515151515151515,17.454545454545453,0.3333818181818182,62.06060606060606,0.9696969696969697,5.818181818181818,1.3505939393939395,83.33333333333334,0.39280000000000004,0.38089696969696973,0.021362203846968835,0.04427346966994863,0.07035,4.481355026226346,0.0650039721140262,0.0595411835773807,0.01691493085882438,0.027337816958284907,-0.00358,3.01354369147714,-0.0170523996811201,-0.017160176376260432,0.011655440824251158,0.04370756918706364,-0.0044,1.157269972426834,-0.0013601675089822216,-0.0013161585537227326,0.0011098779134295228,0.07857062614795715,-0.007,1.7684189635698921,0.004158366496168818,0.004176741273103438,0.19502546663613604,0.2641934977551204,-0.001546875,31.451425385957897,-0.016031970474432545,-0.008129081858556163,0.0035870864886408927,0.3573901965395055,0.0002722222222222222,20.390881212958934,0.0034837787078057098,0.0034763372475651107,0.038201579653465864,0.04058884530950992,0.7542917267688768,0.013341128695572808
gOMnlA96qw,2026,zeQZLzkY5K,X0Oq66zq6D,98.0,-1.0997,-1.1287,3,-0.0033,-0.0041,1,-0.0753,-0.0758,1,-0.0032,-0.0043,1,0.0046,0.0658,28,0.0123,0.007,29,3,2,1,0.8713,0.0,2026-08-29,23,-1.1646,63,True,-1.0772571428571427,2.9387755102040813,-0.0032326530612244893,0.9795918367346939,-0.07376326530612246,0.9795918367346939,-0.0031346938775510206,0.9795918367346939,0.004506122448979592,27.428571428571427,0.012048979591836734,28.408163265306122,-1.1408326530612245,61.71428571428572,1.9591836734693877,2.9387755102040813,0.8535183673469389,33.33333333333333,-1.1287,-1.1056653061224488,0.010796419581442509,0.04384587107573929,-0.36656666666666665,4.354506843011158,0.03999775994876267,0.05785582481444585,0.0034293925216784442,0.027069152256985234,-0.0033,2.9083091976642352,-0.016537053579419158,-0.01656093420173906,0.005861881820464166,0.043285188593004446,-0.0753,1.1153793045092941,-0.0017534086611087044,-0.0012685164631004303,0.0011098779134295228,0.07783875962203923,-0.0032,1.769823571106794,0.004169133669389892,0.00418005874616426,0.1749113031204952,0.2622246548359651,0.00016428571428571428,30.508089382987706,-0.005629378226182623,-0.007885262842592212,0.005766553986876119,0.35506196896711517,0.00042413793103448274,24.290732903384665,0.004176733204836585,0.0041412030544823114,0.02442378635627867,0.04046237310766072,0.3871062976523318,0.025670855935243944
gOMnlA96qw,2026,315V9zWYM9,X0Oq66zq6D,102.0,-1.1439,-1.1742,7,0.0745,0.0736,3,0.0031,0.0025,1,0.0012,0.0,0,0.0451,0.1088,37,0.0079,0.0024,25,7,4,3,2.8258,0.1429,2026-09-05,24,-1.0120999999999998,73,True,-1.0766117647058824,6.588235294117648,0.07011764705882353,2.8235294117647056,0.002917647058823529,0.9411764705882353,0.0011294117647058823,0.0,0.042447058823529414,34.8235294117647,0.00743529411764706,23.52941176470588,-0.9525647058823528,68.70588235294117,3.764705882352941,6.588235294117648,2.6595764705882354,42.857142857142854,-1.1742,-1.1051294117647057,0.024834152450295324,0.04555397382726262,-0.1634142857142857,4.518225133076259,0.04020412405142873,0.06003105545488666,0.010218093855726062,0.028142921531641923,0.024833333333333332,2.9580743708398898,-0.015921588400083137,-0.016844314579300725,0.005861881820464166,0.04497247620439232,0.0031,1.1134121919904345,-0.001238623753243507,-0.0012662792738278158,0.0,0.08075927219536061,,1.6882097594908945,0.0039872991216331555,0.0039872991216331555,0.21882985295635568,0.2700374781153283,0.0012189189189189189,32.47239400078425,0.002105216933635409,-0.00839296616087607,0.004975124378109453,0.3642751009820834,0.00031600000000000004,22.57234392787136,0.003864585068065737,0.003848243690000029,0.03300101302143638,0.041363038252515236,0.8222585097929096,0.012251879812694927
gOMnlA96qw,2026,NPqxLOoWq9,X0Oq66zq6D,99.0,0.5514,0.5221,7,-0.1079,-0.1087,6,-0.0513,-0.0518,1,0.0811,0.0799,1,-0.0091,0.0527,36,0.0051,-0.0002,17,8,1,6,1.5221,0.125,2026-09-10,25,0.4693,68,True,0.5346909090909091,6.787878787878787,-0.10463030303030302,5.818181818181818,-0.04974545454545454,0.9696969696969697,0.07864242424242425,0.9696969696969697,-0.008824242424242425,34.90909090909091,0.004945454545454545,16.484848484848484,0.45507878787878786,65.93939393939394,0.9696969696969697,7.757575757575758,1.4759757575757577,75.0,0.5221,0.5062787878787879,0.024834152450295324,0.04427346966994863,0.07877142857142858,4.5242868756032655,0.06746928184796733,0.06011159433709686,0.020229480976184842,0.027337816958284907,-0.017983333333333334,3.040053089739719,-0.018066886575431613,-0.017311130202183365,0.005861881820464166,0.04370756918706364,-0.0513,1.1148868750333176,-0.0015957865051594716,-0.0012679564250087543,0.0011098779134295228,0.07857062614795715,0.0811,1.7684189635698921,0.004331282934227095,0.004176741273103438,0.21418227519501587,0.2641934977551204,-0.00025277777777777777,32.476175922705025,-0.00835438674222874,-0.008393943654026202,0.0033884791708192145,0.3573901965395055,0.00030000000000000003,20.044321022375172,0.0034260506051622722,0.003417253969777001,0.047209555564536876,0.040732559298758984,0.8781852053716886,0.01148058399702988
gjMNRZE3MK,2026,a35ro3PBqL,Z2vQ1xlqrA,97.0,1.0073,0.9785,8,-0.1313,-0.1321,7,-0.0198,-0.0203,1,0.0116,0.0105,1,-0.0556,0.0049,48,0.003,-0.0022,28,9,1,7,1.9785,0.3333,2026-05-02,11,0.8152000000000001,93,True,0.9969154639175257,7.917525773195877,-0.12994639175257733,6.927835051546391,-0.019595876288659796,0.9896907216494846,0.01148041237113402,0.9896907216494846,-0.05502680412371134,47.50515463917526,0.002969072164948454,27.711340206185564,0.80679587628866,92.04123711340206,0.9896907216494846,8.907216494845361,1.9581030927835053,77.77777777777779,0.9784999999999999,0.9684123711340207,0.028281553028987088,0.04341788968918779,0.1259125,4.571307364130445,0.07529704109987176,0.06073632849069782,0.023521755654127043,0.02680033909578664,-0.018757142857142858,3.0682570223226464,-0.01841448531516904,-0.017471733301782016,0.005861881820464166,0.04286243471522076,-0.0198,1.1158721691755027,-0.0013911518102523812,-0.0012690769961322325,0.0011098779134295228,0.07710572956823622,0.0116,1.7712304117011985,0.004201542305007278,0.0041833814933731365,0.26654652021192005,0.2602452473392331,-0.0011583333333333333,35.74118691039647,-0.017810602621802306,-0.00923783359740152,0.005568814638027049,0.352716809332854,0.00010714285714285715,24.029979667406153,0.004088272229675716,0.004096748566361457,0.045970615887331034,0.04103781465511664,1.0460715641261285,0.009655830760288404
gjMNRZE3MK,2026,jYQJJy8yQG,Z2vQ1xlqrA,99.0,-2.3114,-2.3407,6,-0.0002,-0.001,1,0.0005,0.0,0,0.0004,-0.0008,1,-0.0254,0.0364,26,-0.0002,-0.0055,23,6,5,1,2.6593,0.0,2026-05-10,12,-2.3362999999999996,57,True,-2.2413575757575757,5.818181818181818,-0.00019393939393939392,0.9696969696969697,0.0004848484848484849,0.0,0.00038787878787878785,0.9696969696969697,-0.02463030303030303,25.212121212121215,-0.00019393939393939392,22.303030303030305,-2.2655030303030297,55.27272727272728,4.848484848484849,5.818181818181818,2.5787151515151514,16.666666666666664,-2.3407,-2.269769696969697,0.021362203846968835,0.04427346966994863,-0.3852333333333333,4.481355026226346,0.021390241759967753,0.0595411835773807,0.0034293925216784442,0.027337816958284907,-0.0002,2.9075060984268224,-0.01650157700765436,-0.0165563610725687,0.0,0.04370756918706364,,1.0725037776398014,-0.0012197542962947765,-0.0012197542962947765,0.0011098779134295228,0.07857062614795715,0.0004,1.7684189635698921,0.004172890691874053,0.004176741273103438,0.16447250288380957,0.2641934977551204,-0.0009769230769230768,29.914299580837195,-0.011266661872307434,-0.007731789165351102,0.004578936890304599,0.3573901965395055,-8.695652173913044e-06,22.12368216587775,0.0037536021194694642,0.0037717536365056586,0.0003287413950546999,0.04198177395277522,0.7488812521529299,0.013436219855758356
gjMNRZE3MK,2026,NWMWkzLEMl,Z2vQ1xlqrA,101.0,1.1889,1.1589,7,0.0926,0.0918,6,0.0005,0.0,0,0.0531,0.0519,2,-0.0101,0.0529,29,0.0048,-0.0007,16,7,1,6,2.1589,0.0,2026-05-14,13,1.3297999999999999,60,True,1.1300435643564357,6.653465346534654,0.08801584158415841,5.702970297029703,0.00047524752475247524,0.0,0.05047128712871287,1.900990099009901,-0.0096,27.56435643564356,0.004562376237623762,15.207920792079207,1.263968316831683,57.02970297029702,0.9504950495049505,6.653465346534654,2.0520237623762374,85.71428571428571,1.1589,1.1015287128712872,0.024834152450295324,0.04512752053375302,0.16984285714285716,4.520243908298724,0.07763234344736317,0.06005787775872531,0.020229480976184842,0.027874701472863753,0.015433333333333334,3.03837505860431,-0.016002967041180986,-0.017301574903439924,0.0,0.044551212499878944,,1.0715576124179291,-0.0012186782263373136,-0.0012186782263373136,0.0022172949002217295,0.08003087967968145,0.02655,1.841685381378367,0.004448559351168853,0.004349785601114571,0.18003349632311236,0.2680998263788889,-0.0003482758620689655,30.51997000607861,-0.00838181173243938,-0.00788833356375831,0.003189792663476874,0.3619965837381058,0.0003,19.556562373803317,0.0033421778185294504,0.0033340984876698934,0.059819623617103794,0.04133317515397422,0.8456327747462711,0.01191725958008013
gjMNRZE3MK,2026,gjMNWreD5K,Z2vQ1xlqrA,97.0,-0.153,-0.1817,3,-0.0033,-0.004,2,0.0005,0.0,0,0.0012,0.0,0,-0.0055,0.0551,32,0.0029,-0.0023,19,3,1,2,0.8183,0.0,2026-05-17,14,-0.1572,56,True,-0.1514226804123711,2.9690721649484537,-0.0032659793814432993,1.9793814432989691,0.0004948453608247423,0.0,0.0011876288659793813,0.0,-0.005443298969072165,31.670103092783506,0.002870103092783505,18.804123711340207,-0.15557938144329897,55.42268041237113,0.9896907216494846,2.9690721649484537,0.8098639175257732,66.66666666666666,-0.18169999999999997,-0.17982680412371133,0.010796419581442509,0.04341788968918779,-0.051,4.356455951235495,0.05485806569844639,0.05788172149299915,0.00683534396587721,0.02680033909578664,-0.00165,2.9356367876218465,-0.01663539279313083,-0.01671654709858771,0.0,0.04286243471522076,,1.073451615230542,-0.0012208322682307259,-0.0012208322682307259,0.0,0.07710572956823622,,1.6949195865615008,0.004003146730281626,0.004003146730281626,0.19502546663613604,0.2602452473392331,-0.000171875,31.620190004076246,-0.0076387254492524355,-0.008172701547606076,0.003785614664275752,0.352716809332854,0.00015263157894736842,20.88825468530733,0.0035597201629946687,0.0035611319118965703,0.03692598208110869,0.03933591922075284,0.3913106580433043,0.025402046750596947
gjMNRZE3MK,2026,aDQ0WDL3qE,Z2vQ1xlqrA,101.0,-0.533,-0.5629,4,0.0,-0.0008,2,0.0005,0.0,0,0.0059,0.0047,2,-0.0199,0.0432,41,0.0033,-0.0021,25,4,2,2,1.4371,0.0,2026-05-24,15,-0.5432000000000001,74,True,-0.5066138613861386,3.801980198019802,0.0,1.900990099009901,0.00047524752475247524,0.0,0.005607920792079208,1.900990099009901,-0.018914851485148515,38.97029702970298,0.0031366336633663365,23.762376237623762,-0.5163089108910892,70.33663366336634,1.900990099009901,3.801980198019802,1.3659564356435643,50.0,-0.5629,-0.5350336633663366,0.014343606244813343,0.04512752053375302,-0.13325,4.391563453707428,0.049117719726250064,0.0583481746611573,0.00683534396587721,0.027874701472863753,0.0,2.932395995578769,-0.016583955681790517,-0.016698092890269682,0.0,0.044551212499878944,,1.0715576124179291,-0.0012186782263373136,-0.0012186782263373136,0.0022172949002217295,0.08003087967968145,0.00295,1.841685381378367,0.004352187344515795,0.004349785601114571,0.23688312364197092,0.2680998263788889,-0.0004853658536585366,33.57790069903386,-0.010483481315063046,-0.008678700569888438,0.004975124378109453,0.3619965837381058,0.000132,22.65324602083028,0.0038576989226040415,0.0038620362748433136,0.02904149077017902,0.03996452485061975,0.48632465147842585,0.02054115228451241
gjMNRZE3MK,2026,N6MmgzKxqE,Z2vQ1xlqrA,105.0,-0.1612,-0.1923,5,0.0662,0.0653,2,-0.2097,-0.2103,2,-0.2305,-0.2318,2,-0.0357,0.0299,30,0.0003,-0.0053,16,5,3,2,2.8077,0.0,2026-07-17,16,-0.5706,57,True,-0.14738285714285715,4.571428571428571,0.06052571428571428,1.8285714285714287,-0.19172571428571428,1.8285714285714287,-0.21074285714285712,1.8285714285714287,-0.03264,27.428571428571427,0.00027428571428571427,14.62857142857143,-0.5216914285714286,52.114285714285714,2.742857142857143,4.571428571428571,2.56704,40.0,-0.19229999999999992,-0.17581714285714278,0.01786544408219076,0.04683105127852783,-0.032240000000000005,4.4265456897985205,0.05521263350353688,0.05881296348704976,0.00683534396587721,0.028946694384082813,0.0331,2.929162350980783,-0.015902945390349966,-0.01667967938201476,0.011655440824251158,0.04623404140666874,-0.10485,1.154212528551184,-0.0027079133885641368,-0.0013126813349187006,0.0022172949002217295,0.08293754561811274,-0.11525,1.8358665293657088,0.0038572847817353625,0.004336042342382326,0.1850924842280916,0.2757893608978995,-0.00119,30.451469497086233,-0.013121076786381046,-0.007870628603232089,0.003189792663476874,0.37101403992684695,1.875e-05,19.280152499007652,0.0032776431302535213,0.003286974779120392,0.03061562585023061,0.040572991288386935,0.5603321671480831,0.017876619161269716
gjMNRZE3MK,2026,vzqoYzdJMa,Z2vQ1xlqrA,98.0,1.1487,1.1196,9,-0.0373,-0.0381,8,-0.0324,-0.0329,2,0.0425,0.0413,5,0.0057,0.0669,34,0.0075,0.0022,20,10,1,8,2.1196,0.3,2026-07-23,17,1.1347000000000003,78,True,1.125257142857143,8.816326530612246,-0.03653877551020408,7.836734693877551,-0.03173877551020408,1.9591836734693877,0.041632653061224496,4.8979591836734695,0.005583673469387755,33.30612244897959,0.007346938775510204,19.591836734693878,1.1115428571428574,76.40816326530611,0.9795918367346939,9.795918367346939,2.0763428571428575,80.0,1.1196000000000002,1.0967510204081634,0.031704665012010046,0.04384587107573929,0.12763333333333335,4.6122131872930545,0.07800061752258465,0.0612798206068223,0.026791978693812845,0.027069152256985234,-0.0046625,3.0939262417121336,-0.017532370218901354,-0.017617902854063706,0.011655440824251158,0.043285188593004446,-0.0162,1.1577811219065228,-0.0015200027777566897,-0.0013167398820004485,0.0055248618784530384,0.07783875962203923,0.0085,2.074824425136009,0.004970787509974348,0.004900425176065005,0.20471921699935186,0.2622246548359651,0.00016764705882352942,32.04932817059501,-0.005487851324599353,-0.00828361859640283,0.00398406374501992,0.35506196896711517,0.000375,21.160390646368466,0.0036247684947014968,0.00360752698271075,0.062055949206003096,0.04256951143313107,1.1641361304513018,0.008685059065554017
gjMNRZE3MK,2026,NPqxLOxXq9,Z2vQ1xlqrA,101.0,-1.0829,-1.1128,5,-0.0288,-0.0296,1,0.0071,0.0066,1,0.0005,-0.0007,1,-0.0073,0.0557,26,0.0055,0.0001,25,5,4,1,2.8872,0.0,2026-07-26,18,-1.1058999999999999,59,True,-1.0292910891089109,4.752475247524753,-0.027374257425742576,0.9504950495049505,0.006748514851485149,0.9504950495049505,0.00047524752475247524,0.9504950495049505,-0.006938613861386139,24.712871287128714,0.005227722772277227,23.762376237623762,-1.0511524752475245,56.07920792079207,3.801980198019802,4.752475247524753,2.744269306930693,20.0,-1.1128,-1.0577108910891089,0.01786544408219076,0.04512752053375302,-0.21658,4.434456938571193,0.04070724327859099,0.05891807569367997,0.0034293925216784442,0.027874701472863753,-0.0288,2.9059012298223834,-0.016777481173521794,-0.01654722238697712,0.005861881820464166,0.044551212499878944,0.0071,1.113903319348507,-0.0012130518330909416,-0.0012668378310259595,0.0011098779134295228,0.08003087967968145,0.0005,1.7656164264353034,0.004166473582199446,0.004170122099276093,0.16447250288380957,0.2680998263788889,-0.00028076923076923076,29.7554873328398,-0.007799899494872973,-0.007690741812225779,0.004975124378109453,0.3619965837381058,0.00021999999999999998,22.65324602083028,0.003867616761657937,0.0038620362748433136,0.02295090112096266,0.041445432037570513,0.6016607045718548,0.01666912941899619
gjMNRZE3MK,2026,e7MzyoJGQr,Z2vQ1xlqrA,95.0,-1.0877,-1.1158,3,-0.0048,-0.0056,1,0.0057,0.0052,2,0.0011,0.0,0,-0.008,0.0513,34,0.0016,-0.0034,24,4,2,1,0.8842,0.0,2026-08-02,19,-1.0920999999999996,64,True,-1.0991494736842105,3.031578947368421,-0.0048505263157894735,1.0105263157894737,0.00576,2.0210526315789474,0.0011115789473684211,0.0,-0.00808421052631579,34.357894736842105,0.001616842105263158,24.25263157894737,-1.1035957894736836,64.67368421052632,2.0210526315789474,4.042105263157895,0.8935073684210526,25.0,-1.1158000000000001,-1.1275452631578948,0.010796419581442509,0.04256077648112915,-0.36256666666666665,4.360359406982662,0.04023982299763185,0.05793358446164771,0.0034293925216784442,0.026262266901200856,-0.0048,2.9107211595288756,-0.01656574134058584,-0.016574668759869772,0.011655440824251158,0.0420158051273663,0.00285,1.1593172831485703,-0.001264609196573733,-0.001318486952093677,0.0,0.07563616776058033,,1.6976184754497083,0.004009521102442927,0.004009521102442927,0.20471921699935186,0.2562543966484767,-0.00023529411764705883,32.30867915754274,-0.008197396908363292,-0.00835065166015506,0.004777070063694267,0.34797494963450326,6.666666666666667e-05,22.799466838662134,0.0038756573895725862,0.003886964715654163,0.0220972540441245,0.039586262907626284,0.40915768413087167,0.024320984202097797
gjMNRZE3MK,2026,2lqROe7JQr,Z2vQ1xlqrA,101.0,-0.2919,-0.3218,4,0.0105,0.0097,2,0.0191,0.0186,1,-0.0021,-0.0033,2,-0.0389,0.0242,34,0.0047,-0.0007,12,4,2,2,1.6782,0.25,2026-08-16,20,-0.2986,55,True,-0.27744950495049503,3.801980198019802,0.009980198019801982,1.900990099009901,0.018154455445544553,0.9504950495049505,-0.001996039603960396,1.900990099009901,-0.03697425742574257,32.31683168316832,0.004467326732673267,11.405940594059405,-0.2838178217821782,52.27722772277228,1.900990099009901,3.801980198019802,1.5951207920792079,50.0,-0.3218000000000001,-0.30586930693069314,0.014343606244813343,0.04512752053375302,-0.072975,4.391563453707428,0.052914493630664826,0.0583481746611573,0.00683534396587721,0.027874701472863753,0.00525,2.932395995578769,-0.016478725021602324,-0.016698092890269682,0.005861881820464166,0.044551212499878944,0.0191,1.113903319348507,-0.0011346969976816174,-0.0012668378310259595,0.0022172949002217295,0.08003087967968145,-0.00105,1.841685381378367,0.004335853106100022,0.004349785601114571,0.20471921699935186,0.2680998263788889,-0.0011441176470588235,31.794107794809964,-0.01398224877185511,-0.008217653149645864,0.0023942537909018356,0.3619965837381058,0.0003916666666666667,18.18025853068022,0.003109087105114937,0.003099459471148373,0.02876376305074074,0.03961483586247874,0.48572935772717996,0.020565809102740643
gjMNRZE3MK,2026,315V9z7YM9,Z2vQ1xlqrA,99.0,-0.3873,-0.4167,2,-0.0028,-0.0036,1,0.0013,0.0008,1,0.0012,0.0,0,0.0049,0.0668,28,0.0047,-0.0006,25,2,1,1,0.5833,0.0,2026-08-20,21,-0.378,57,True,-0.3755636363636364,1.9393939393939394,-0.002715151515151515,0.9696969696969697,0.0012606060606060606,0.9696969696969697,0.0011636363636363637,0.0,0.0047515151515151515,27.15151515151515,0.004557575757575758,24.242424242424242,-0.36654545454545456,55.27272727272728,0.9696969696969697,1.9393939393939394,0.5656242424242425,50.0,-0.41669999999999996,-0.40407272727272725,0.007223609427050639,0.04427346966994863,-0.19365,4.309627628718666,0.050817388902478805,0.05725954053851602,0.0034293925216784442,0.027337816958284907,-0.0028,2.9075060984268224,-0.016527501554798124,-0.0165563610725687,0.005861881820464166,0.04370756918706364,0.0013,1.1148868750333176,-0.0012520278786558334,-0.0012679564250087543,0.0,0.07857062614795715,,1.6922292654870246,0.003996792594015759,0.003996792594015759,0.1749113031204952,0.2641934977551204,0.000175,30.426674849210762,-0.005557334448013052,-0.007864220063086121,0.004975124378109453,0.3573901965395055,0.00018800000000000002,22.816802547045274,0.003891908444254826,0.0038899201920818776,0.03536922605928238,0.03945771576395008,0.25224922028657937,0.03886162682115925
gjMNRZE3MK,2026,4wM4O8EyQj,Z2vQ1xlqrA,102.0,0.5399,0.5097,4,0.0073,0.0064,2,0.0164,0.0159,1,-0.0189,-0.0201,1,-0.0331,0.0306,25,0.0081,0.0026,20,4,2,2,2.5097,0.0,2026-08-23,22,0.5196999999999999,53,True,0.5081411764705883,3.764705882352941,0.006870588235294118,1.8823529411764706,0.015435294117647061,0.9411764705882353,-0.017788235294117646,0.9411764705882353,-0.031152941176470585,23.52941176470588,0.007623529411764705,18.823529411764707,0.4891294117647058,49.88235294117648,1.8823529411764706,3.764705882352941,2.3620705882352944,50.0,0.5097,0.4797176470588236,0.014343606244813343,0.04555397382726262,0.134975,4.389602148152223,0.06598396023530445,0.05832211592369276,0.00683534396587721,0.028142921531641923,0.00365,2.9315869152806973,-0.016506239808069447,-0.016693485702838906,0.005861881820464166,0.04497247620439232,0.0164,1.1134121919904345,-0.001151818767107579,-0.0012662792738278158,0.0011098779134295228,0.08075927219536061,-0.0189,1.7642184862629986,0.004125188242830346,0.004166820373533903,0.15915342051963938,0.2700374781153283,-0.0013239999999999999,29.42255895383466,-0.012594274902946723,-0.007604691593109875,0.00398406374501992,0.3642751009820834,0.000405,20.858108158543907,0.00357548059726705,0.0035559923844392773,0.0434322955972781,0.04048047211188935,0.4739243449796393,0.02106729194828979
gjMNRZE3MK,2026,jYQJJyYZQG,Z2vQ1xlqrA,101.0,0.1225,0.0925,6,-0.2147,-0.2156,3,0.0019,0.0014,1,0.0012,0.0,0,0.0053,0.0684,36,0.0122,0.0068,26,6,3,3,3.0925,0.0,2026-08-30,23,-0.0716,72,True,0.11643564356435643,5.702970297029703,-0.20407128712871286,2.8514851485148514,0.0018059405940594059,0.9504950495049505,0.0011405940594059404,0.0,0.005037623762376237,34.21782178217822,0.011596039603960396,24.712871287128714,-0.06805544554455445,68.43564356435644,2.8514851485148514,5.702970297029703,2.9394059405940594,50.0,0.0924999999999998,0.08792079207920774,0.021362203846968835,0.04512752053375302,0.020416666666666666,4.477350423434959,0.060169956419911574,0.05948797672620264,0.010218093855726062,0.027874701472863753,-0.07156666666666667,2.958890761335154,-0.018840561699969352,-0.01684896339356224,0.005861881820464166,0.044551212499878944,0.0019,1.113903319348507,-0.001247005595101649,-0.0012668378310259595,0.0,0.08003087967968145,,1.6895474714922398,0.003990458597437615,0.003990458597437615,0.21418227519501587,0.2680998263788889,0.00014722222222222223,32.3037629103025,-0.0055424767011916995,-0.008349380984000883,0.005173099880620772,0.3619965837381058,0.00046923076923076926,22.997321981611055,0.003956237061887012,0.003920696028973694,0.0424866080829735,0.040933949144024866,0.7198779731501866,0.013969991438796889
gjMNRZE3MK,2026,Pk5L3DzEMO,Z2vQ1xlqrA,113.0,-0.5849,-0.6184,9,0.0467,0.0458,5,0.0006,0.0,0,0.0492,0.0479,2,0.0406,0.1112,40,0.0018,-0.0042,32,9,4,5,3.3816,0.1111,2026-09-06,24,-0.44599999999999995,88,True,-0.4969061946902655,7.646017699115044,0.03967433628318584,4.2477876106194685,0.0005097345132743362,0.0,0.04179823008849558,1.6991150442477876,0.034492035398230085,33.98230088495575,0.001529203539823009,27.1858407079646,-0.3789026548672566,74.76106194690266,3.398230088495575,7.646017699115044,2.8728637168141598,55.55555555555556,-0.6183999999999998,-0.5253663716814159,0.031704665012010046,0.050219942598261465,-0.06498888888888889,4.581466495056311,0.04950151561529472,0.06087130701302057,0.01691493085882438,0.031083603094555087,0.00934,3.001938336218771,-0.0163306834408617,-0.017094091406692543,0.0,0.04958197787816778,,1.065915494276256,-0.001212261467732833,-0.001212261467732833,0.0022172949002217295,0.08869612138986066,0.0246,1.8243384415395705,0.004398770178625816,0.004308814721996378,0.23244848951122227,0.29069367615385133,0.0010149999999999998,32.294385711321084,0.0012126632050814055,-0.008346957309487297,0.006359300476947536,0.3883052654259923,5.625e-05,24.0283313470225,0.004079012074640745,0.004096467552633518,0.04164901616504816,0.042623279103737796,0.8659962970503722,0.01164029240781737
gjMNRZE3MK,2026,Xj5YPzjyMb,Z2vQ1xlqrA,99.0,1.7197,1.6903,8,0.0295,0.0287,7,-0.0046,-0.0051,1,0.0033,0.0021,1,0.0154,0.0772,40,0.0078,0.0025,24,8,1,7,2.6903,0.0,2026-09-13,26,1.7711000000000003,81,True,1.6675878787878788,7.757575757575758,0.028606060606060607,6.787878787878787,-0.004460606060606061,0.9696969696969697,0.0032,0.9696969696969697,0.014933333333333333,38.78787878787879,0.0075636363636363635,23.272727272727273,1.7174303030303033,78.54545454545455,0.9696969696969697,7.757575757575758,2.6087757575757577,87.5,1.6903000000000001,1.639078787878788,0.028281553028987088,0.04427346966994863,0.2149625,4.567218724980186,0.08673210824190068,0.06068200509681304,0.023521755654127043,0.027337816958284907,0.004214285714285714,3.0665624880022984,-0.01674736479160583,-0.017462084028106298,0.005861881820464166,0.04370756918706364,-0.0046,1.1148868750333176,-0.0012905863557731616,-0.0012679564250087543,0.0011098779134295228,0.07857062614795715,0.0033,1.7684189635698921,0.004178582606407186,0.004176741273103438,0.23244848951122227,0.2641934977551204,0.00038500000000000003,33.50092645945216,-0.0036479918969897153,-0.008658805449496243,0.004777070063694267,0.3573901965395055,0.000325,22.47024235646151,0.003847422862629228,0.003830836914293768,0.07307217066656838,0.04130073738159896,1.0036549279777804,0.010059801963143288
gjMNeXBpQK,2026,2vQ1g39K5r,NWMWlBK5lz,101.0,0.8915,0.8615,3,0.0263,0.0255,3,0.0005,0.0,0,0.0012,0.0,0,0.0114,0.0745,33,-0.0053,-0.0107,30,3,0,3,0.8615,0.0,2026-02-21,1,0.9255999999999999,69,True,0.8473663366336632,2.8514851485148514,0.024998019801980197,2.8514851485148514,0.00047524752475247524,0.0,0.0011405940594059404,0.0,0.010835643564356436,31.366336633663366,-0.005037623762376237,28.51485148514851,0.8797782178217821,65.58415841584159,0.0,2.8514851485148514,0.8188514851485149,100.0,0.8615,0.8188514851485149,0.010796419581442509,0.04512752053375302,0.29716666666666663,4.348669968843663,0.07110646963942449,0.057778273628634635,0.010218093855726062,0.027874701472863753,0.008766666666666667,2.958890761335154,-0.016411745744813563,-0.01684896339356224,0.0,0.044551212499878944,,1.0715576124179291,-0.0012186782263373136,-0.0012186782263373136,0.0,0.08003087967968145,,1.6895474714922398,0.003990458597437615,0.003990458597437615,0.19990170238138133,0.2680998263788889,0.0003454545454545455,31.539280237063693,-0.004344226134458673,-0.008151789232468351,0.005964214711729622,0.3619965837381058,-0.00017666666666666666,24.373625824734148,0.004104869783420472,0.004155335045495213,0.05722714791467303,0.039704636419199565,0.3629681540830927,0.027331362532944017
gjMNeXBpQK,2026,XVqKw7jOq0,NWMWlBK5lz,104.0,0.6518,0.6209,5,-0.0629,-0.0637,4,0.0079,0.0074,1,0.0013,0.0,0,-0.0149,0.0501,27,0.0055,0.0,18,5,1,4,1.6209,0.4,2026-02-28,2,0.5887,55,True,0.6016615384615385,4.615384615384616,-0.058061538461538456,3.6923076923076925,0.007292307692307693,0.9230769230769231,0.0012,0.0,-0.013753846153846155,24.923076923076927,0.005076923076923076,16.615384615384613,0.5434153846153846,50.769230769230774,0.9230769230769231,4.615384615384616,1.4962153846153845,80.0,0.6209,0.5731384615384615,0.01786544408219076,0.04640573869042975,0.13036,4.428520854438733,0.06810177402803338,0.05883920636219582,0.013577878462138824,0.028678917864907755,-0.015725,2.9829157878705814,-0.017392028338757793,-0.016985770334161196,0.005861881820464166,0.04581389016751004,0.0079,1.1124312353774535,-0.0012062319666048575,-0.001265163635759113,0.0,0.08221260243570114,,1.6855406803027195,0.00398099515552779,0.00398099515552779,0.16972471267568665,0.27388216495825446,-0.0005518518518518519,29.773219986355898,-0.009177884275677718,-0.007695325076425504,0.0035870864886408927,0.3687836577821413,0.00030555555555555555,20.029351224539887,0.0034244062691392908,0.0034147018453611986,0.047731030871660106,0.04028864431673899,0.5669308770562419,0.017672223939972274
gjMNeXBpQK,2026,eV5D89mA5K,NWMWlBK5lz,103.0,0.5077,0.4771,5,-0.072,-0.0728,4,0.0162,0.0157,3,0.013,0.0117,1,-0.0063,0.058,29,0.006,0.0004,12,5,1,4,1.4771,0.0,2026-03-08,3,0.4646,54,True,0.4731961165048544,4.660194174757281,-0.06710679611650486,3.728155339805825,0.015099029126213592,2.796116504854369,0.01211650485436893,0.9320388349514562,-0.005871844660194175,27.02912621359223,0.0055922330097087376,11.184466019417476,0.4330252427184466,50.33009708737864,0.9320388349514562,4.660194174757281,1.3767145631067963,80.0,0.4771000000000001,0.44467572815533984,0.01786544408219076,0.045980046376263226,0.10154,4.430497782538397,0.06585099122412262,0.0588654726674121,0.013577878462138824,0.028410993621519526,-0.018,2.983738580117404,-0.017488992377526564,-0.01699045560224489,0.017381864589308817,0.045393368596699575,0.005399999999999999,1.1975382622868933,-0.0012258787750361576,-0.0013619555202092663,0.0011098779134295228,0.08148651220296954,0.013,1.762822757998828,0.004184337603377685,0.004163523871988121,0.18003349632311236,0.27196489736136725,-0.00021724137931034484,30.358797957337345,-0.0076213663195037334,-0.007846676285544335,0.0023942537909018356,0.36653740149227726,0.0005,18.0508654293153,0.003091641001927172,0.003077399901816619,0.046790732357361024,0.03990730903321834,0.5817836261255968,0.01722883080633994
gjMNeXBpQK,2026,4JMA1nakMK,NWMWlBK5lz,105.0,-2.853,-2.8841,9,-0.085,-0.0859,3,0.0005,0.0,0,-0.0091,-0.0103,1,-0.0393,0.0262,28,0.0052,-0.0004,16,10,6,3,3.1159,0.4,2026-03-15,4,-2.9807,57,True,-2.608457142857143,8.228571428571428,-0.07771428571428572,2.742857142857143,0.0004571428571428572,0.0,-0.008320000000000001,0.9142857142857144,-0.03593142857142857,25.6,0.004754285714285714,14.62857142857143,-2.725211428571429,52.114285714285714,5.485714285714286,9.142857142857142,2.8488228571428573,30.0,-2.8841,-2.636891428571429,0.031704665012010046,0.04683105127852783,-0.317,4.597813534474279,0.012941942547187653,0.06108850071207716,0.010218093855726062,0.028946694384082813,-0.028333333333333335,2.9556279001319443,-0.01751410077041035,-0.01683038351569397,0.0,0.04623404140666874,,1.069670281407561,-0.0012165317722581562,-0.0012165317722581562,0.0011098779134295228,0.08293754561811274,-0.0091,1.7600379162291486,0.004134556601257897,0.0041569464919678336,0.1749113031204952,0.2757893608978995,-0.0014035714285714287,29.94716895144436,-0.013738466624834824,-0.007740284735934182,0.003189792663476874,0.37101403992684695,0.000325,19.280152499007652,0.003296477410007337,0.003286974779120392,-0.012096122609050446,0.04274522195927908,0.9968226893134097,0.010128053677039273
gjMNeXBpQK,2026,vzqoYzrjMa,NWMWlBK5lz,106.0,0.6998,0.6684,3,0.0326,0.0318,3,0.0024,0.0018,1,0.0013,0.0,0,-0.0089,0.0573,31,0.0061,0.0004,17,3,0,3,0.6684,0.6667,2026-04-11,7,0.7332999999999998,55,True,0.6337811320754717,2.716981132075472,0.02952452830188679,2.716981132075472,0.002173584905660377,0.9056603773584906,0.0011773584905660378,0.0,-0.008060377358490566,28.075471698113205,0.005524528301886792,15.39622641509434,0.664120754716981,49.81132075471698,0.0,2.716981132075472,0.6053433962264151,100.0,0.6684,0.6053433962264151,0.010796419581442509,0.047255984648415836,0.23326666666666665,4.338976540480989,0.06795454756407825,0.05764948262808715,0.010218093855726062,0.029214323301186104,0.010866666666666665,2.954813308914657,-0.01632572542383665,-0.016825744947153307,0.005861881820464166,0.046653822803158336,0.0024,1.1114520057597932,-0.0012410037695676224,-0.0012640499617953451,0.0,0.08366134446616015,,1.6828800274825964,0.003974711091244304,0.003974711091244304,0.19008942954436575,0.2776865643339975,-0.0002870967741935484,30.62318597097771,-0.008081682921464993,-0.007915011242670416,0.0033884791708192145,0.37322871560620957,0.00035882352941176473,19.550285047538782,0.0033455049293574413,0.003333028298359259,0.04962635146981073,0.038952415866071635,0.32909755399588425,0.03005974032364744
gjMNeXBpQK,2026,NPqxLOegq9,NWMWlBK5lz,108.0,-0.6939,-0.726,6,-0.0019,-0.0028,3,0.0015,0.0009,1,-0.0156,-0.0169,3,-0.0153,0.0521,32,0.0006,-0.0052,20,6,3,3,2.274,0.0,2026-04-18,8,-0.7245999999999999,65,True,-0.6167999999999999,5.333333333333333,-0.0016888888888888886,2.6666666666666665,0.0013333333333333335,0.8888888888888888,-0.013866666666666666,2.6666666666666665,-0.013599999999999998,28.444444444444443,0.0005333333333333333,17.77777777777778,-0.6440888888888888,57.77777777777778,2.6666666666666665,5.333333333333333,2.0213333333333336,50.0,-0.726,-0.6453333333333333,0.021362203846968835,0.048104715760470984,-0.11564999999999999,4.463390500413148,0.04700868744490728,0.059302499268044706,0.010218093855726062,0.02974913881707011,-0.0006333333333333333,2.953185472779371,-0.01666375457164464,-0.016816475476373056,0.005861881820464166,0.04749227801976034,0.0015,1.1104744985808457,-0.0012457708465923017,-0.0012629382467542996,0.0033222591362126247,0.08510551998018141,-0.0052,1.907175814470429,0.00445655133025403,0.004504464215472364,0.19502546663613604,0.28145130618479425,-0.000478125,30.713754989603608,-0.009254177770444124,-0.007938420132958349,0.00398406374501992,0.3776116065626405,2.9999999999999997e-05,20.420537951232514,0.0034699638825071394,0.0034813932734830202,0.027771499468987382,0.04127052290091438,0.6366494475091831,0.015767478140587536
gjMNeXBpQK,2026,N6MmgzeRqE,NWMWlBK5lz,106.0,-0.5071,-0.5385,9,-0.0102,-0.011,5,-0.4521,-0.4526,4,0.0013,0.0,0,-0.0146,0.0516,36,0.0415,0.0358,28,9,4,5,3.4615,0.0,2026-04-22,9,-0.9412,82,True,-0.45926037735849057,8.150943396226415,-0.009237735849056605,4.528301886792454,-0.40944905660377356,3.6226415094339623,0.0011773584905660378,0.0,-0.013222641509433962,32.60377358490566,0.037584905660377366,25.358490566037737,-0.8524075471698114,74.26415094339623,3.6226415094339623,8.150943396226415,3.134943396226415,55.55555555555556,-0.5385,-0.48769811320754713,0.031704665012010046,0.047255984648415836,-0.05634444444444445,4.595763777815776,0.05091555128991141,0.061061266775739004,0.01691493085882438,0.029214323301186104,-0.00204,3.007729819045107,-0.016941153042570465,-0.01712707014433656,0.023042313329041816,0.046653822803158336,-0.113025,1.2382095620551667,-0.004600502708082174,-0.0014082108282674028,0.0,0.08366134446616015,,1.6828800274825964,0.003974711091244304,0.003974711091244304,0.21418227519501587,0.2776865643339975,-0.00040555555555555554,31.880634564188263,-0.009244393170740486,-0.008240017261370563,0.005568814638027049,0.37322871560620957,0.0014821428571428572,23.268488101125172,0.004136887636925879,0.003966925756453325,0.02824110109668846,0.0422276053894621,0.9812512322557423,0.010287122201615723
gjMNeXBpQK,2026,gOMnGzRm5w,NWMWlBK5lz,101.0,0.3764,0.3464,6,-0.0439,-0.0448,6,0.0126,0.0121,2,0.0012,0.0,0,-0.0353,0.0278,29,-0.0024,-0.0078,10,6,0,6,0.3464,0.0,2026-04-25,10,0.3086,53,True,0.35776633663366336,5.702970297029703,-0.041726732673267326,5.702970297029703,0.011976237623762378,1.900990099009901,0.0011405940594059404,0.0,-0.03355247524752475,27.56435643564356,-0.002281188118811881,9.504950495049506,0.2933227722772277,50.37623762376238,0.0,5.702970297029703,0.3292514851485148,100.0,0.3464,0.3292514851485148,0.021362203846968835,0.04512752053375302,0.06273333333333334,4.477350423434959,0.06421737938531948,0.05948797672620264,0.020229480976184842,0.027874701472863753,-0.007316666666666667,3.03837505860431,-0.01740129011384001,-0.017301574903439924,0.011655440824251158,0.044551212499878944,0.0063,1.156249026279085,-0.0012147680306640598,-0.001314997435714605,0.0,0.08003087967968145,,1.6895474714922398,0.003990458597437615,0.003990458597437615,0.18003349632311236,0.2680998263788889,-0.0012172413793103448,30.51997000607861,-0.013156444355830603,-0.00788833356375831,0.001996007984031936,0.3619965837381058,-0.00023999999999999998,17.49210660911867,0.0029678081354443473,0.002982139962887613,0.039403143617866766,0.039955669383615035,0.7219891728495417,0.013929710216137713
gjMNeXBpQK,2026,aDQ0WDjpqE,NWMWlBK5lz,105.0,2.5055,2.4744,10,-0.2672,-0.268,8,-0.0417,-0.0422,2,-0.003,-0.0043,1,-0.02,0.0456,42,0.0048,-0.0009,19,10,2,8,4.4744,0.1,2026-05-03,11,2.1784,82,True,2.290742857142857,9.142857142857142,-0.24429714285714285,7.314285714285715,-0.038125714285714284,1.8285714285714287,-0.002742857142857143,0.9142857142857144,-0.018285714285714287,38.400000000000006,0.004388571428571428,17.37142857142857,1.9916800000000001,74.97142857142858,1.8285714285714287,9.142857142857142,4.09088,80.0,2.4744,2.2623085714285716,0.03510374418555889,0.04683105127852783,0.25055,4.64063049564322,0.10030845332036895,0.06165738501833401,0.026791978693812845,0.028946694384082813,-0.0334,3.0879556458877513,-0.019876060156362778,-0.017583904184090036,0.011655440824251158,0.04623404140666874,-0.02085,1.154212528551184,-0.0015778734992525762,-0.0013126813349187006,0.0011098779134295228,0.08293754561811274,-0.003,1.7600379162291486,0.004146472507239027,0.0041569464919678336,0.24126680872392986,0.2757893608978995,-0.0004761904761904762,33.477272770937475,-0.010411253404165663,-0.008652691807019532,0.003785614664275752,0.37101403992684695,0.0002526315789473684,20.29779100852129,0.0034667788933864414,0.003460466773813129,0.07605651766121338,0.04172552095808671,1.1133435954170252,0.009077688683105772
gjMNeXBpQK,2026,p6qbYzX650,NWMWlBK5lz,97.0,-0.8276,-0.8564,3,0.016,0.0152,1,0.0005,0.0,0,-0.2793,-0.2805,1,-0.0122,0.0484,24,0.0077,0.0025,15,3,2,1,1.1436,0.3333,2026-05-09,12,-1.0949,44,True,-0.8190680412371134,2.9690721649484537,0.015835051546391754,0.9896907216494846,0.0004948453608247423,0.0,-0.276420618556701,0.9896907216494846,-0.012074226804123712,23.75257731958763,0.007620618556701031,14.845360824742269,-1.0836123711340206,43.54639175257732,1.9793814432989691,2.9690721649484537,1.1318103092783505,33.33333333333333,-0.8564,-0.8475711340206187,0.010796419581442509,0.04341788968918779,-0.27586666666666665,4.356455951235495,0.044281658489329016,0.05788172149299915,0.0034293925216784442,0.02680033909578664,0.016,2.9091127406816866,-0.016349076390682393,-0.016565509857948846,0.0,0.04286243471522076,,1.073451615230542,-0.0012208322682307259,-0.0012208322682307259,0.0011098779134295228,0.07710572956823622,-0.2793,1.7712304117011985,0.003629676681517956,0.0041833814933731365,0.1537661802406755,0.2602452473392331,-0.0005083333333333334,29.559691550916135,-0.008775858836789507,-0.007640135522708354,0.0029910269192422734,0.352716809332854,0.0005133333333333333,19.491932471041185,0.003343068436164641,0.003323080065467732,0.024908636111308984,0.039961705402952095,0.39278364630377427,0.02530919684482879
gjMNeXBpQK,2026,gOMnGzPm5w,NWMWlBK5lz,105.0,-1.0624,-1.0936,5,-0.0179,-0.0187,1,-0.3203,-0.3209,2,0.0198,0.0185,2,-0.0339,0.0317,25,0.0078,0.0022,15,5,4,1,2.9064,0.0,2026-05-13,13,-1.4069,50,True,-0.9713371428571429,4.571428571428571,-0.016365714285714282,0.9142857142857144,-0.29284571428571426,1.8285714285714287,0.018102857142857146,1.8285714285714287,-0.030994285714285714,22.857142857142854,0.0071314285714285715,13.714285714285714,-1.2863085714285716,45.71428571428571,3.6571428571428575,4.571428571428571,2.65728,20.0,-1.0936,-0.9998628571428569,0.01786544408219076,0.04683105127852783,-0.21248,4.4265456897985205,0.04095885696475284,0.05881296348704976,0.0034293925216784442,0.028946694384082813,-0.0179,2.9026968018296215,-0.01665047621624551,-0.016528975248335548,0.011655440824251158,0.04623404140666874,-0.16015,1.154212528551184,-0.0034518563156942473,-0.0013126813349187006,0.0022172949002217295,0.08293754561811274,0.0099,1.8358665293657088,0.004366727566990615,0.004336042342382326,0.15915342051963938,0.2757893608978995,-0.001356,29.190718132981548,-0.012643701529473216,-0.00754476893498732,0.0029910269192422734,0.37101403992684695,0.00052,18.940939662503105,0.003248945144662331,0.003229144114222813,0.015828495614992815,0.04099172442541334,0.5592191882398473,0.017911560605882688
gjMNeXBpQK,2026,2vQ1g1jO5r,NWMWlBK5lz,102.0,-0.0886,-0.1188,5,0.0116,0.0108,2,0.0005,0.0,0,0.0306,0.0293,3,-0.0344,0.0293,42,0.0056,0.0001,30,5,3,2,2.8812,0.0,2026-05-17,14,-0.0747,82,True,-0.08338823529411764,4.705882352941177,0.010917647058823528,1.8823529411764706,0.00047058823529411766,0.0,0.0288,2.8235294117647056,-0.0323764705882353,39.529411764705884,0.005270588235294117,28.235294117647058,-0.07030588235294119,77.1764705882353,2.8235294117647056,4.705882352941177,2.7117176470588236,40.0,-0.1187999999999998,-0.11181176470588217,0.01786544408219076,0.04555397382726262,-0.01772,4.432476476460234,0.056436420738955974,0.05889176243409072,0.00683534396587721,0.028142921531641923,0.0058,2.9315869152806973,-0.01646315723746606,-0.016693485702838906,0.0,0.04497247620439232,,1.0710851555627712,-0.0012181409030281492,-0.0012181409030281492,0.0033222591362126247,0.08075927219536061,0.010199999999999999,1.9162359398072069,0.004575762358095193,0.004525862877335398,0.24126680872392986,0.2700374781153283,-0.0008190476190476191,33.743158603679916,-0.01328517820419552,-0.008721413897445318,0.005964214711729622,0.3642751009820834,0.00018666666666666666,24.28657969719881,0.0041428389312342375,0.00414049499556078,0.034188545683595674,0.040925079803674526,0.5966602729818594,0.016806480566923288
gjMNeXBpQK,2026,odMXVzPxqY,NWMWlBK5lz,106.0,0.1417,0.1102,9,-0.0173,-0.0182,7,0.0005,0.0,0,-0.0045,-0.0058,1,-0.0399,0.0263,24,0.0083,0.0026,13,9,2,7,2.1102,0.0,2026-05-23,15,0.08879999999999999,54,True,0.12833207547169811,8.150943396226415,-0.015667924528301888,6.339622641509434,0.0004528301886792453,0.0,-0.004075471698113207,0.9056603773584906,-0.03613584905660377,21.735849056603776,0.007516981132075472,11.773584905660378,0.08042264150943396,48.90566037735849,1.8113207547169812,8.150943396226415,1.9111245283018867,77.77777777777779,0.11019999999999985,0.09980377358490553,0.031704665012010046,0.047255984648415836,0.015744444444444443,4.595763777815776,0.06141941791226989,0.061061266775739004,0.023521755654127043,0.029214323301186104,-0.0024714285714285715,3.0606463291755577,-0.017196371414739522,-0.017428395341519815,0.0,0.046653822803158336,,1.0691994869946686,-0.0012159963396379924,-0.0012159963396379924,0.0011098779134295228,0.08366134446616015,-0.0045,1.7586487922821377,0.004140272042601093,0.00415366558883206,0.1537661802406755,0.2776865643339975,-0.0016625,28.862757940482933,-0.013691274594847144,-0.007460002816490211,0.002593257530420906,0.37322871560620957,0.0006384615384615385,18.198211209871005,0.0031246051888968534,0.0031025201317795995,0.036580652794543166,0.04221305799870265,0.981380289832812,0.010285783296244862
gjMNeXBpQK,2026,eVq36l2V5W,NWMWlBK5lz,105.0,-1.1065,-1.1377,6,-0.0113,-0.0121,3,-0.004,-0.0045,1,0.0305,0.0292,1,-0.0389,0.0267,30,0.0057,0.0001,19,6,3,3,1.8623,0.0,2026-07-22,17,-1.1245,60,True,-1.011657142857143,5.485714285714286,-0.010331428571428571,2.742857142857143,-0.0036571428571428575,0.9142857142857144,0.027885714285714285,0.9142857142857144,-0.035565714285714284,27.428571428571427,0.005211428571428572,17.37142857142857,-1.0281142857142858,54.857142857142854,2.742857142857143,5.485714285714286,1.702674285714286,50.0,-1.1377,-1.040182857142857,0.021362203846968835,0.04683105127852783,-0.18441666666666667,4.469362650967461,0.04050605899731974,0.05938184779330661,0.010218093855726062,0.028946694384082813,-0.0037666666666666664,2.9556279001319443,-0.016772165737680582,-0.01683038351569397,0.005861881820464166,0.04623404140666874,-0.004,1.1119414049793725,-0.0012832658558509886,-0.0012646065535884285,0.0011098779134295228,0.08293754561811274,0.0305,1.7600379162291486,0.004211912318774738,0.0041569464919678336,0.1850924842280916,0.2757893608978995,-0.0012966666666666667,30.451469497086233,-0.013722286187726288,-0.007870628603232089,0.003785614664275752,0.37101403992684695,0.00030000000000000003,20.29779100852129,0.0034704186646372223,0.003460466773813129,0.016410672199473838,0.04103364238657309,0.6680375794840079,0.015037774708713371
gjMNeXBpQK,2026,gjMNWrjD5K,NWMWlBK5lz,102.0,1.0948,1.0645,6,-0.0189,-0.0197,4,0.0005,0.0,0,0.0012,0.0,0,-0.0405,0.0231,17,0.0108,0.0053,10,6,2,4,3.0645,0.1667,2026-07-25,18,1.0479,37,True,1.0304,5.647058823529411,-0.017788235294117646,3.764705882352941,0.00047058823529411766,0.0,0.0011294117647058823,0.0,-0.03811764705882353,16.0,0.010164705882352942,9.411764705882353,0.9862588235294117,34.8235294117647,1.8823529411764706,5.647058823529411,2.884235294117647,66.66666666666666,1.0644999999999998,1.0018823529411764,0.021362203846968835,0.04555397382726262,0.18246666666666667,4.475350804768246,0.07563560792956263,0.059461408944488696,0.013577878462138824,0.028142921531641923,-0.004725,2.9845618263990823,-0.01695586144730258,-0.016995143455762547,0.0,0.04497247620439232,,1.0710851555627712,-0.0012181409030281492,-0.0012181409030281492,0.0,0.08075927219536061,,1.6882097594908945,0.0039872991216331555,0.0039872991216331555,0.11403186562114387,0.2700374781153283,-0.002382352941176471,27.3893355892016,-0.013712624242059981,-0.007079175214599078,0.001996007984031936,0.3642751009820834,0.00108,17.429636619889006,0.0030031315253660025,0.0029714897733177743,0.05073941198417107,0.04112773826604984,0.7041657441374419,0.014277256955341648
gjMNeXBpQK,2026,kRQalzojqK,NWMWlBK5lz,101.0,-0.9209,-0.9509,2,0.0008,0.0,0,0.0063,0.0058,2,0.0012,0.0,0,-0.0098,0.0533,27,0.014,0.0086,19,2,2,0,1.0491,0.5,2026-08-02,19,-0.9084000000000001,50,True,-0.875310891089109,1.900990099009901,0.0007603960396039605,0.0,0.005988118811881189,1.900990099009901,0.0011405940594059404,0.0,-0.009314851485148514,25.663366336633665,0.013306930693069308,18.05940594059406,-0.8634297029702972,47.524752475247524,1.900990099009901,1.900990099009901,0.9971643564356436,0.0,-0.9509000000000001,-0.9038257425742575,0.007223609427050639,0.04512752053375302,-0.46045,4.305776483979898,0.04247363129889319,0.057208372596111966,0.0,0.027874701472863753,,2.879406464065998,-0.01639635188368456,-0.01639635188368456,0.011655440824251158,0.044551212499878944,0.00315,1.156249026279085,-0.0012572192957913256,-0.001314997435714605,0.0,0.08003087967968145,,1.6895474714922398,0.003990458597437615,0.003990458597437615,0.16972471267568665,0.2680998263788889,-0.00036296296296296294,30.01031489058607,-0.008288867024963719,-0.007756605729403289,0.003785614664275752,0.3619965837381058,0.0007368421052631579,20.588790256145636,0.0035542203255411846,0.003510077750061033,0.02407587201743239,0.03924095389480816,0.2415554995648905,0.040512342505298865
gjMNeXBpQK,2026,7VqGXP3jQv,NWMWlBK5lz,104.0,1.0402,1.0094,5,-0.0659,-0.0667,4,0.005,0.0045,2,-0.1337,-0.135,2,0.0027,0.0676,25,0.0026,-0.0029,11,5,1,4,2.0094,0.2,2026-08-15,20,0.8509000000000001,49,True,0.9601846153846154,4.615384615384616,-0.06083076923076923,3.6923076923076925,0.004615384615384615,1.8461538461538463,-0.12341538461538462,1.8461538461538463,0.0024923076923076925,23.076923076923077,0.0024,10.153846153846153,0.785446153846154,45.230769230769226,0.9230769230769231,4.615384615384616,1.854830769230769,80.0,1.0093999999999999,0.931753846153846,0.01786544408219076,0.04640573869042975,0.20804,4.428520854438733,0.0742476207826517,0.05883920636219582,0.013577878462138824,0.028678917864907755,-0.016475,2.9829157878705814,-0.017422404589780668,-0.016985770334161196,0.011655440824251158,0.04581389016751004,0.0025,1.1547209801474627,-0.0012643060202774431,-0.0013132595949043055,0.0022172949002217295,0.08221260243570114,-0.06685,1.8373177924917063,0.0040575095556739495,0.004339470008971159,0.15915342051963938,0.27388216495825446,0.00010800000000000001,29.267591374125274,-0.005857631920005198,-0.007564637950852937,0.002195170624625823,0.3687836577821413,0.00023636363636363636,17.646441435793747,0.0030110036611382326,0.003008451719646124,0.05677179146940056,0.04032346021089466,0.5724901967434174,0.01750361687791346
gjMNeXBpQK,2026,7VqGXP3zQv,NWMWlBK5lz,99.0,1.0748,1.0454,8,0.1325,0.1317,7,0.0087,0.0082,2,-0.0006,-0.0018,2,-0.0091,0.0527,28,0.0015,-0.0038,19,8,1,7,2.0454,0.0,2026-08-19,21,1.2078,66,True,1.042230303030303,7.757575757575758,0.1284848484848485,6.787878787878787,0.008436363636363636,1.9393939393939394,-0.0005818181818181818,1.9393939393939394,-0.008824242424242425,27.15151515151515,0.0014545454545454545,18.424242424242422,1.1711999999999998,64.0,0.9696969696969697,7.757575757575758,1.9834181818181817,87.5,1.0453999999999999,1.013721212121212,0.028281553028987088,0.04427346966994863,0.13435,4.567218724980186,0.0763195497330385,0.06068200509681304,0.023521755654127043,0.027337816958284907,0.01892857142857143,3.0665624880022984,-0.015686009626646843,-0.017462084028106298,0.011655440824251158,0.04370756918706364,0.00435,1.157269972426834,-0.001242143206770814,-0.0013161585537227326,0.0022172949002217295,0.07857062614795715,-0.0003,1.8446086616527597,0.004345802873364759,0.004356689952191115,0.1749113031204952,0.2641934977551204,-0.00032500000000000004,30.426674849210762,-0.008218319121762577,-0.007864220063086121,0.003785614664275752,0.3573901965395055,7.894736842105263e-05,20.737441403542697,0.003528234466800441,0.00353542052535322,0.05904711511802347,0.04193165292944222,1.0067157649022382,0.010029522721290792
gjMNeXBpQK,2026,a35ro3BoqL,NWMWlBK5lz,96.0,-0.2308,-0.2593,3,-0.0827,-0.0834,2,-0.0737,-0.0741,1,0.0012,0.0,0,0.0009,0.0609,29,0.0011,-0.0041,25,3,1,2,0.7407,0.3333,2026-08-22,22,-0.384,60,True,-0.2308,3.0,-0.0827,2.0,-0.0737,1.0,0.0012,0.0,0.0009,29.0,0.0011,25.0,-0.384,60.0,1.0,3.0,0.7407,66.66666666666666,-0.2593,-0.2593,0.010796419581442509,0.042989524996042236,-0.07693333333333334,4.358406805110597,0.05366233366418892,0.05790764136500892,0.00683534396587721,0.02653137735160019,-0.04135,2.9364481051987177,-0.017436834115546362,-0.016721167025869878,0.005861881820464166,0.04243930705865313,-0.0737,1.1163654696091052,-0.0017444885373651335,-0.0012696380247605651,0.0,0.07637153320966035,,1.696267957472884,0.004006331380838447,0.004006331380838447,0.18003349632311236,0.25825519000376856,3.103448275862069e-05,30.930487748413462,-0.006382355028871323,-0.007994437891014639,0.004975124378109453,0.35035453225470276,4.4000000000000006e-05,23.06661411529271,0.0039179939763494005,0.003932509291125783,0.036022981339593946,0.03986123909532807,0.40089984416448093,0.024809525375228614
gjMNeXBpQK,2026,eVq36lrX5W,NWMWlBK5lz,104.0,-1.2612,-1.2921,7,-0.0375,-0.0384,3,0.0088,0.0082,1,0.0424,0.0411,3,-0.0139,0.051,28,-0.0066,-0.0121,15,7,4,3,2.7079,0.1429,2026-08-30,23,-1.2680000000000002,57,True,-1.1641846153846156,6.461538461538462,-0.03461538461538461,2.769230769230769,0.008123076923076924,0.9230769230769231,0.03913846153846154,2.769230769230769,-0.012830769230769229,25.846153846153847,-0.006092307692307693,13.846153846153845,-1.1704615384615387,52.61538461538462,3.6923076923076925,6.461538461538462,2.4996,42.857142857142854,-1.2921,-1.1927076923076925,0.024834152450295324,0.04640573869042975,-0.1801714285714286,4.51419298740568,0.038289666280049685,0.059977482657333776,0.010218093855726062,0.028678917864907755,-0.012499999999999999,2.9564429406106667,-0.0170406179237049,-0.016835024642487064,0.005861881820464166,0.04581389016751004,0.0088,1.1124312353774535,-0.0012003631202131993,-0.001265163635759113,0.0033222591362126247,0.08221260243570114,0.014133333333333333,1.9132063485861996,0.0045935289493949216,0.004518707435692843,0.1749113031204952,0.27388216495825446,-0.0004964285714285714,30.02603429247121,-0.009010429607310598,-0.007760668639211787,0.0029910269192422734,0.3687836577821413,-0.00044,19.008104172220115,0.00320588629224211,0.003240594648626167,0.01883767087045802,0.041875927824194824,0.7980973401300414,0.012618106491393968
gjMNeXBpQK,2026,KXMeXzgvQ6,NWMWlBK5lz,106.0,-2.0347,-2.0662,6,-0.0043,-0.0052,1,0.0023,0.0018,1,0.0305,0.0293,1,0.0054,0.0716,43,0.0028,-0.0028,13,6,5,1,2.9338,0.0,2026-09-09,25,-1.9980000000000004,65,True,-1.8427471698113207,5.433962264150944,-0.0038943396226415097,0.9056603773584906,0.002083018867924528,0.9056603773584906,0.027622641509433964,0.9056603773584906,0.00489056603773585,38.943396226415096,0.0025358490566037735,11.773584905660378,-1.8095094339622646,58.867924528301884,4.528301886792454,5.433962264150944,2.6570264150943395,16.666666666666664,-2.0662,-1.8712754716981133,0.021362203846968835,0.047255984648415836,-0.3391166666666667,4.467370159148382,0.025724535645188826,0.05935537470191308,0.0034293925216784442,0.029214323301186104,-0.0043,2.9018967987842066,-0.016510543524130294,-0.016524419749970053,0.005861881820464166,0.046653822803158336,0.0023,1.1114520057597932,-0.0012416552895983105,-0.0012640499617953451,0.0011098779134295228,0.08366134446616015,0.0305,1.7586487922821377,0.004208588033422264,0.00415366558883206,0.24560041776461078,0.2776865643339975,0.0001255813953488372,33.64106259468304,-0.00552193772883247,-0.008695025687550768,0.002593257530420906,0.37322871560620957,0.0002153846153846154,18.198211209871005,0.0031046390684790815,0.0031025201317795995,0.009763626204529098,0.04012806502320857,0.6534523011336865,0.015368264640482627
gjMNeXBpQK,2026,BLMvVGKlMx,NWMWlBK5lz,108.0,-1.212,-1.2441,4,0.0228,0.0219,1,0.0005,0.0,0,0.2598,0.2585,3,-0.0135,0.054,20,-0.0025,-0.0083,13,4,3,1,1.7559,0.25,2026-09-12,26,-0.9449,41,True,-1.0773333333333333,3.5555555555555554,0.020266666666666665,0.8888888888888888,0.00044444444444444447,0.0,0.23093333333333332,2.6666666666666665,-0.012,17.77777777777778,-0.0022222222222222222,11.555555555555555,-0.839911111111111,36.44444444444444,2.6666666666666665,3.5555555555555554,1.5608,25.0,-1.2441,-1.1058666666666668,0.014343606244813343,0.048104715760470984,-0.303,4.377871005727866,0.03830521644620681,0.05816625098985618,0.0034293925216784442,0.02974913881707011,0.0228,2.9002981148823577,-0.016231904036915493,-0.016515316282247585,0.0,0.04749227801976034,,1.0682591403410586,-0.0012149268871151572,-0.0012149268871151572,0.0033222591362126247,0.08510551998018141,0.0866,1.907175814470429,0.005038208273006141,0.004504464215472364,0.13150874989037448,0.28145130618479425,-0.000675,27.71160772363247,-0.008680458791483017,-0.007162471171121602,0.002593257530420906,0.3776116065626405,-0.0001923076923076923,18.07095462150942,0.00306382338752509,0.00308082480564341,0.020279958391224373,0.04085882567048761,0.4256028002263978,0.02340322468115444
gjMNvV70MK,2026,9YqdezYEQv,wvq9B9wQWn,98.0,0.1562,0.1271,2,-0.0213,-0.0221,2,0.0014,0.001,2,-0.0084,-0.0096,1,-0.0286,0.0326,30,0.0035,-0.0018,18,2,0,2,0.1271,0.0,2026-05-23,15,0.10280000000000004,55,True,0.15301224489795917,1.9591836734693877,-0.020865306122448978,1.9591836734693877,0.0013714285714285714,1.9591836734693877,-0.008228571428571429,0.9795918367346939,-0.028016326530612243,29.387755102040817,0.003428571428571429,17.63265306122449,0.10070204081632658,53.87755102040816,0.0,1.9591836734693877,0.12450612244897957,100.0,0.1271,0.12450612244897957,0.007223609427050639,0.04384587107573929,0.0781,4.311555785630842,0.05930377734648986,0.05728515884904978,0.00683534396587721,0.027069152256985234,-0.01065,2.9348259182425065,-0.016811342735827878,-0.016711929723499722,0.011655440824251158,0.043285188593004446,0.0007,1.1577811219065228,-0.0012919465836771892,-0.0013167398820004485,0.0011098779134295228,0.07783875962203923,-0.0084,1.769823571106794,0.004158919371310252,0.00418005874616426,0.1850924842280916,0.2622246548359651,-0.0009533333333333334,31.021835645523474,-0.012007920542623821,-0.008018048093862418,0.0035870864886408927,0.35506196896711517,0.00019444444444444446,20.464759033698197,0.003490691143302547,0.003488932300094847,0.03684217799897377,0.0389074321959463,0.2617491795326995,0.037504075397547056
gjMNvV70MK,2026,N6MmgzKxqE,wvq9B9wQWn,105.0,-0.0066,-0.0377,3,0.0355,0.0347,1,0.0005,0.0,0,0.0262,0.0249,2,-0.1683,-0.1027,24,0.0049,-0.0008,16,3,2,1,1.9623,0.0,2026-07-17,16,-0.1078,46,True,-0.006034285714285714,2.742857142857143,0.03245714285714286,0.9142857142857144,0.0004571428571428572,0.0,0.023954285714285713,1.8285714285714287,-0.1538742857142857,21.942857142857143,0.00448,14.62857142857143,-0.09856000000000001,42.05714285714286,1.8285714285714287,2.742857142857143,1.7941028571428572,33.33333333333333,-0.03770000000000007,-0.03446857142857149,0.010796419581442509,0.04683105127852783,-0.0022,4.340911767460641,0.05694940340065254,0.05767519487453606,0.0034293925216784442,0.028946694384082813,0.0355,2.9026968018296215,-0.016118906626204146,-0.016528975248335548,0.0,0.04623404140666874,,1.069670281407561,-0.0012165317722581562,-0.0012165317722581562,0.0022172949002217295,0.08293754561811274,0.0131,1.8358665293657088,0.004379753670968376,0.004336042342382326,0.1537661802406755,0.2757893608978995,-0.0070125000000000005,28.938567860160614,-0.03753352139416895,-0.007479597001338367,0.003189792663476874,0.37101403992684695,0.00030625,19.280152499007652,0.003295324290838736,0.003286974779120392,0.009755521569828408,0.04007310797410671,0.337988398764463,0.02929217563192352
gpMOoO8rMz,2026,xW5pOJ6dMg,Z2vQ1xlqrA,98.0,-0.6653,-0.6944,6,-0.169,-0.1697,3,0.011,0.0105,2,-0.0105,-0.0117,3,0.0273,0.0885,34,-0.0038,-0.009,37,6,3,3,2.3056,0.3333,2026-02-22,1,-0.8103,85,True,-0.6517224489795919,5.877551020408163,-0.16555102040816327,2.9387755102040813,0.010775510204081632,1.9591836734693877,-0.010285714285714287,2.9387755102040813,0.026742857142857145,33.30612244897959,-0.003722448979591837,36.244897959183675,-0.7937632653061224,83.26530612244898,2.9387755102040813,5.877551020408163,2.25854693877551,50.0,-0.6943999999999999,-0.6802285714285713,0.021362203846968835,0.04384587107573929,-0.11088333333333333,4.4833600151521065,0.047675532412572254,0.05956782271063407,0.010218093855726062,0.027069152256985234,-0.05633333333333334,2.9613426388207778,-0.018395224231352682,-0.016862925245260386,0.011655440824251158,0.043285188593004446,0.0055,1.1577811219065228,-0.0012271732267788698,-0.0013167398820004485,0.0033222591362126247,0.07783875962203923,-0.0035,1.9223239981214013,0.004502805496149384,0.004540241961114632,0.20471921699935186,0.2622246548359651,0.0008029411764705883,32.04932817059501,-0.0013196145964142706,-0.00828361859640283,0.007345642247369466,0.35506196896711517,-0.0001027027027027027,27.07325935406573,0.004561252836844184,0.0046155817849459204,0.03579757869102,0.042260362733030965,0.7757514003663208,0.012976861173553877
gpMOoO8rMz,2026,Xj5YPzZAMb,Z2vQ1xlqrA,102.0,-0.4924,-0.5226,5,0.0095,0.0087,3,0.0044,0.0039,2,0.0283,0.027,1,0.0125,0.0762,38,0.0195,0.014,38,5,2,3,1.4774,0.0,2026-03-01,2,-0.41819999999999996,87,True,-0.46343529411764706,4.705882352941177,0.008941176470588235,2.8235294117647056,0.004141176470588236,1.8823529411764706,0.026635294117647056,0.9411764705882353,0.011764705882352941,35.76470588235294,0.01835294117647059,35.76470588235294,-0.39359999999999995,81.88235294117646,1.8823529411764706,4.705882352941177,1.3904941176470589,60.0,-0.5226,-0.49185882352941174,0.01786544408219076,0.04555397382726262,-0.09848,4.432476476460234,0.050041184886006645,0.05889176243409072,0.010218093855726062,0.028142921531641923,0.0031666666666666666,2.9580743708398898,-0.0165764825004081,-0.016844314579300725,0.011655440824251158,0.04497247620439232,0.0022,1.155739228418098,-0.0012694620971449712,-0.0013144176446274825,0.0011098779134295228,0.08075927219536061,0.0283,1.7642184862629986,0.0042176090114780865,0.004166820373533903,0.2234227794155382,0.2700374781153283,0.0003289473684210526,32.72654692136338,-0.0041635835259825355,-0.008458655708189919,0.007542675664946407,0.3642751009820834,0.0005131578947368421,27.02935692812273,0.00467795908741332,0.004608097084457983,0.03692722486136245,0.04104929195996448,0.5940830635613763,0.016878158696002687
gpMOoO8rMz,2026,9z5kBz9jMA,Z2vQ1xlqrA,98.0,0.0388,0.0098,5,0.039,0.0382,4,0.03,0.0295,3,-0.0047,-0.0058,4,-0.0311,0.0301,34,0.0023,-0.0029,21,5,1,4,1.0098,0.2,2026-03-08,3,0.0743,71,True,0.03800816326530612,4.8979591836734695,0.038204081632653056,3.9183673469387754,0.029387755102040815,2.9387755102040813,-0.004604081632653061,3.9183673469387754,-0.03046530612244898,33.30612244897959,0.002253061224489796,20.57142857142857,0.07278367346938776,69.55102040816327,0.9795918367346939,4.8979591836734695,0.9891918367346939,80.0,0.009800000000000031,0.00960000000000003,0.01786544408219076,0.04384587107573929,0.00776,4.4404089577717905,0.05855874619318984,0.058997156745238,0.013577878462138824,0.027069152256985234,0.00975,2.987859359399049,-0.016387362104054108,-0.01701392076702105,0.017381864589308817,0.043285188593004446,0.01,1.2001829393037518,-0.0011326235203010747,-0.0013649633009004672,0.004424778761061947,0.07783875962203923,-0.001175,1.998574211628705,0.00468905631961967,0.004720333568589819,0.20471921699935186,0.2622246548359651,-0.0009147058823529412,32.04932817059501,-0.012589291676322086,-0.00828361859640283,0.0041824337781318464,0.35506196896711517,0.00010952380952380952,21.508206452703597,0.0036613404690170725,0.0036668243240187007,0.03679986568114932,0.04072181197352217,0.6529423672719271,0.015380082326570649
gpMOoO8rMz,2026,aDQ0WDaPqE,Z2vQ1xlqrA,102.0,0.4524,0.4221,5,-0.0881,-0.0889,4,0.0293,0.0288,3,0.0564,0.0551,1,0.0027,0.0664,39,0.0083,0.0029,28,5,1,4,1.4221,0.2,2026-03-15,4,0.46099999999999997,80,True,0.4257882352941177,4.705882352941177,-0.08291764705882353,3.764705882352941,0.027576470588235293,2.8235294117647056,0.05308235294117647,0.9411764705882353,0.0025411764705882355,36.705882352941174,0.007811764705882353,26.35294117647059,0.43388235294117644,75.29411764705883,0.9411764705882353,4.705882352941177,1.3384470588235293,80.0,0.4220999999999999,0.39727058823529404,0.01786544408219076,0.04555397382726262,0.09048,4.432476476460234,0.06500457971975238,0.05889176243409072,0.013577878462138824,0.028142921531641923,-0.022025,2.9845618263990823,-0.017656926954232016,-0.016995143455762547,0.017381864589308817,0.04497247620439232,0.009766666666666667,1.1980662648457614,-0.0011354850747290319,-0.0013625560154271492,0.0011098779134295228,0.08075927219536061,0.0564,1.7642184862629986,0.00427263069789761,0.004166820373533903,0.2279620129126287,0.2700374781153283,6.923076923076924e-05,32.98069984194252,-0.006060617425303622,-0.00852434525550377,0.005568814638027049,0.3642751009820834,0.00029642857142857145,23.60088538946783,0.00404014711921539,0.00402359447333648,0.0484643280826007,0.04020013255426764,0.5949284870612401,0.016854578230302435
gpMOoO8rMz,2026,jYQJJy1PQG,Z2vQ1xlqrA,103.0,-0.7144,-0.7449,8,-0.1705,-0.1714,4,0.0005,0.0,0,0.0058,0.0045,1,-0.0188,0.0455,31,-0.4188,-0.4243,29,9,4,4,3.2551,0.0,2026-03-22,5,-1.3162,73,True,-0.6658485436893204,7.45631067961165,-0.15891262135922332,3.728155339805825,0.00046601941747572817,0.0,0.0054058252427184456,0.9320388349514562,-0.01752233009708738,28.893203883495143,-0.3903378640776699,27.02912621359223,-1.2267495145631067,68.03883495145631,3.728155339805825,8.388349514563107,3.0338796116504856,44.44444444444444,-0.7448999999999999,-0.6942757281553398,0.028281553028987088,0.045980046376263226,-0.0893,4.559063349105036,0.04734642334471342,0.0605736493139565,0.013577878462138824,0.028410993621519526,-0.042625,2.983738580117404,-0.01848662105769092,-0.01699045560224489,0.0,0.045393368596699575,,1.0706131151427236,-0.0012176040533289855,-0.0012176040533289855,0.0011098779134295228,0.08148651220296954,0.0058,1.762822757998828,0.004170250673458049,0.004163523871988121,0.19008942954436575,0.27196489736136725,-0.0006064516129032258,30.865761649506105,-0.010019436700528074,-0.0079777084820945,0.005766553986876119,0.36653740149227726,-0.014441379310344827,23.858526004416237,0.002057196429167998,0.004067518306587077,0.023850208635791494,0.04261892335486333,0.9238491129513422,0.01091931930081421
gpMOoO8rMz,2026,gpMOglzEMz,Z2vQ1xlqrA,102.0,-0.6586,-0.6889,7,0.0405,0.0397,4,0.0018,0.0013,1,-0.0022,-0.0034,1,-0.0128,0.0509,36,0.0023,-0.0031,21,7,3,4,2.3111,0.1429,2026-04-04,6,-0.629,70,True,-0.6198588235294117,6.588235294117648,0.03811764705882353,3.764705882352941,0.0016941176470588234,0.9411764705882353,-0.002070588235294118,0.9411764705882353,-0.01204705882352941,33.88235294117647,0.002164705882352941,19.764705882352942,-0.592,65.88235294117646,2.8235294117647056,6.588235294117648,2.1751529411764707,57.14285714285714,-0.6888999999999998,-0.6483764705882351,0.024834152450295324,0.04555397382726262,-0.09408571428571429,4.518225133076259,0.04798322596441732,0.06003105545488666,0.013577878462138824,0.028142921531641923,0.010125,2.9845618263990823,-0.01635407978384003,-0.016995143455762547,0.005861881820464166,0.04497247620439232,0.0018,1.1134121919904345,-0.0012471084511364926,-0.0012662792738278158,0.0011098779134295228,0.08075927219536061,-0.0022,1.7642184862629986,0.004157887963940882,0.004166820373533903,0.21418227519501587,0.2700374781153283,-0.00035555555555555557,32.21824108020512,-0.008997259758678723,-0.00832727661356222,0.0041824337781318464,0.3642751009820834,0.00010952380952380952,21.2009553124094,0.0036090371290531126,0.0036144426455514277,0.029151703063756064,0.0412236191308194,0.82569975799395,0.01220144098823998
gpMOoO8rMz,2026,7vQ7RXrYqD,Z2vQ1xlqrA,104.0,-1.4212,-1.452,3,0.0008,0.0,0,-0.0002,-0.0007,1,0.0066,0.0053,1,-0.0172,0.0477,34,0.0036,-0.002,22,3,3,0,1.548,0.0,2026-04-12,7,-1.4276000000000002,61,True,-1.3118769230769232,2.769230769230769,0.0007384615384615384,0.0,-0.0001846153846153846,0.9230769230769231,0.006092307692307693,0.9230769230769231,-0.015876923076923077,31.384615384615387,0.0033230769230769225,20.307692307692307,-1.3177846153846156,56.30769230769231,2.769230769230769,2.769230769230769,1.428923076923077,0.0,-1.452,-1.3403076923076922,0.010796419581442509,0.04640573869042975,-0.47373333333333334,4.3428487214717855,0.03486592902717361,0.057700930067057864,0.0,0.028678917864907755,,2.877024398830922,-0.016382787567464665,-0.016382787567464665,0.005861881820464166,0.04581389016751004,-0.0002,1.1124312353774535,-0.0012590515841297797,-0.001265163635759113,0.0011098779134295228,0.08221260243570114,0.0066,1.761429236397213,0.004168518043268311,0.004160232582249474,0.20471921699935186,0.27388216495825446,-0.0005058823529411764,31.54292012916308,-0.009750415418434941,-0.008152730015929487,0.004380724810832338,0.3687836577821413,0.00016363636363636363,21.39101396096626,0.003646203011144104,0.003646844774341242,0.015288395511556637,0.03970732620449531,0.3423079889462662,0.028933232017508616
gpMOoO8rMz,2026,9Yqdez69Qv,Z2vQ1xlqrA,103.0,-0.9162,-0.9467,6,0.0438,0.043,3,0.0005,0.0,0,-0.0395,-0.0408,2,-0.1535,-0.0892,33,0.0006,-0.0049,20,6,3,3,2.0533,0.3333,2026-04-18,8,-1.0643000000000002,64,True,-0.8539339805825243,5.592233009708738,0.04082330097087379,2.796116504854369,0.00046601941747572817,0.0,-0.03681553398058252,1.8640776699029125,-0.14306796116504855,30.75728155339806,0.0005592233009708737,18.640776699029125,-0.9919689320388352,59.6504854368932,2.796116504854369,5.592233009708738,1.9137553398058254,50.0,-0.9466999999999999,-0.8823611650485437,0.021362203846968835,0.045980046376263226,-0.1527,4.473352971393942,0.04357308964477981,0.05943486488292689,0.010218093855726062,0.028410993621519526,0.0146,2.9572584307225895,-0.016226422872826784,-0.016839668329649546,0.0,0.045393368596699575,,1.0706131151427236,-0.0012176040533289855,-0.0012176040533289855,0.0022172949002217295,0.08148651220296954,-0.01975,1.8387713518967415,0.00425275090989485,0.004342903099027863,0.19990170238138133,0.27196489736136725,-0.004651515151515151,31.37272534167487,-0.035659586426031155,-0.008108740678644668,0.00398406374501992,0.36653740149227726,2.9999999999999997e-05,20.783882170539272,0.0035317052196317134,0.0035433379746497755,-0.0017460675778805512,0.041155092894981336,0.6964429477018891,0.014433291171438165
gpMOoO8rMz,2026,315V9zX6M9,Z2vQ1xlqrA,101.0,0.0166,-0.0133,6,-0.1247,-0.1255,1,0.01,0.0095,1,-0.4322,-0.4334,4,-0.022,0.0411,29,0.0048,-0.0006,10,6,5,1,4.9867,0.0,2026-04-26,10,-0.5475,51,True,0.015778217821782178,5.702970297029703,-0.11852673267326734,0.9504950495049505,0.009504950495049506,0.9504950495049505,-0.4108039603960396,3.801980198019802,-0.02091089108910891,27.56435643564356,0.004562376237623762,9.504950495049506,-0.5203960396039604,48.475247524752476,4.752475247524753,5.702970297029703,4.739833663366337,16.666666666666664,-0.01330000000000009,-0.012641584158415927,0.021362203846968835,0.04512752053375302,0.002766666666666667,4.477350423434959,0.05848180324135035,0.05948797672620264,0.0034293925216784442,0.027874701472863753,-0.1247,2.9059012298223834,-0.017733170316770918,-0.01654722238697712,0.005861881820464166,0.044551212499878944,0.01,1.113903319348507,-0.0011941160812003549,-0.0012668378310259595,0.004424778761061947,0.08003087967968145,-0.10805,1.9938232912644942,0.003735034201137014,0.004709112604791528,0.18003349632311236,0.2680998263788889,-0.0007586206896551724,30.51997000607861,-0.010636499360151902,-0.00788833356375831,0.001996007984031936,0.3619965837381058,0.00047999999999999996,17.49210660911867,0.002992946492247871,0.002982139962887613,0.03564599817661206,0.0414768355121204,0.7278780939561094,0.013818568783737743
jYQJaDwkqG,2026,gjMNWr635K,gpMOLwl5zy,100.0,0.2937,0.264,7,-0.1155,-0.1163,6,0.0005,0.0,0,0.0012,0.0,0,-0.0145,0.0479,34,0.0052,-0.0001,19,7,1,6,1.264,0.1429,2026-08-20,21,0.17060000000000003,66,True,0.28195200000000004,6.720000000000001,-0.11088,5.76,0.00048000000000000007,0.0,0.0011519999999999998,0.0,-0.01392,32.64,0.004992,18.240000000000002,0.16377600000000003,63.36,0.96,6.720000000000001,1.21344,85.71428571428571,0.264,0.25344,0.024834152450295324,0.04470068598514822,0.04195714285714286,4.522264488333935,0.06330463514543289,0.060084724042071574,0.020229480976184842,0.027606333322638656,-0.01925,3.03921384255058,-0.018139775814075793,-0.01730635123387783,0.0,0.04412957699158392,,1.0720304862595103,-0.001219216023883485,-0.001219216023883485,0.0,0.0793013319140693,,1.6908873051404538,0.003993623084254863,0.003993623084254863,0.20471921699935186,0.26615186045015843,-0.00042647058823529416,31.87872840421938,-0.00933596293546295,-0.008239524586388986,0.003785614664275752,0.3597016747647554,0.0002736842105263158,20.662848479510796,0.0035307759722377355,0.0035227035585135478,0.04213407942850325,0.04083595884068968,0.8570965577312786,0.011759739056222077
jYQJagNWqG,2026,9vQ2GraaMK,vzqoOgNqap,103.0,-0.2557,-0.2863,1,0.0008,0.0,0,0.003,0.0025,1,0.0413,0.0401,3,0.0246,0.0889,45,0.0251,0.0196,44,1,1,0,0.7137,0.0,2026-02-22,1,-0.16089999999999993,94,True,-0.23832233009708736,0.9320388349514562,0.0007456310679611651,0.0,0.0027961165048543688,0.9320388349514562,0.03849320388349515,2.796116504854369,0.022928155339805825,41.94174757281553,0.023394174757281554,41.009708737864074,-0.14996504854368925,87.6116504854369,0.9320388349514562,0.9320388349514562,0.6651961165048543,0.0,-0.2863,-0.2668427184466019,0.003624897134080235,0.045980046376263226,-0.2557,4.259077027116211,0.052435098765846434,0.0565879038053529,0.0,0.028410993621519526,,2.8778179825381467,-0.016387306511863518,-0.016387306511863518,0.005861881820464166,0.045393368596699575,0.003,1.1129214975241135,-0.0012387302579293712,-0.0012657212089557458,0.0033222591362126247,0.08148651220296954,0.013766666666666668,1.9147199457946547,0.004594830594930412,0.0045222823260676025,0.254120801152466,0.27196489736136725,0.0005466666666666667,34.41450749468744,-0.00185370439511941,-0.008894933857945667,0.008723235527359239,0.36653740149227726,0.0005704545454545454,28.98293239421118,0.005042274498184163,0.004941152193149245,0.042592462694048705,0.03950337674580481,0.12829968484291376,0.07364083525402475
jYQJagNWqG,2026,e7Mzyop6Qr,vzqoOgNqap,99.0,0.7654,0.736,2,-0.0821,-0.0829,2,0.0241,0.0236,1,-0.0164,-0.0176,4,0.0332,0.095,41,0.0141,0.0088,35,2,0,2,0.736,0.0,2026-03-01,2,0.7383000000000001,85,True,0.7422060606060605,1.9393939393939394,-0.07961212121212122,1.9393939393939394,0.02336969696969697,0.9696969696969697,-0.015903030303030304,3.878787878787879,0.03219393939393939,39.75757575757576,0.013672727272727274,33.93939393939394,0.7159272727272727,82.42424242424242,0.0,1.9393939393939394,0.7136969696969697,100.0,0.736,0.7136969696969697,0.007223609427050639,0.04427346966994863,0.3827,4.309627628718666,0.06875977923299953,0.05725954053851602,0.00683534396587721,0.027337816958284907,-0.04105,2.9340154966894016,-0.0174163726146348,-0.016707314898491633,0.005861881820464166,0.04370756918706364,0.0241,1.1148868750333176,-0.0011030222382702258,-0.0012679564250087543,0.004424778761061947,0.07857062614795715,-0.0041,1.9969880578184949,0.004659488910599116,0.004716587310366472,0.23688312364197092,0.2641934977551204,0.0008097560975609756,33.75711409363895,-0.000183003646058493,-0.008725020898363753,0.006951340615690168,0.3573901965395055,0.00040285714285714285,26.282404452882904,0.004523206902204671,0.004480752969962974,0.0592400765468398,0.039756588596981335,0.2666728082364706,0.036837138489239175
jYQJagNWqG,2026,315V9zZ9M9,vzqoOgNqap,105.0,0.0358,0.0047,3,0.0096,0.0088,2,-0.1873,-0.1879,3,0.0279,0.0266,2,0.0101,0.0756,40,0.002,-0.0036,23,3,1,2,1.0047,0.3333,2026-03-08,3,-0.10189999999999999,73,True,0.032731428571428564,2.742857142857143,0.008777142857142857,1.8285714285714287,-0.17124571428571428,2.742857142857143,0.02550857142857143,1.8285714285714287,0.009234285714285714,36.57142857142857,0.0018285714285714288,21.02857142857143,-0.09316571428571428,66.74285714285713,0.9142857142857144,2.742857142857143,0.9185828571428571,66.66666666666666,0.0046999999999999265,0.00429714285714279,0.010796419581442509,0.04683105127852783,0.011933333333333332,4.340911767460641,0.05761178050859892,0.05767519487453606,0.00683534396587721,0.028946694384082813,0.0048,2.929162350980783,-0.016469563241634053,-0.01667967938201476,0.017381864589308817,0.04623404140666874,-0.062433333333333334,1.1964836521229953,-0.0026355369647750155,-0.001360756116248973,0.0022172949002217295,0.08293754561811274,0.01395,1.8358665293657088,0.004383213729837469,0.004336042342382326,0.23244848951122227,0.2757893608978995,0.0002525,32.9729722252956,-0.00460605034295673,-0.008522347939721625,0.004578936890304599,0.37101403992684695,8.695652173913044e-05,21.654642354539472,0.0036835071574211234,0.003691789433403445,0.04196735084649171,0.03914024321233647,0.3419941627970914,0.028959013325398474
jYQJagNWqG,2026,a35ro3dAqL,vzqoOgNqap,101.0,0.1211,0.0912,2,0.013,0.0122,2,0.0005,0.0,0,-0.0004,-0.0016,2,0.0168,0.0798,41,0.0105,0.0051,29,2,0,2,0.0912,0.0,2026-03-14,4,0.1615,76,True,0.1151049504950495,1.900990099009901,0.012356435643564357,1.900990099009901,0.00047524752475247524,0.0,-0.00038019801980198025,1.900990099009901,0.015968316831683167,38.97029702970298,0.009980198019801982,27.56435643564356,0.15350495049504953,72.23762376237624,0.0,1.900990099009901,0.08668514851485148,100.0,0.0912,0.08668514851485148,0.007223609427050639,0.04512752053375302,0.06055,4.305776483979898,0.058678423298727724,0.057208372596111966,0.00683534396587721,0.027874701472863753,0.0065,2.932395995578769,-0.016453670102509897,-0.016698092890269682,0.0,0.044551212499878944,,1.0715576124179291,-0.0012186782263373136,-0.0012186782263373136,0.0022172949002217295,0.08003087967968145,-0.0002,1.841685381378367,0.004339324131763373,0.004349785601114571,0.23688312364197092,0.2680998263788889,0.00040975609756097557,33.57790069903386,-0.003363647297808823,-0.008678700569888438,0.005766553986876119,0.3619965837381058,0.0003620689655172414,24.029549863953374,0.00412322265468198,0.0040966752913648334,0.04610497445851704,0.03905936180209594,0.24906930474128944,0.03933826282818381
jYQJagNWqG,2026,BLMvVGlOMx,vzqoOgNqap,100.0,0.6898,0.6602,1,0.035,0.0342,1,0.001,0.0005,1,0.007,0.0058,2,-0.0088,0.0536,34,0.0074,0.0021,24,1,0,1,0.6602,0.0,2026-03-21,5,0.7313999999999999,63,True,0.6622079999999999,0.96,0.033600000000000005,0.96,0.0009600000000000001,0.96,0.00672,1.92,-0.008448,32.64,0.007104000000000001,23.04,0.7021439999999999,60.480000000000004,0.0,0.96,0.633792,100.0,0.6602,0.633792,0.003624897134080235,0.04470068598514822,0.6898,4.264788537059482,0.06712229668170079,0.05666378934890972,0.0034293925216784442,0.027606333322638656,0.035,2.906703442601915,-0.016146139935184517,-0.016551790468344908,0.005861881820464166,0.04412957699158392,0.001,1.1143948801714307,-0.0012534350993758344,-0.0012673968812019604,0.0022172949002217295,0.0793013319140693,0.0035,1.8431458624154669,0.004357886425903996,0.004353235039031662,0.20471921699935186,0.26615186045015843,-0.00025882352941176474,31.87872840421938,-0.008241866658647458,-0.008239524586388986,0.004777070063694267,0.3597016747647554,0.00030833333333333337,22.38941651838162,0.0038318010213005092,0.003817057329755547,0.04967054243569749,0.038775369781761077,0.13200921204656152,0.07171990292262106
jYQJagNWqG,2026,NWMWkzX7Ml,vzqoOgNqap,101.0,-0.0115,-0.0414,3,0.0265,0.0257,2,0.0005,0.0,0,0.0012,0.0,0,-0.0296,0.0335,28,0.0129,0.0075,19,3,1,2,0.9586,0.0,2026-04-05,6,-1.734723475976807e-18,52,True,-0.01093069306930693,2.8514851485148514,0.02518811881188119,1.900990099009901,0.00047524752475247524,0.0,0.0011405940594059404,0.0,-0.028134653465346535,26.613861386138616,0.01226138613861386,18.05940594059406,-1.648846076175975e-18,49.42574257425743,0.9504950495049505,2.8514851485148514,0.9111445544554456,66.66666666666666,-0.04139999999999999,-0.03935049504950494,0.010796419581442509,0.04512752053375302,-0.003833333333333333,4.348669968843663,0.05697449989236322,0.057778273628634635,0.00683534396587721,0.027874701472863753,0.01325,2.932395995578769,-0.01631837353941079,-0.016698092890269682,0.0,0.044551212499878944,,1.0715576124179291,-0.0012186782263373136,-0.0012186782263373136,0.0,0.08003087967968145,,1.6895474714922398,0.003990458597437615,0.003990458597437615,0.1749113031204952,0.2680998263788889,-0.0010571428571428572,30.26514244833234,-0.012050444820685785,-0.0078224696465808,0.003785614664275752,0.3619965837381058,0.0006789473684210526,20.588790256145636,0.0035497079387546214,0.003510077750061033,0.034927169842121575,0.03953956921294549,0.3608374009182807,0.027488318454680874
jYQJagNWqG,2026,9z5kBzalMA,vzqoOgNqap,103.0,0.6629,0.6324,3,-0.0462,-0.0471,2,0.0015,0.001,1,0.0012,0.0,0,-0.0102,0.0541,40,-0.2321,-0.2376,31,3,1,2,1.6324,0.0,2026-04-11,7,0.3771,77,True,0.6178485436893204,2.796116504854369,-0.04306019417475728,1.8640776699029125,0.0013980582524271844,0.9320388349514562,0.0011184466019417475,0.0,-0.009506796116504854,37.28155339805825,-0.21632621359223303,28.893203883495143,0.35147184466019415,71.76699029126213,0.9320388349514562,2.796116504854369,1.5214601941747574,66.66666666666666,0.6324000000000001,0.5894213592233011,0.010796419581442509,0.045980046376263226,0.22096666666666667,4.344787404827303,0.06746858375125302,0.05772668823638249,0.00683534396587721,0.028410993621519526,-0.0231,2.9307782813277754,-0.017037566288121437,-0.016688881057054204,0.005861881820464166,0.045393368596699575,0.0015,1.1129214975241135,-0.0012485159793702817,-0.0012657212089557458,0.0,0.08148651220296954,,1.6868741641009146,0.0039841446449483805,0.0039841446449483805,0.23244848951122227,0.27196489736136725,-0.000255,33.14709826426554,-0.008540658212820301,-0.008567353366570251,0.006161796859471278,0.36653740149227726,-0.007487096774193548,24.54178018972223,0.0030260121132860856,0.004184002824795366,0.04765200002917546,0.03937288007354603,0.34903913156358873,0.02839110243541553
jYQJagNWqG,2026,9vQ2Gr21MK,vzqoOgNqap,101.0,0.3228,0.2929,4,0.0432,0.0423,4,0.0005,0.0,0,0.0128,0.0115,3,-0.0366,0.0264,35,0.0058,0.0004,24,4,0,4,0.2929,0.0,2026-04-18,8,0.3484999999999999,70,True,0.306819801980198,3.801980198019802,0.04106138613861386,3.801980198019802,0.00047524752475247524,0.0,0.012166336633663368,2.8514851485148514,-0.03478811881188119,33.26732673267327,0.005512871287128712,22.81188118811881,0.33124752475247515,66.53465346534654,0.0,3.801980198019802,0.2784,100.0,0.2929,0.2784,0.014343606244813343,0.04512752053375302,0.0807,4.391563453707428,0.06259461357692678,0.0583481746611573,0.013577878462138824,0.027874701472863753,0.0108,2.9853855270915393,-0.016331232038352406,-0.0169998338968548,0.0,0.044551212499878944,,1.0715576124179291,-0.0012186782263373136,-0.0012186782263373136,0.0033222591362126247,0.08003087967968145,0.004266666666666667,1.9177543363214304,0.004541585213912136,0.004529449102953049,0.2094790648483472,0.2680998263788889,-0.0010457142857142857,32.048935352556235,-0.013568781225370268,-0.008283517066823374,0.004777070063694267,0.3619965837381058,0.00024166666666666664,22.309170060049507,0.003810962537801146,0.0038033765207129335,0.03982846983858008,0.04017897109480779,0.49099255128785074,0.020349840184806192
jYQJagNWqG,2026,EGMPG8njQa,vzqoOgNqap,101.0,-0.5355,-0.5655,2,0.0008,0.0,0,0.0064,0.0059,2,0.0441,0.0429,1,0.0293,0.0924,37,0.0005,-0.0049,26,2,2,0,1.4345,0.5,2026-04-26,10,-0.45439999999999997,68,True,-0.508990099009901,1.900990099009901,0.0007603960396039605,0.0,0.006083168316831684,1.900990099009901,0.041916831683168315,0.9504950495049505,0.02784950495049505,35.16831683168317,0.00047524752475247524,24.712871287128714,-0.43190495049504946,64.63366336633663,1.900990099009901,1.900990099009901,1.3634851485148516,0.0,-0.5654999999999999,-0.5375049504950494,0.007223609427050639,0.04512752053375302,-0.26775,4.305776483979898,0.04846722711149994,0.057208372596111966,0.0,0.027874701472863753,,2.879406464065998,-0.01639635188368456,-0.01639635188368456,0.011655440824251158,0.044551212499878944,0.0032,1.156249026279085,-0.001256545466186131,-0.001314997435714605,0.0011098779134295228,0.08003087967968145,0.0441,1.7656164264353034,0.004251912956442042,0.004170122099276093,0.21882985295635568,0.2680998263788889,0.0007918918918918919,32.55859046804878,-0.0009316734254437769,-0.008415244901178395,0.005173099880620772,0.3619965837381058,1.923076923076923e-05,22.997321981611055,0.0039027017122680607,0.003920696028973694,0.038037271004895574,0.03917259650378419,0.2453442494476208,0.03991169650795327
jYQJagNWqG,2026,NPqxLOygq9,vzqoOgNqap,99.0,1.3369,1.3076,4,-0.0103,-0.0111,4,0.0005,0.0,0,-0.0102,-0.0114,3,-0.0095,0.0523,36,0.0222,0.0168,28,4,0,4,1.3076,0.0,2026-05-02,11,1.3296,75,True,1.2963878787878786,3.878787878787879,-0.009987878787878789,3.878787878787879,0.0004848484848484849,0.0,-0.00989090909090909,2.909090909090909,-0.009212121212121211,34.90909090909091,0.021527272727272728,27.15151515151515,1.2893090909090907,72.72727272727272,0.0,3.878787878787879,1.2679757575757578,100.0,1.3076,1.2679757575757578,0.014343606244813343,0.04427346966994863,0.334225,4.395491327472507,0.07863463962848173,0.058400362057948366,0.013577878462138824,0.027337816958284907,-0.002575,2.9870342932145606,-0.016882709184446978,-0.0170092225503375,0.0,0.04370756918706364,,1.0725037776398014,-0.0012197542962947765,-0.0012197542962947765,0.0033222591362126247,0.07857062614795715,-0.0034000000000000002,1.9207983597356273,0.00449987001648019,0.004536638631278794,0.21418227519501587,0.2641934977551204,-0.00026388888888888886,32.476175922705025,-0.008431673644992723,-0.008393943654026202,0.005568814638027049,0.3573901965395055,0.0007928571428571429,23.856483118796564,0.004149853630164741,0.004067170025446207,0.06075022614939218,0.04038125021401489,0.5114412832982617,0.01955210982360032
jYQJagNWqG,2026,N6MmgzlRqE,vzqoOgNqap,104.0,0.7332,0.7024,6,-0.0017,-0.0025,4,-0.0244,-0.0249,4,-0.0153,-0.0166,1,-0.0089,0.056,27,0.0081,0.0025,20,6,2,4,2.7024,0.6667,2026-05-10,12,0.691,62,True,0.6768,5.538461538461538,-0.0015692307692307694,3.6923076923076925,-0.022523076923076923,3.6923076923076925,-0.014123076923076922,0.9230769230769231,-0.008215384615384616,24.923076923076927,0.007476923076923076,18.461538461538463,0.6378461538461537,57.230769230769226,1.8461538461538463,5.538461538461538,2.494523076923077,66.66666666666666,0.7023999999999999,0.6483692307692307,0.021362203846968835,0.04640573869042975,0.12219999999999999,4.471356920922206,0.0698115555898497,0.059408344509764795,0.013577878462138824,0.028678917864907755,-0.000425,2.9829157878705814,-0.016772352817891117,-0.016985770334161196,0.023042313329041816,0.04581389016751004,-0.0061,1.2393004696874814,-0.0015511682231669087,-0.0014094515131946902,0.0011098779134295228,0.08221260243570114,-0.0153,1.761429236397213,0.004125704169486847,0.004160232582249474,0.16972471267568665,0.27388216495825446,-0.00032962962962962964,29.773219986355898,-0.008054939562874548,-0.007695325076425504,0.00398406374501992,0.3687836577821413,0.000405,20.710182592753075,0.0035501233124018727,0.0035307733098512207,0.05110892246780584,0.041008803478084103,0.6840916577115869,0.01469005643072532
jYQJagNWqG,2026,jYQJJy8kQG,vzqoOgNqap,98.0,0.5042,0.4752,2,-0.039,-0.0398,2,0.0005,0.0,0,-0.0202,-0.0214,2,-0.0095,0.0517,37,0.001,-0.0042,33,2,0,2,0.4752,0.5,2026-05-13,13,0.437,76,True,0.49391020408163266,1.9591836734693877,-0.038204081632653056,1.9591836734693877,0.0004897959183673469,0.0,-0.019787755102040817,1.9591836734693877,-0.009306122448979591,36.244897959183675,0.0009795918367346938,32.326530612244895,0.42808163265306126,74.44897959183673,0.0,1.9591836734693877,0.4655020408163265,100.0,0.4752,0.4655020408163265,0.007223609427050639,0.04384587107573929,0.2521,4.311555785630842,0.06472300647968061,0.05728515884904978,0.00683534396587721,0.027069152256985234,-0.0195,2.9348259182425065,-0.016988878555813634,-0.016711929723499722,0.0,0.043285188593004446,,1.0729774871120652,-0.0012202930442004117,-0.0012202930442004117,0.0022172949002217295,0.07783875962203923,-0.0101,1.8460737846140975,0.004309140385616737,0.004360150353639446,0.21882985295635568,0.2622246548359651,-0.0002567567567567567,32.81994756439866,-0.008470530364226514,-0.008482796473308137,0.0065567256109676135,0.35506196896711517,3.0303030303030302e-05,25.681996128725196,0.004354787223266304,0.004378392419714116,0.046707232124323095,0.039608682381395074,0.26484823106332805,0.037081504374518494
jYQJagNWqG,2026,Vj589JwLq8,vzqoOgNqap,101.0,0.5909,0.5609,9,0.0291,0.0283,7,0.0099,0.0094,3,-0.0019,-0.0031,2,-0.0004,0.0627,40,0.0166,0.0112,31,9,2,7,2.5609,0.0,2026-05-18,14,0.6442,92,True,0.5616475247524753,8.554455445544555,0.02765940594059406,6.653465346534654,0.00940990099009901,2.8514851485148514,-0.0018059405940594059,1.900990099009901,-0.00038019801980198025,38.019801980198025,0.015778217821782178,29.465346534653463,0.6123089108910891,87.44554455445545,1.900990099009901,8.554455445544555,2.434122772277228,77.77777777777779,0.5609000000000002,0.5331326732673269,0.031704665012010046,0.04512752053375302,0.06565555555555555,4.606030878026254,0.06884528370243137,0.06119767982377064,0.023521755654127043,0.027874701472863753,0.0041571428571428575,3.0648698243606955,-0.01674224016939386,-0.017452445406732485,0.017381864589308817,0.044551212499878944,0.0033000000000000004,1.1985947332096631,-0.0012707112518576386,-0.0013631570404032509,0.0022172949002217295,0.08003087967968145,-0.00095,1.841685381378367,0.004336261462060416,0.004349785601114571,0.23244848951122227,0.2680998263788889,-1e-05,33.32307314128759,-0.006688254762557022,-0.008612836652710926,0.006161796859471278,0.3619965837381058,0.000535483870967742,24.717701785514922,0.00426958613551332,0.004213994799625594,0.05274992511619659,0.04233302112466414,1.0882157604102067,0.009285353980484785
jYQJagNWqG,2026,xW5pOJdJMg,vzqoOgNqap,102.0,0.6588,0.6286,4,0.0023,0.0015,3,0.0005,0.0,0,-0.0007,-0.002,2,0.0095,0.0732,35,0.0067,0.0012,31,4,1,3,1.6286,0.0,2026-05-24,15,0.6770999999999999,75,True,0.6200470588235294,3.764705882352941,0.002164705882352941,2.8235294117647056,0.00047058823529411766,0.0,-0.0006588235294117646,1.8823529411764706,0.008941176470588235,32.94117647058823,0.006305882352941177,29.17647058823529,0.637270588235294,70.58823529411765,0.9411764705882353,3.764705882352941,1.5328,75.0,0.6286,0.5916235294117648,0.014343606244813343,0.04555397382726262,0.1647,4.389602148152223,0.06785552722952319,0.05832211592369276,0.010218093855726062,0.028142921531641923,0.0007666666666666667,2.9580743708398898,-0.016649024616136404,-0.016844314579300725,0.0,0.04497247620439232,,1.0710851555627712,-0.0012181409030281492,-0.0012181409030281492,0.0022172949002217295,0.08075927219536061,-0.00035,1.8402272130351027,0.004335276390068804,0.004346341625434651,0.2094790648483472,0.2700374781153283,0.00027142857142857144,31.964088159625984,-0.0047135241244222765,-0.00826158706624837,0.006161796859471278,0.3642751009820834,0.00021612903225806454,24.6294268510643,0.0042058722805141694,0.00419894525667293,0.05381598625651933,0.0405433602572231,0.47822154189585814,0.020881938830541614
jYQJagNWqG,2026,jYQJJyBkQG,vzqoOgNqap,106.0,1.2848,1.2533,5,0.0795,0.0786,5,-0.0127,-0.0132,2,-0.007,-0.0082,3,0.0174,0.0836,35,0.005,-0.0007,33,5,0,5,1.2533,0.2,2026-07-18,16,1.367,83,True,1.1635924528301886,4.528301886792454,0.07200000000000001,4.528301886792454,-0.011501886792452828,1.8113207547169812,-0.006339622641509434,2.716981132075472,0.015758490566037734,31.698113207547166,0.004528301886792452,29.886792452830186,1.2380377358490566,75.16981132075472,0.0,4.528301886792454,1.1350641509433963,100.0,1.2533,1.1350641509433963,0.01786544408219076,0.047255984648415836,0.25695999999999997,4.4245722862592505,0.07804839667810926,0.058786744010637756,0.01691493085882438,0.029214323301186104,0.0159,3.007729819045107,-0.01602844582032523,-0.01712707014433656,0.011655440824251158,0.046653822803158336,-0.00635,1.1537045245249178,-0.0013821984743452702,-0.0013121035839526978,0.0033222591362126247,0.08366134446616015,-0.0023333333333333335,1.9101863218812203,0.004481778318221094,0.004511574584007574,0.2094790648483472,0.2776865643339975,0.0004971428571428571,31.62914484554615,-0.003168629907185182,-0.008175016057630533,0.0065567256109676135,0.37322871560620957,0.00015151515151515152,24.958580398209893,0.004251956631309467,0.0042550609646779,0.06620285742578413,0.04093918977340343,0.5566972533232978,0.017991243221836997
jYQJagNWqG,2026,2lqROejJQr,vzqoOgNqap,99.0,0.9819,0.9525,2,0.0597,0.0589,2,0.005,0.0046,3,0.0234,0.0222,2,-0.1025,-0.0407,35,0.1391,0.1338,32,2,0,2,0.9525,1.0,2026-07-23,17,1.1066,76,True,0.9521454545454544,1.9393939393939394,0.05789090909090909,1.9393939393939394,0.0048484848484848485,2.909090909090909,0.02269090909090909,1.9393939393939394,-0.0993939393939394,33.93939393939394,0.1348848484848485,31.03030303030303,1.0730666666666666,73.69696969696969,0.0,1.9393939393939394,0.9236363636363636,100.0,0.9525,0.9236363636363636,0.007223609427050639,0.04427346966994863,0.49095,4.309627628718666,0.07212971721040713,0.05725954053851602,0.00683534396587721,0.027337816958284907,0.02985,2.9340154966894016,-0.015994472751549794,-0.016707314898491633,0.017381864589308817,0.04370756918706364,0.0016666666666666668,1.1996530698203502,-0.0013058918711140088,-0.0013643606824367107,0.0022172949002217295,0.07857062614795715,0.0117,1.8446086616527597,0.004394883369905409,0.004356689952191115,0.2094790648483472,0.2641934977551204,-0.0029285714285714284,32.219988288518245,-0.02634938160701967,-0.008327728205158692,0.006359300476947536,0.3573901965395055,0.004346875,25.242723881131617,0.004973922610266025,0.004303503136598646,0.03784877696089509,0.039520329841218754,0.26179122893095036,0.037498277311290504
jYQJagNWqG,2026,OlMlWzeDQL,vzqoOgNqap,101.0,-0.175,-0.205,4,-0.1521,-0.1529,3,-0.0148,-0.0154,2,-0.0228,-0.024,3,-0.0052,0.0579,36,0.0208,0.0154,36,4,1,3,0.795,0.25,2026-07-26,18,-0.34909999999999997,84,True,-0.16633663366336632,3.801980198019802,-0.14457029702970298,2.8514851485148514,-0.014067326732673267,1.900990099009901,-0.02167128712871287,2.8514851485148514,-0.004942574257425742,34.21782178217822,0.01977029702970297,34.21782178217822,-0.3318178217821782,79.84158415841584,0.9504950495049505,3.801980198019802,0.7556435643564356,75.0,-0.20499999999999996,-0.1948514851485148,0.014343606244813343,0.04512752053375302,-0.04375,4.391563453707428,0.054755401425878786,0.0583481746611573,0.010218093855726062,0.027874701472863753,-0.0507,2.958890761335154,-0.01820967423609901,-0.01684896339356224,0.011655440824251158,0.044551212499878944,-0.0074,1.156249026279085,-0.0013993973424874062,-0.001314997435714605,0.0033222591362126247,0.08003087967968145,-0.0076,1.9177543363214304,0.004465979395115853,0.004529449102953049,0.21418227519501587,0.2680998263788889,-0.00014444444444444444,32.3037629103025,-0.007560487287125979,-0.008349380984000883,0.007148530579825258,0.3619965837381058,0.0005777777777777778,26.438081589418793,0.004584269251081688,0.0045072935702774935,0.03663609120636393,0.04087157552111011,0.4926783525289851,0.020281621216560568
jYQJagNWqG,2026,4JMA1no1MK,vzqoOgNqap,106.0,0.3867,0.3553,7,-0.0431,-0.0439,5,-0.0844,-0.0849,1,0.0866,0.0853,2,0.007,0.0732,34,0.0052,-0.0005,30,7,2,5,2.3553,0.1429,2026-08-01,19,0.358,79,True,0.3502188679245283,6.339622641509434,-0.03903396226415094,4.528301886792454,-0.07643773584905661,0.9056603773584906,0.07843018867924528,1.8113207547169812,0.006339622641509434,30.79245283018868,0.004709433962264151,27.169811320754718,0.3242264150943396,71.54716981132074,1.8113207547169812,6.339622641509434,2.1331018867924527,71.42857142857143,0.35530000000000017,0.3217811320754719,0.024834152450295324,0.047255984648415836,0.05524285714285714,4.510168032037513,0.0646233860402772,0.05992400539318838,0.01691493085882438,0.029214323301186104,-0.00862,3.007729819045107,-0.017275914108477577,-0.01712707014433656,0.005861881820464166,0.046653822803158336,-0.0844,1.1114520057597932,-0.0018065231562049593,-0.0012640499617953451,0.0022172949002217295,0.08366134446616015,0.0433,1.834417557081679,0.0044991337452562185,0.004332620086419817,0.20471921699935186,0.2776865643339975,0.00020588235294117648,31.377655126904042,-0.005127231230149265,-0.008110014853890504,0.005964214711729622,0.37322871560620957,0.00017333333333333334,23.94452501995906,0.0040825866260078645,0.004082179839743154,0.04899543791670949,0.04183767035932894,0.768819232956959,0.013092336974373328
jYQJagNWqG,2026,vzqoYzJJMa,vzqoOgNqap,108.0,1.0799,1.0479,5,-0.0244,-0.0253,4,-0.0016,-0.0021,1,0.0013,0.0,0,-0.0099,0.0575,29,0.006,0.0002,15,5,1,4,2.0479,0.0,2026-08-16,20,1.0513000000000001,54,True,0.9599111111111112,4.444444444444445,-0.02168888888888889,3.5555555555555554,-0.0014222222222222223,0.8888888888888888,0.0011555555555555555,0.0,-0.0088,25.77777777777778,0.005333333333333334,13.333333333333334,0.9344888888888889,48.0,0.8888888888888888,4.444444444444445,1.8203555555555553,80.0,1.0478999999999998,0.9314666666666664,0.01786544408219076,0.048104715760470984,0.21598,4.420630753070507,0.07474241071358192,0.058734375128950446,0.013577878462138824,0.02974913881707011,-0.0061,2.979629151727878,-0.01698346642094315,-0.016967055073435794,0.005861881820464166,0.04749227801976034,-0.0016,1.1104744985808457,-0.001265950204445794,-0.0012629382467542996,0.0,0.08510551998018141,,1.6802277611899452,0.003968446834685206,0.003968446834685206,0.18003349632311236,0.28145130618479425,-0.00034137931034482763,29.963218173110825,-0.00819170628579158,-0.007744432892499163,0.0029910269192422734,0.3776116065626405,0.0004,18.742264144287446,0.0032081392385693067,0.00319527293931187,0.05547787387565591,0.03992366869025826,0.5255105133273371,0.01903861690295012
jYQJagNWqG,2026,gOMnGzY85w,vzqoOgNqap,103.0,0.8762,0.8456,1,0.0371,0.0363,1,0.0176,0.0171,1,0.0084,0.0072,2,-0.0484,0.0159,48,0.005,-0.0005,38,1,0,1,0.8456,0.0,2026-08-19,21,0.8958999999999999,91,True,0.8166524271844661,0.9320388349514562,0.03457864077669903,0.9320388349514562,0.01640388349514563,0.9320388349514562,0.007829126213592233,1.8640776699029125,-0.04511067961165048,44.737864077669904,0.004660194174757282,35.41747572815534,0.8350135922330095,84.81553398058253,0.0,0.9320388349514562,0.7881320388349515,100.0,0.8456,0.7881320388349515,0.003624897134080235,0.045980046376263226,0.8762,4.259077027116211,0.06991018153009952,0.0565879038053529,0.0034293925216784442,0.028410993621519526,0.0371,2.904298131932961,-0.016111862974590285,-0.01653809378445886,0.005861881820464166,0.045393368596699575,0.0176,1.1129214975241135,-0.001143482569237842,-0.0012657212089557458,0.0022172949002217295,0.08148651220296954,0.0042,1.8387713518967415,0.004350397415167416,0.004342903099027863,0.26654652021192005,0.27196489736136725,-0.0010083333333333333,35.174953032940586,-0.01612207189534199,-0.009091482152770917,0.007542675664946407,0.36653740149227726,0.00013157894736842105,26.933169838293203,0.004583794966616386,0.004591698638524377,0.045466956472713205,0.03862720839671962,0.1259904063467037,0.07488951521936398
jYQJagNWqG,2026,9vQ2Gr4LMK,vzqoOgNqap,104.0,-1.6496,-1.6804,2,0.0008,0.0,0,-0.0215,-0.0221,1,0.0068,0.0055,3,-0.0318,0.0331,30,0.0084,0.0028,30,2,2,0,0.3196,0.0,2026-08-23,22,-1.6869000000000003,66,True,-1.5227076923076923,1.8461538461538463,0.0007384615384615384,0.0,-0.019846153846153847,0.9230769230769231,0.0062769230769230775,2.769230769230769,-0.029353846153846154,27.69230769230769,0.007753846153846153,27.69230769230769,-1.5571384615384618,60.92307692307692,1.8461538461538463,1.8461538461538463,0.2950153846153846,0.0,-1.6804000000000001,-1.5511384615384618,0.007223609427050639,0.04640573869042975,-0.8248,4.300012654988312,0.031099476631601414,0.05713179191948889,0.0,0.028678917864907755,,2.877024398830922,-0.016382787567464665,-0.016382787567464665,0.005861881820464166,0.04581389016751004,-0.0215,1.1124312353774535,-0.0013979476153990196,-0.001265163635759113,0.0033222591362126247,0.08221260243570114,0.0022666666666666664,1.9132063485861996,0.004518102431111789,0.004518707435692843,0.1850924842280916,0.27388216495825446,-0.00106,30.531662904701832,-0.012420977337077433,-0.007891355764784353,0.005964214711729622,0.3687836577821413,0.00028,24.11433943381899,0.0041268814339464645,0.004111130632301327,0.009542747976718549,0.040222323019474926,0.23635080274485445,0.041367562469890956
jYQJagNWqG,2026,eVq36lrX5W,vzqoOgNqap,104.0,0.9669,0.936,6,-0.0897,-0.0905,6,0.0,-0.0005,1,-0.0223,-0.0235,3,-0.0192,0.0457,31,0.0288,0.0232,24,8,0,6,0.936,0.125,2026-08-30,23,0.8645,71,True,0.892523076923077,5.538461538461538,-0.0828,5.538461538461538,0.0,0.9230769230769231,-0.020584615384615385,2.769230769230769,-0.01772307692307692,28.615384615384613,0.02658461538461538,22.153846153846153,0.798,65.53846153846155,0.0,7.384615384615385,0.8640000000000001,75.0,0.936,0.8640000000000001,0.021362203846968835,0.04640573869042975,0.16115,4.471356920922206,0.07353198317062334,0.059408344509764795,0.020229480976184842,0.028678917864907755,-0.01495,3.0358614823904113,-0.017855687221924797,-0.017287261717509463,0.005861881820464166,0.04581389016751004,0.0,1.1124312353774535,-0.0012577473960427444,-0.001265163635759113,0.0033222591362126247,0.08221260243570114,-0.0074333333333333335,1.9132063485861996,0.004456447608582598,0.004518707435692843,0.19008942954436575,0.27388216495825446,-0.0006193548387096774,30.784477210817144,-0.01006855783543523,-0.007956699327570637,0.004777070063694267,0.3687836577821413,0.0012,22.071845329179443,0.0038714670262015695,0.0037629162388312636,0.05267790535200474,0.04118084350344969,0.6897077326318267,0.014572182957817419
jYQJagNWqG,2026,0Oq6oe2gQ6,vzqoOgNqap,94.0,0.1339,0.106,1,0.0262,0.0254,1,0.0005,0.0,0,-0.0074,-0.0085,2,-0.0065,0.0522,29,0.026,0.021,25,1,0,1,0.106,0.0,2026-09-04,24,0.1727,58,True,0.13674893617021275,1.0212765957446808,0.026757446808510638,1.0212765957446808,0.0005106382978723404,0.0,-0.0075574468085106376,2.0425531914893615,-0.006638297872340425,29.617021276595743,0.0265531914893617,25.53191489361702,0.17637446808510637,59.234042553191486,0.0,1.0212765957446808,0.10825531914893617,100.0,0.106,0.10825531914893617,0.003624897134080235,0.04213164362835147,0.1339,4.276257636046312,0.058685802984267,0.05681617266249357,0.0034293925216784442,0.025993007621227308,0.0262,2.9115260360957147,-0.01626079438781157,-0.016579252009778223,0.0,0.04159192842454726,,1.074876517020368,-0.001222452803389831,-0.001222452803389831,0.0022172949002217295,0.07489963042638617,-0.0037,1.8519576247931375,0.004349155108440096,0.004374047104707151,0.18003349632311236,0.25424278015988333,-0.00022413793103448276,31.09780377387852,-0.007845499974169329,-0.008037683170062024,0.004975124378109453,0.34557787060803086,0.00104,23.236216485252285,0.004061942546393162,0.003961423933401816,0.04176815347372953,0.03931225571737246,0.14848206010080736,0.06427459227252137
jYQJagNWqG,2026,odMXVzGeqY,vzqoOgNqap,100.0,-0.2843,-0.3139,7,0.0197,0.0189,5,0.003,0.0025,1,-0.0257,-0.0269,4,0.0482,0.1106,46,0.0123,0.0069,28,7,2,5,1.6861,0.4286,2026-09-09,25,-0.2268,91,True,-0.272928,6.720000000000001,0.018911999999999998,4.800000000000001,0.00288,0.96,-0.024672,3.84,0.046272,44.160000000000004,0.011808,26.880000000000003,-0.217728,87.36,1.92,6.720000000000001,1.618656,71.42857142857143,-0.31390000000000007,-0.30134400000000006,0.024834152450295324,0.04470068598514822,-0.040614285714285714,4.522264488333935,0.0540313182728071,0.060084724042071574,0.01691493085882438,0.027606333322638656,0.00394,3.0127117625608473,-0.01666447435889177,-0.01715543908077125,0.005861881820464166,0.04412957699158392,0.003,1.1143948801714307,-0.0012403701971980439,-0.0012673968812019604,0.004424778761061947,0.0793013319140693,-0.006425,1.9954044196904799,0.004635265930134479,0.0047128469938084614,0.2583092245759804,0.26615186045015843,0.0010478260869565218,34.944797836605204,0.002759321348797834,-0.009031995169010312,0.005568814638027049,0.3597016747647554,0.00043928571428571427,23.770670949478284,0.004088122710108257,0.004052540346749147,0.04760918370575785,0.041395280251645655,0.8698727314174205,0.011589020654470136
jYQJagNWqG,2026,ljqEdkNV5x,vzqoOgNqap,98.0,0.9056,0.8765,4,0.0077,0.0069,3,0.0037,0.0032,2,-0.0562,-0.0574,3,-0.0459,0.0153,21,0.0071,0.0019,10,5,1,3,1.8765,0.0,2026-09-12,26,0.822,43,True,0.8871183673469387,3.9183673469387754,0.007542857142857144,2.9387755102040813,0.0036244897959183675,1.9591836734693877,-0.0550530612244898,2.9387755102040813,-0.04496326530612245,20.57142857142857,0.006955102040816326,9.795918367346939,0.8052244897959182,42.12244897959184,0.9795918367346939,4.8979591836734695,1.8382040816326533,60.0,0.8765000000000001,0.8586122448979593,0.014343606244813343,0.04384587107573929,0.2264,4.397457900391474,0.07186871580357732,0.058426490779841925,0.010218093855726062,0.027069152256985234,0.0025666666666666667,2.9613426388207778,-0.016612952814731307,-0.016862925245260386,0.011655440824251158,0.043285188593004446,0.00185,1.1577811219065228,-0.0012764279669203005,-0.0013167398820004485,0.0033222591362126247,0.07783875962203923,-0.018733333333333334,1.9223239981214013,0.004405518445524635,0.004540241961114632,0.13718215470129144,0.2622246548359651,-0.002185714285714286,28.709977464112516,-0.015010980517281797,-0.007420514463146492,0.001996007984031936,0.35506196896711517,0.00071,17.682232583017132,0.003033595149599922,0.0030145535696312373,0.04640746809976847,0.04038110672018047,0.5203746975537236,0.019222905716833362
jYQJz0RGQG,2026,xW5pOJklMg,zeQZBOzQKw,100.0,-0.2362,-0.2659,3,0.0774,0.0766,2,0.0005,0.0,0,-0.0085,-0.0097,6,-0.0641,-0.0017,26,0.0111,0.0057,15,3,1,2,0.7341,0.0,2026-05-03,11,-0.2198,52,True,-0.226752,2.88,0.074304,1.92,0.00048000000000000007,0.0,-0.00816,5.76,-0.06153600000000001,24.96,0.010656,14.399999999999999,-0.21100799999999997,49.92,0.96,2.88,0.7047359999999999,66.66666666666666,-0.2659,-0.25526400000000005,0.010796419581442509,0.04470068598514822,-0.07873333333333334,4.350613854150966,0.053481836044443544,0.057804100913297005,0.00683534396587721,0.027606333322638656,0.0387,2.933205522591648,-0.01581261946636351,-0.01670270262145149,0.0,0.04412957699158392,,1.0720304862595103,-0.001219216023883485,-0.001219216023883485,0.006622516556291391,0.0793013319140693,-0.0014166666666666668,2.147662976965493,0.005018717349252238,0.005072458948585261,0.16447250288380957,0.26615186045015843,-0.0024653846153846154,29.834682115962163,-0.018540533646806103,-0.007711210864641436,0.0029910269192422734,0.3597016747647554,0.00074,19.281594048414135,0.00332006548385586,0.0032872205415199482,0.02624824974049854,0.0405306508934258,0.3854691888651358,0.025777071109466893
jYQJz0RGQG,2026,4wM4O8ZNQj,zeQZBOzQKw,103.0,0.4904,0.4598,11,0.0262,0.0254,7,0.0139,0.0134,2,0.0203,0.019,1,-0.0356,0.0287,42,0.0057,0.0001,29,12,4,7,4.4598,0.0833,2026-05-24,15,0.5209,92,True,0.4570718446601942,10.252427184466018,0.024419417475728157,6.524271844660194,0.012955339805825243,1.8640776699029125,0.018920388349514563,0.9320388349514562,-0.03318058252427185,39.14563106796116,0.005312621359223301,27.02912621359223,0.4854990291262136,85.74757281553399,3.728155339805825,11.184466019417476,4.156706796116506,58.333333333333336,0.45980000000000043,0.42855145631068,0.03847904275677089,0.045980046376263226,0.04458181818181818,4.687628915671674,0.0679267474792745,0.062281825960500886,0.023521755654127043,0.028410993621519526,0.003742857142857143,3.063179028301847,-0.016762853825890496,-0.01744281742003092,0.011655440824251158,0.045393368596699575,0.00695,1.1552298799055034,-0.0012049452404211485,-0.001313838364582506,0.0011098779134295228,0.08148651220296954,0.0203,1.762822757998828,0.00419862018510176,0.004163523871988121,0.24126680872392986,0.27196489736136725,-0.0008476190476190476,33.6540619564343,-0.01348208834645169,-0.008698385563120418,0.005766553986876119,0.36653740149227726,0.00019655172413793104,23.858526004416237,0.0040711046194393625,0.004067518306587077,0.04474658487105229,0.04305782679134224,1.2711794512429997,0.007959529899406438
jYQJz0RGQG,2026,wvq9kweBMW,zeQZBOzQKw,99.0,-0.184,-0.2133,1,0.0008,0.0,0,0.0499,0.0494,4,0.0148,0.0136,3,-0.0347,0.0271,39,0.0001,-0.0052,33,1,1,0,0.7867,0.0,2026-07-23,17,-0.1531,80,True,-0.17842424242424243,0.9696969696969697,0.0007757575757575757,0.0,0.04838787878787879,3.878787878787879,0.014351515151515153,2.909090909090909,-0.03364848484848485,37.81818181818181,9.696969696969696e-05,32.0,-0.14846060606060607,77.57575757575758,0.9696969696969697,0.9696969696969697,0.762860606060606,0.0,-0.21330000000000005,-0.20683636363636368,0.003624897134080235,0.04427346966994863,-0.184,4.266695779341747,0.053637832187066005,0.05668912977879986,0.0,0.027337816958284907,,2.880996700164243,-0.016405407246645767,-0.016405407246645767,0.023042313329041816,0.04370756918706364,0.012475,1.2420361672138664,-0.001022987249285675,-0.0014125628111506885,0.0033222591362126247,0.07857062614795715,0.004933333333333334,1.9207983597356273,0.0045530482656423055,0.004536638631278794,0.2279620129126287,0.2641934977551204,-0.0008897435897435898,33.24473882526538,-0.013376761120600314,-0.008592590000628732,0.0065567256109676135,0.3573901965395055,3.0303030303030305e-06,25.58928407171538,0.004334490562356636,0.004362586414386755,0.03172021539853319,0.039177794766040226,0.14008161460927449,0.06786743486403812
jYQJz0RGQG,2026,9vQ2GrZmMK,zeQZBOzQKw,99.0,0.223,0.1936,1,-0.0115,-0.0123,1,-0.1774,-0.1779,3,0.0057,0.0045,1,-0.0451,0.0167,29,0.0022,-0.0031,23,1,0,1,0.1936,1.0,2026-07-26,18,-0.003100000000000013,58,True,0.21624242424242424,0.9696969696969697,-0.011151515151515152,0.9696969696969697,-0.17202424242424244,2.909090909090909,0.005527272727272727,0.9696969696969697,-0.04373333333333333,28.12121212121212,0.0021333333333333334,22.303030303030305,-0.003006060606060619,56.24242424242424,0.0,0.9696969696969697,0.1877333333333333,100.0,0.1936,0.1877333333333333,0.003624897134080235,0.04427346966994863,0.223,4.266695779341747,0.05993262984119496,0.05668912977879986,0.0034293925216784442,0.027337816958284907,-0.0115,2.9075060984268224,-0.016614249077933036,-0.0165563610725687,0.017381864589308817,0.04370756918706364,-0.059133333333333336,1.1996530698203502,-0.0025737060697109794,-0.0013643606824367107,0.0011098779134295228,0.07857062614795715,0.0057,1.7684189635698921,0.00418329315636564,0.004176741273103438,0.18003349632311236,0.2641934977551204,-0.0015551724137931036,30.682862483397546,-0.015093375264024678,-0.007930435511953632,0.004578936890304599,0.3573901965395055,9.565217391304348e-05,22.12368216587775,0.0037641728614957646,0.0037717536365056586,0.03359876544738768,0.038786467421449915,0.13305274622444818,0.07119745148780397
jYQJz0RGQG,2026,N6MmgzoxqE,zeQZBOzQKw,100.0,1.157,1.1273,8,-0.1197,-0.1205,7,0.0044,0.004,4,-0.0006,-0.0018,2,0.0043,0.0667,32,0.0038,-0.0015,17,8,1,7,2.1273,0.0,2026-08-02,19,1.0492000000000001,70,True,1.1107200000000002,7.68,-0.11491199999999999,6.720000000000001,0.004224,3.84,-0.0005759999999999999,1.92,0.004128,30.72,0.003648,16.32,1.0072320000000001,67.19999999999999,0.96,7.68,2.042208,87.5,1.1273,1.082208,0.028281553028987088,0.04470068598514822,0.144625,4.565177146879678,0.07761204269880975,0.06065487982426522,0.023521755654127043,0.027606333322638656,-0.0171,3.0657159225403134,-0.018279736359483847,-0.017457263386984417,0.023042313329041816,0.04412957699158392,0.0011,1.2414880619071924,-0.0013479376692676955,-0.0014119394531573873,0.0022172949002217295,0.0793013319140693,-0.0003,1.8431458624154669,0.004342356593803821,0.004353235039031662,0.19502546663613604,0.26615186045015843,0.000134375,31.367716832155075,-0.005704248138230342,-0.0081074461559521,0.0033884791708192145,0.3597016747647554,0.0002235294117647059,19.972221263962464,0.003408551861847079,0.0034049620500167478,0.060031028987478766,0.04143642791721972,0.9881621004493498,0.010215912562753284
jYQJz0RGQG,2026,Oa5wP6dDq1,zeQZBOzQKw,101.0,0.3743,0.3444,3,-0.0286,-0.0295,3,-0.0409,-0.0414,1,-0.0307,-0.0319,4,-0.0133,0.0497,32,0.0046,-0.0008,18,3,0,3,0.3444,0.3333,2026-08-16,20,0.2654,61,True,0.355770297029703,2.8514851485148514,-0.027184158415841583,2.8514851485148514,-0.03887524752475247,0.9504950495049505,-0.029180198019801984,3.801980198019802,-0.01264158415841584,30.415841584158414,0.004372277227722772,17.10891089108911,0.25226138613861393,57.980198019801975,0.0,2.8514851485148514,0.3273504950495049,100.0,0.3444,0.3273504950495049,0.010796419581442509,0.04512752053375302,0.12476666666666668,4.348669968843663,0.06301227832914755,0.057778273628634635,0.010218093855726062,0.027874701472863753,-0.009533333333333333,2.958890761335154,-0.016965032035012952,-0.01684896339356224,0.005861881820464166,0.044551212499878944,-0.0409,1.113903319348507,-0.0015264711747282394,-0.0012668378310259595,0.004424778761061947,0.08003087967968145,-0.007675,1.9938232912644942,0.004620565231493977,0.004709112604791528,0.19502546663613604,0.2680998263788889,-0.000415625,31.284452679317422,-0.0090448022157348,-0.008085925315290841,0.0035870864886408927,0.3619965837381058,0.00025555555555555553,20.24471429536486,0.0034575957882447077,0.003451417995930653,0.04355413392341024,0.03973707768947778,0.37423963703960006,0.026530025674756787
jYQJz0RGQG,2026,7vQ7RXxOqD,zeQZBOzQKw,100.0,-0.6517,-0.6814,5,-0.0117,-0.0125,2,0.0005,0.0,0,0.0012,0.0,0,-0.0331,0.0294,35,-0.2988,-0.3042,26,5,3,2,2.3186,0.0,2026-08-20,21,-0.9936,68,True,-0.625632,4.800000000000001,-0.011231999999999999,1.92,0.00048000000000000007,0.0,0.0011519999999999998,0.0,-0.031776,33.599999999999994,-0.286848,24.96,-0.953856,65.28,2.88,4.800000000000001,2.225856,40.0,-0.6814,-0.654144,0.01786544408219076,0.04470068598514822,-0.13033999999999998,4.4364391712424505,0.0475607320556643,0.05894441247768429,0.00683534396587721,0.027606333322638656,-0.00585,2.933205522591648,-0.016705823295590828,-0.01670270262145149,0.0,0.04412957699158392,,1.0720304862595103,-0.001219216023883485,-0.001219216023883485,0.0,0.0793013319140693,,1.6908873051404538,0.003993623084254863,0.003993623084254863,0.2094790648483472,0.26615186045015843,-0.0009457142857142856,32.13423419025153,-0.012931749856262836,-0.00830556380160743,0.005173099880620772,0.3597016747647554,-0.011492307692307692,23.08004373392995,0.0025423153847121895,0.003934798838252347,0.023239881348894202,0.04064535195324909,0.6113200257294572,0.0164100666656591
jYQJz0RGQG,2026,xW5pOJwRMg,zeQZBOzQKw,99.0,0.484,0.4546,2,-0.018,-0.0188,2,-0.0116,-0.0121,2,0.0046,0.0034,3,-0.0299,0.0319,41,0.0034,-0.0019,26,2,0,2,0.4546,0.5,2026-08-23,22,0.4325,76,True,0.4693333333333333,1.9393939393939394,-0.017454545454545452,1.9393939393939394,-0.011248484848484848,1.9393939393939394,0.004460606060606061,2.909090909090909,-0.02899393939393939,39.75757575757576,0.0032969696969696967,25.212121212121215,0.41939393939393943,73.69696969696969,0.0,1.9393939393939394,0.44082424242424245,100.0,0.4546,0.44082424242424245,0.007223609427050639,0.04427346966994863,0.242,4.309627628718666,0.06437963813903881,0.05725954053851602,0.00683534396587721,0.027337816958284907,-0.009,2.9340154966894016,-0.01677360970050399,-0.016707314898491633,0.011655440824251158,0.04370756918706364,-0.0058,1.157269972426834,-0.001379051397336047,-0.0013161585537227326,0.0033222591362126247,0.07857062614795715,0.0015333333333333334,1.9207983597356273,0.004531351539984162,0.004536638631278794,0.23688312364197092,0.2641934977551204,-0.0007292682926829269,33.75711409363895,-0.012489797764508698,-0.008725020898363753,0.005173099880620772,0.3573901965395055,0.00013076923076923077,23.16336273762904,0.003944244485208491,0.003949003469869988,0.042212775301882735,0.038996688289086694,0.26357961838407185,0.03725332946967003
jYQJz0RGQG,2026,0x5gxzJwq7,zeQZBOzQKw,103.0,0.1833,0.1527,7,-0.0646,-0.0655,6,0.0032,0.0027,1,0.0012,0.0,0,-0.0397,0.0246,38,0.0083,0.0027,24,7,1,6,1.1527,0.0,2026-08-30,23,0.09169999999999999,76,True,0.17084271844660193,6.524271844660194,-0.06020970873786408,5.592233009708738,0.0029825242718446603,0.9320388349514562,0.0011184466019417475,0.0,-0.03700194174757281,35.41747572815534,0.007735922330097087,22.368932038834952,0.08546796116504854,70.83495145631068,0.9320388349514562,6.524271844660194,1.0743611650485438,85.71428571428571,0.15270000000000006,0.14232233009708745,0.024834152450295324,0.045980046376263226,0.026185714285714284,4.516208160249489,0.06145099248959714,0.06000425709844169,0.020229480976184842,0.028410993621519526,-0.010766666666666667,3.036698878907033,-0.01760362675356189,-0.017292030147435578,0.005861881820464166,0.045393368596699575,0.0032,1.1129214975241135,-0.0012374254950705832,-0.0012657212089557458,0.0,0.08148651220296954,,1.6868741641009146,0.0039841446449483805,0.0039841446449483805,0.2234227794155382,0.27196489736136725,-0.0010447368421052632,32.64013457209678,-0.014170250072167418,-0.008436321170020085,0.004777070063694267,0.36653740149227726,0.00034583333333333335,22.150390541151257,0.0037948613250046426,0.0037763070110663536,0.03621869613875027,0.04077063622804502,0.8091728186803391,0.012447547124619797
jYQJz0RGQG,2026,wvq9kwjNMW,zeQZBOzQKw,106.0,-0.0817,-0.1132,4,-0.0454,-0.0462,3,0.0163,0.0157,1,-0.1128,-0.1141,2,-0.0337,0.0325,19,0.0095,0.0039,11,5,1,3,0.8868,0.0,2026-09-05,24,-0.24779999999999996,40,True,-0.07399245283018868,3.6226415094339623,-0.04111698113207547,2.716981132075472,0.014762264150943396,0.9056603773584906,-0.10215849056603774,1.8113207547169812,-0.03052075471698113,17.20754716981132,0.00860377358490566,9.962264150943398,-0.22442264150943392,36.22641509433963,0.9056603773584906,4.528301886792454,0.8031396226415095,60.0,-0.11319999999999997,-0.1025207547169811,0.014343606244813343,0.047255984648415836,-0.020425,4.3817744133701195,0.05609933524890745,0.058218113319362455,0.010218093855726062,0.029214323301186104,-0.015133333333333334,2.954813308914657,-0.01711073197646925,-0.016825744947153307,0.005861881820464166,0.046653822803158336,0.0163,1.1114520057597932,-0.0011504424853019657,-0.0012640499617953451,0.0022172949002217295,0.08366134446616015,-0.0564,1.834417557081679,0.004093609509245036,0.004332620086419817,0.12576024099984584,0.2776865643339975,-0.0017736842105263158,27.605309347272378,-0.012395309302560793,-0.007134996797790065,0.002195170624625823,0.37322871560620957,0.0008636363636363636,17.522174291037114,0.003013927539056815,0.0029872660484897688,0.03255038853287729,0.040313207747533324,0.44149203032340084,0.02257996485120284
jYQJz0RGQG,2026,4JMA1n82MK,zeQZBOzQKw,90.0,-0.5536,-0.5803,6,0.0478,0.047,3,0.0004,0.0,0,-0.0467,-0.0478,5,-0.0156,0.0406,24,-0.2683,-0.2731,20,6,3,3,2.4197,0.1667,2026-09-10,25,-0.836,58,True,-0.5905066666666666,6.4,0.050986666666666666,3.2,0.0004266666666666667,0.0,-0.04981333333333333,5.333333333333333,-0.016640000000000002,25.6,-0.28618666666666664,21.333333333333332,-0.8917333333333333,61.866666666666674,3.2,6.4,2.581013333333334,50.0,-0.5802999999999998,-0.6189866666666665,0.021362203846968835,0.04041125848421013,-0.09226666666666666,4.499464745858781,0.04963619401867369,0.059781796993380834,0.010218093855726062,0.024914479733583333,0.015933333333333334,2.9679008887015863,-0.016244382791819535,-0.01690027022386234,0.0,0.039892663930859155,,1.0767822809163976,-0.0012246202211168074,-0.0012246202211168074,0.0055248618784530384,0.07194170603352526,-0.00934,2.0880925503683923,0.004796765007903603,0.004931762504727739,0.1537661802406755,0.24608630725588898,-0.00065,30.12546541049076,-0.009600068526754444,-0.007786368068975297,0.00398406374501992,0.33581067345276383,-0.013415,21.792024871566735,0.002535708190058964,0.0037152110774274706,0.02989959567694547,0.042517512061581594,0.9228977466298003,0.01093045241296533
kRQa2L2LMK,2026,ljqEdkjz5x,NWMWlBK5lz,110.0,-1.2993,-1.3319,7,0.0504,0.0495,4,0.002,0.0015,1,0.0228,0.0215,4,0.0413,0.11,49,0.034,0.0281,44,7,3,4,1.6681,0.1429,2026-03-22,5,-1.1487999999999998,109,True,-1.1339345454545453,6.1090909090909085,0.04398545454545455,3.4909090909090907,0.0017454545454545455,0.8727272727272727,0.01989818181818182,3.4909090909090907,0.03604363636363636,42.763636363636365,0.029672727272727274,38.400000000000006,-1.0025890909090907,95.12727272727273,2.618181818181818,6.1090909090909085,1.4557963636363636,57.14285714285714,-1.3319,-1.1623854545454546,0.024834152450295324,0.048951936071393795,-0.1856142857142857,4.502139615412948,0.03757888027018694,0.05981733644478295,0.013577878462138824,0.030283365387002038,0.0126,2.977988548122068,-0.01621798507668142,-0.016957712900193427,0.005861881820464166,0.04832925971200161,0.002,1.109498709300019,-0.001241424295384699,-0.0012618284854719797,0.004424778761061947,0.08654515053466595,0.0057,1.9797050946105115,0.004705008912827702,0.004675767534487916,0.27059693373576665,0.28517700738778745,0.0008428571428571429,34.78549283132829,0.0013757539089243073,-0.008990820455544005,0.008723235527359239,0.38193362575782447,0.0007727272727272728,28.278506074384776,0.004969619336945803,0.004821058145805109,0.031169853056818634,0.042103800283866566,0.7193741244798056,0.013979639217369439
kRQa2L2LMK,2026,KAqBrojJqb,NWMWlBK5lz,102.0,-0.6603,-0.6905,6,-0.002,-0.0029,3,0.0005,0.0,0,0.0247,0.0234,2,0.012,0.0757,42,0.0045,-0.0009,25,6,3,3,2.3095,0.0,2026-04-04,6,-0.6206,78,True,-0.6214588235294118,5.647058823529411,-0.0018823529411764706,2.8235294117647056,0.00047058823529411766,0.0,0.023247058823529412,1.8823529411764706,0.011294117647058824,39.529411764705884,0.0042352941176470585,23.52941176470588,-0.5840941176470589,73.41176470588235,2.8235294117647056,5.647058823529411,2.1736470588235295,50.0,-0.6905000000000001,-0.6498823529411766,0.021362203846968835,0.04555397382726262,-0.11005,4.475350804768246,0.047670032858182554,0.059461408944488696,0.010218093855726062,0.028142921531641923,-0.0006666666666666666,2.9580743708398898,-0.016692348379696364,-0.016844314579300725,0.0,0.04497247620439232,,1.0710851555627712,-0.0012181409030281492,-0.0012181409030281492,0.0022172949002217295,0.08075927219536061,0.01235,1.8402272130351027,0.004387096535535646,0.004346341625434651,0.24126680872392986,0.2700374781153283,0.00028571428571428574,33.743158603679916,-0.0042911964295409355,-0.008721413897445318,0.004975124378109453,0.3642751009820834,0.00017999999999999998,22.57234392787136,0.003849312238343396,0.003848243690000029,0.033704755919796145,0.040872124880149185,0.7108237279574653,0.014145419608872072
kRQa2LebMK,2026,NPqxLO0mq9,zeQZkL1MKw,105.0,-0.6127,-0.6439,5,0.0078,0.0069,2,0.0005,0.0,0,-0.3964,-0.3976,7,0.021,0.0866,41,0.0056,0.0,34,6,3,2,2.3561,0.0,2026-02-22,1,-0.9741999999999998,89,True,-0.5601828571428572,4.571428571428571,0.0071314285714285715,1.8285714285714287,0.0004571428571428572,0.0,-0.3624228571428571,6.4,0.019200000000000002,37.48571428571429,0.0051199999999999996,31.08571428571429,-0.8906971428571426,81.37142857142857,2.742857142857143,5.485714285714286,2.1541485714285713,33.33333333333333,-0.6438999999999999,-0.5887085714285714,0.01786544408219076,0.04683105127852783,-0.12254000000000001,4.4265456897985205,0.04807151043733516,0.05881296348704976,0.00683534396587721,0.028946694384082813,0.0039,2.929162350980783,-0.01648758289061482,-0.01667967938201476,0.0,0.04623404140666874,,1.069670281407561,-0.0012165317722581562,-0.0012165317722581562,0.007717750826901874,0.08293754561811274,-0.056628571428571424,2.21500959504851,0.004223086694081674,0.005231521594454786,0.23688312364197092,0.2757893608978995,0.0005121951219512195,33.22512249811654,-0.00252206458983002,-0.008587519873370579,0.006754072308303536,0.37101403992684695,0.00016470588235294116,25.385983556089478,0.004326935884842704,0.0043279267472768135,0.036395353763556536,0.04188868080113787,0.5741407382890448,0.017454175711267568
kRQa2LebMK,2026,NWMWkzEKMl,zeQZkL1MKw,106.0,-0.3468,-0.3783,5,0.0111,0.0102,3,0.0005,0.0,0,0.0013,0.0,0,-0.01,0.0562,38,0.0044,-0.0012,34,5,2,3,1.6217,0.0,2026-03-02,2,-0.33949999999999997,80,True,-0.3140830188679245,4.528301886792454,0.010052830188679246,2.716981132075472,0.0004528301886792453,0.0,0.0011773584905660378,0.0,-0.009056603773584904,34.41509433962264,0.003984905660377359,30.79245283018868,-0.3074716981132075,72.45283018867926,1.8113207547169812,4.528301886792454,1.468709433962264,60.0,-0.3783000000000001,-0.34261132075471706,0.01786544408219076,0.047255984648415836,-0.06936,4.4245722862592505,0.052253796356208734,0.058786744010637756,0.010218093855726062,0.029214323301186104,0.0037,2.954813308914657,-0.016542105435139225,-0.016825744947153307,0.0,0.046653822803158336,,1.0691994869946686,-0.0012159963396379924,-0.0012159963396379924,0.0,0.08366134446616015,,1.6828800274825964,0.003974711091244304,0.003974711091244304,0.2234227794155382,0.2776865643339975,-0.0002631578947368421,32.38361400147249,-0.00840397636007564,-0.008370019668850622,0.006754072308303536,0.37322871560620957,0.00012941176470588237,25.29659885762684,0.004305670454228771,0.004312688006322815,0.03437209976682895,0.04066238215256295,0.5457125913827432,0.0183467451879613
kRQa2LebMK,2026,gpMOglOEMz,zeQZkL1MKw,100.0,0.1322,0.1026,3,-0.1391,-0.14,2,0.0212,0.0207,4,-0.0046,-0.0058,1,-0.0015,0.061,41,0.0101,0.0048,25,3,1,2,1.1026,0.0,2026-03-07,3,0.01830000000000001,76,True,0.126912,2.88,-0.13353600000000002,1.92,0.020352000000000002,3.84,-0.004416,0.96,-0.00144,39.36,0.009696,24.0,0.01756800000000001,72.96000000000001,0.96,2.88,1.058496,66.66666666666666,0.10260000000000002,0.09849600000000003,0.010796419581442509,0.04470068598514822,0.04406666666666667,4.350613854150966,0.05924988130449112,0.057804100913297005,0.00683534396587721,0.027606333322638656,-0.06955,2.933205522591648,-0.017982974449839543,-0.01670270262145149,0.023042313329041816,0.04412957699158392,0.0053,1.2414880619071924,-0.0012277892902174277,-0.0014119394531573873,0.0011098779134295228,0.0793013319140693,-0.0046,1.7670165837779601,0.004159775670581085,0.004173429061643262,0.23688312364197092,0.26615186045015843,-3.6585365853658535e-05,33.66726890644444,-0.00693226563844813,-0.008701799092918093,0.004975124378109453,0.3597016747647554,0.000404,22.734730126155785,0.0039023405361778923,0.003875928084003947,0.041168968132744996,0.03903701689141724,0.37508159474131303,0.026472049358773654
kRQa2LebMK,2026,KAqBroj4qb,zeQZkL1MKw,100.0,-0.4736,-0.5032,5,-0.1157,-0.1165,3,0.0005,0.0,0,0.0026,0.0014,2,0.0077,0.0701,37,0.003,-0.0023,28,5,2,3,1.4968,0.2,2026-03-22,5,-0.5755,75,True,-0.45465600000000006,4.800000000000001,-0.111072,2.88,0.00048000000000000007,0.0,0.002496,1.92,0.007392,35.519999999999996,0.00288,26.880000000000003,-0.55248,72.0,1.92,4.800000000000001,1.436928,60.0,-0.5032000000000001,-0.48307200000000006,0.01786544408219076,0.04470068598514822,-0.09472,4.4364391712424505,0.05038393606617133,0.05894441247768429,0.010218093855726062,0.027606333322638656,-0.038566666666666666,2.959707602581381,-0.01784775807596558,-0.016853614774558077,0.0,0.04412957699158392,,1.0720304862595103,-0.001219216023883485,-0.001219216023883485,0.0022172949002217295,0.0793013319140693,0.0013,1.8431458624154669,0.004348895470477578,0.004353235039031662,0.21882985295635568,0.26615186045015843,0.0002081081081081081,32.64524576231583,-0.0051045610247248616,-0.008437642232044316,0.005568814638027049,0.3597016747647554,0.00010714285714285715,23.770670949478284,0.0040441554786384585,0.004052540346749147,0.034605451890713436,0.04083971483297921,0.6185061123241213,0.016222499989944388
kRQa2LebMK,2026,Oa5wP6Yjq1,zeQZkL1MKw,100.0,-0.39,-0.4197,3,0.0199,0.0191,1,0.0005,0.0,0,0.1891,0.1879,8,0.0239,0.0864,35,0.0119,0.0066,32,3,2,1,1.5803,0.6667,2026-04-04,6,-0.1447,79,True,-0.3744,2.88,0.019104000000000003,0.96,0.00048000000000000007,0.0,0.18153599999999998,7.68,0.022944,33.599999999999994,0.011424,30.72,-0.13891199999999998,75.84,1.92,2.88,1.5170880000000002,33.33333333333333,-0.41969999999999996,-0.40291199999999994,0.010796419581442509,0.04470068598514822,-0.13,4.350613854150966,0.051073786747496436,0.057804100913297005,0.0034293925216784442,0.027606333322638656,0.0199,2.906703442601915,-0.016296660163621336,-0.016551790468344908,0.0,0.04412957699158392,,1.0720304862595103,-0.001219216023883485,-0.001219216023883485,0.00881057268722467,0.0793013319140693,0.0236375,2.299921534240506,0.0058631927039105,0.00543207090336206,0.2094790648483472,0.26615186045015843,0.0006828571428571429,32.13423419025153,-0.001969103808144963,-0.00830556380160743,0.006359300476947536,0.3597016747647554,0.000371875,25.15192538057494,0.004320235439336759,0.004288023363742746,0.041772234895093914,0.04144762488656599,0.3922095977380796,0.02534530119756597
kRQa2LebMK,2026,315V9ze6M9,zeQZkL1MKw,100.0,-0.583,-0.6127,2,0.0008,0.0,0,0.0029,0.0024,1,0.008,0.0068,1,0.0335,0.096,44,-0.0126,-0.018,46,2,2,0,1.3873,0.0,2026-04-11,7,-0.5504,94,True,-0.55968,1.92,0.000768,0.0,0.0027839999999999996,0.96,0.007680000000000001,0.96,0.03216,42.24,-0.012095999999999999,44.160000000000004,-0.528384,90.24,1.92,1.92,1.331808,0.0,-0.6127,-0.588192,0.007223609427050639,0.04470068598514822,-0.2915,4.307701195605223,0.04774985995906633,0.05723394513110336,0.0,0.027606333322638656,,2.8802013626121816,-0.016400878315238322,-0.016400878315238322,0.005861881820464166,0.04412957699158392,0.0029,1.1143948801714307,-0.0012410234423069334,-0.0012673968812019604,0.0011098779134295228,0.0793013319140693,0.008,1.7670165837779601,0.00418448644633647,0.004173429061643262,0.24988480393958798,0.26615186045015843,0.0007613636363636364,34.4337862645409,-0.0001248246610486629,-0.008899916738573424,0.009116131589377725,0.3597016747647554,-0.00027391304347826085,29.986315889413255,0.004990733657529749,0.005112213923220345,0.03915835364433863,0.03995139618095325,0.2515454934571302,0.038966110209345074
kRQa2LebMK,2026,KXMeXzkxQ6,zeQZkL1MKw,104.0,-1.0125,-1.0433,4,0.0225,0.0216,2,0.0005,0.0,0,-0.0211,-0.0224,3,0.0025,0.0674,54,0.0058,0.0002,41,4,2,2,0.9567,0.0,2026-04-18,8,-1.0023,104,True,-0.9346153846153846,3.6923076923076925,0.02076923076923077,1.8461538461538463,0.0004615384615384616,0.0,-0.019476923076923076,2.769230769230769,0.0023076923076923075,49.846153846153854,0.0053538461538461535,37.84615384615385,-0.9252,96.0,1.8461538461538463,3.6923076923076925,0.8831076923076924,50.0,-1.0433,-0.9630461538461538,0.014343606244813343,0.04640573869042975,-0.253125,4.38568478795526,0.04151104844812241,0.058270068214626845,0.00683534396587721,0.028678917864907755,0.01125,2.9299700933507515,-0.01634492843963639,-0.01668427895081293,0.0,0.04581389016751004,,1.0701414906074442,-0.0012170676766139208,-0.0012170676766139208,0.0033222591362126247,0.08221260243570114,-0.007033333333333333,1.9132063485861996,0.004458990075491018,0.004518707435692843,0.2901959937008595,0.27388216495825446,4.6296296296296294e-05,36.59920625146932,-0.006222752555298095,-0.009459601271655155,0.00813330688355485,0.3687836577821413,0.00014146341463414634,27.858911958991506,0.004742947852478551,0.004749523686996445,0.026928237704543573,0.04017735143823412,0.46309821069439333,0.02154918206697279
kRQa2LebMK,2026,NWMWkzV7Ml,zeQZkL1MKw,103.0,0.1718,0.1413,4,0.0619,0.061,4,0.0005,0.0,0,0.0005,-0.0008,2,0.0626,0.1269,42,-0.0024,-0.0079,34,4,0,4,0.1413,0.0,2026-04-23,9,0.2949,86,True,0.16012427184466022,3.728155339805825,0.057693203883495144,3.728155339805825,0.00046601941747572817,0.0,0.00046601941747572817,1.8640776699029125,0.05834563106796116,39.14563106796116,-0.002236893203883495,31.689320388349515,0.2748582524271845,80.15533980582524,0.0,3.728155339805825,0.13169708737864078,100.0,0.1413,0.13169708737864078,0.014343606244813343,0.045980046376263226,0.04295,4.38764259368285,0.060162946258784586,0.05829608045189729,0.013577878462138824,0.028410993621519526,0.015475,2.983738580117404,-0.016132825065100092,-0.01699045560224489,0.0,0.045393368596699575,,1.0706131151427236,-0.0012176040533289855,-0.0012176040533289855,0.0022172949002217295,0.08148651220296954,0.00025,1.8387713518967415,0.00433429287671954,0.004342903099027863,0.24126680872392986,0.27196489736136725,0.0014904761904761905,33.6540619564343,0.00550232875475651,-0.008698385563120418,0.006754072308303536,0.36653740149227726,-7.058823529411764e-05,25.566661467681218,0.004317101315656846,0.004358729602107799,0.0569662400874884,0.04009126793433866,0.47036010800669553,0.021223544931200135
kRQa2LebMK,2026,wvq9kwgZMW,zeQZkL1MKw,99.0,0.1127,0.0833,7,-0.086,-0.0868,6,0.0053,0.0048,2,-0.0136,-0.0148,1,0.0115,0.0733,27,0.0165,0.0112,17,7,1,6,1.0833,0.0,2026-04-25,10,0.0464,60,True,0.10928484848484847,6.787878787878787,-0.0833939393939394,5.818181818181818,0.005139393939393939,1.9393939393939394,-0.013187878787878787,0.9696969696969697,0.011151515151515152,26.18181818181818,0.016,16.484848484848484,0.04499393939393939,58.18181818181819,0.9696969696969697,6.787878787878787,1.0504727272727272,85.71428571428571,0.08329999999999993,0.0807757575757575,0.024834152450295324,0.04427346966994863,0.0161,4.5242868756032655,0.060427718802260486,0.06011159433709686,0.020229480976184842,0.027337816958284907,-0.014333333333333332,3.040053089739719,-0.017842416334500608,-0.017311130202183365,0.011655440824251158,0.04370756918706364,0.00265,1.157269972426834,-0.0012650736426290305,-0.0013161585537227326,0.0011098779134295228,0.07857062614795715,-0.0136,1.7684189635698921,0.004145412483783068,0.004176741273103438,0.16972471267568665,0.2641934977551204,0.0004259259259259259,30.17048721502398,-0.004293461312391962,-0.007798004614218612,0.0033884791708192145,0.3573901965395055,0.0009705882352941177,20.044321022375172,0.0034715968000307348,0.003417253969777001,0.04464377679655269,0.041280296209852595,0.8787731420929147,0.011472991120615093
kRQa2LebMK,2026,Vj589Jy3q8,zeQZkL1MKw,107.0,-0.3532,-0.3849,9,-0.1385,-0.1394,5,0.0005,0.0,0,-0.0217,-0.023,5,0.0166,0.0834,37,0.0193,0.0136,28,9,4,5,3.6151,0.0,2026-05-02,11,-0.47700000000000004,84,True,-0.31688971962616824,8.074766355140186,-0.12426168224299067,4.485981308411215,0.0004485981308411215,0.0,-0.019469158878504672,4.485981308411215,0.014893457943925235,33.19626168224299,0.01731588785046729,25.1214953271028,-0.42796261682243,75.3644859813084,3.5887850467289715,8.074766355140186,3.2434542056074767,55.55555555555556,-0.3849,-0.34533084112149537,0.031704665012010046,0.04768053930704691,-0.03924444444444444,4.59371584795172,0.053383344681198736,0.06103405711096668,0.01691493085882438,0.029481804738224416,-0.027700000000000002,3.00690109658501,-0.018241591941312068,-0.017122351107535315,0.0,0.04707323484510101,,1.068729106821327,-0.0012154613781308284,-0.0012154613781308284,0.0055248618784530384,0.08438400168723158,-0.00434,2.0600979027984154,0.004789364501423225,0.004865643331420827,0.21882985295635568,0.27957385359298004,0.00044864864864864863,32.04816819114926,-0.0033242653384125014,-0.008283318782713846,0.005568814638027049,0.37542785014671104,0.0006892857142857143,23.18684662015349,0.004019996365429525,0.003953007117122138,0.03941138689019609,0.043231576291129656,0.9732237423777594,0.010371093978340745
kRQa2LebMK,2026,0x5gxzorq7,zeQZkL1MKw,104.0,-0.2973,-0.3281,5,-0.0736,-0.0745,3,0.003,0.0025,2,-0.0126,-0.0138,3,0.0243,0.0892,34,0.0036,-0.002,25,5,2,3,1.6719,0.4,2026-05-09,12,-0.3526,72,True,-0.27443076923076926,4.615384615384616,-0.06793846153846154,2.769230769230769,0.002769230769230769,1.8461538461538463,-0.011630769230769231,2.769230769230769,0.02243076923076923,31.384615384615387,0.0033230769230769225,23.076923076923077,-0.3254769230769231,66.46153846153845,1.8461538461538463,4.615384615384616,1.5432923076923077,60.0,-0.32810000000000006,-0.3028615384615385,0.01786544408219076,0.04640573869042975,-0.05946,4.428520854438733,0.053083691755097646,0.05883920636219582,0.010218093855726062,0.028678917864907755,-0.024533333333333334,2.9564429406106667,-0.01740413543477488,-0.016835024642487064,0.011655440824251158,0.04581389016751004,0.0015,1.1547209801474627,-0.0012777648023300733,-0.0013132595949043055,0.0033222591362126247,0.08221260243570114,-0.0042,1.9132063485861996,0.004476999216092329,0.004518707435692843,0.20471921699935186,0.27388216495825446,0.0007147058823529411,31.54292012916308,-0.0018685377921206054,-0.008152730015929487,0.004975124378109453,0.3687836577821413,0.000144,22.412261013286034,0.0038179988049809356,0.003820951971076274,0.04082825174694535,0.04087785151564407,0.5757159989169802,0.017407249334923117
kRQa2LebMK,2026,gOMnGzPm5w,zeQZkL1MKw,105.0,-1.2717,-1.3029,3,0.0009,0.0,0,0.0179,0.0174,1,-0.0044,-0.0057,3,-0.0315,0.0341,31,0.0145,0.0089,19,3,3,0,1.6971,0.0,2026-05-13,13,-1.2743000000000002,57,True,-1.1626971428571429,2.742857142857143,0.0008228571428571428,0.0,0.016365714285714282,0.9142857142857144,-0.004022857142857143,2.742857142857143,-0.028800000000000003,28.34285714285714,0.013257142857142858,17.37142857142857,-1.1650742857142857,52.114285714285714,2.742857142857143,2.742857142857143,1.5516342857142855,0.0,-1.3029,-1.1912228571428571,0.010796419581442509,0.04683105127852783,-0.4239,4.340911767460641,0.037185882663318716,0.05767519487453606,0.0,0.028946694384082813,,2.87623125267846,-0.016378271114656333,-0.016378271114656333,0.005861881820464166,0.04623404140666874,0.0179,1.1119414049793725,-0.0011405201424017763,-0.0012646065535884285,0.0033222591362126247,0.08293754561811274,-0.0014666666666666667,1.911695142502269,0.004490822718593717,0.004515138192796818,0.19008942954436575,0.2757893608978995,-0.0010161290322580644,30.70361976990717,-0.012357858332130552,-0.007935800536881043,0.003785614664275752,0.37101403992684695,0.0007631578947368421,20.29779100852129,0.0035060075390893016,0.003460466773813129,0.015306063331813074,0.040072121636020204,0.340880489224288,0.029050875348314048
kRQa2LebMK,2026,OlMlWznDQL,zeQZkL1MKw,101.0,0.6267,0.5968,4,0.0141,0.0133,4,0.0136,0.0131,1,0.0012,0.0,0,-0.0236,0.0395,34,0.0054,0.0,18,4,0,4,0.5968,0.25,2026-05-17,14,0.6374,61,True,0.5956752475247525,3.801980198019802,0.013401980198019803,3.801980198019802,0.012926732673267327,0.9504950495049505,0.0011405940594059404,0.0,-0.022431683168316834,32.31683168316832,0.005132673267326733,17.10891089108911,0.6058455445544554,57.980198019801975,0.0,3.801980198019802,0.5672554455445544,100.0,0.5968,0.5672554455445544,0.014343606244813343,0.04512752053375302,0.156675,4.391563453707428,0.06738034393591329,0.0583481746611573,0.013577878462138824,0.027874701472863753,0.003525,2.9853855270915393,-0.01662612563180735,-0.0169998338968548,0.005861881820464166,0.044551212499878944,0.0136,1.113903319348507,-0.0011706096305775578,-0.0012668378310259595,0.0,0.08003087967968145,,1.6895474714922398,0.003990458597437615,0.003990458597437615,0.20471921699935186,0.2680998263788889,-0.0006941176470588235,31.794107794809964,-0.011053259588029192,-0.008217653149645864,0.0035870864886408927,0.3619965837381058,0.00030000000000000003,20.24471429536486,0.0034608233234053876,0.003451417995930653,0.04598163100634219,0.039305726376998945,0.4824580748874597,0.020702367691701962
kRQa2LebMK,2026,XVqKw7G0q0,zeQZkL1MKw,111.0,0.3042,0.2712,10,-0.0348,-0.0357,6,0.0028,0.0023,2,-0.0153,-0.0167,5,0.0332,0.1025,40,-0.2526,-0.2586,25,10,4,6,4.2712,0.1,2026-05-24,15,0.03750000000000009,88,True,0.2630918918918919,8.64864864864865,-0.030097297297297293,5.1891891891891895,0.002421621621621622,1.7297297297297298,-0.01323243243243243,4.324324324324325,0.028713513513513512,34.5945945945946,-0.21846486486486486,21.62162162162162,0.032432432432432504,76.10810810810811,3.4594594594594597,8.64864864864865,3.6940108108108114,60.0,0.27120000000000033,0.23455135135135163,0.03510374418555889,0.049374980936494374,0.030420000000000003,4.628245033899669,0.0642764968264964,0.06149282652050297,0.020229480976184842,0.030550258121162507,-0.0058,3.0300126133512233,-0.01726043200245866,-0.01725395620261085,0.011655440824251158,0.0487471991998347,0.0014,1.1511711973053336,-0.0012751785053821936,-0.0013092224409446906,0.0055248618784530384,0.08726326815154181,-0.00306,2.0536196730430887,0.004788826594382333,0.004850342721015078,0.23244848951122227,0.28702540703111823,0.00083,32.46140029156634,-0.0001770019918347483,-0.008390124675599494,0.004975124378109453,0.3840722033630479,-0.010104,21.86941880348384,0.002610509985921424,0.0037284055738030348,0.05296322090712455,0.04311827149616605,1.0046441380993907,0.010049996254390417
kRQa2LebMK,2026,2lqROe7aQr,zeQZkL1MKw,111.0,0.5271,0.4942,6,-0.0738,-0.0747,4,0.0026,0.002,1,0.0571,0.0557,5,-0.0089,0.0604,35,0.006,0.0001,17,6,2,4,2.4942,0.3333,2026-08-19,21,0.5101,68,True,0.4558702702702703,5.1891891891891895,-0.06382702702702703,3.4594594594594597,0.0022486486486486485,0.8648648648648649,0.04938378378378378,4.324324324324325,-0.007697297297297297,30.27027027027027,0.005189189189189189,14.702702702702702,0.44116756756756753,58.81081081081081,1.7297297297297298,5.1891891891891895,2.1571459459459463,66.66666666666666,0.4942000000000002,0.4274162162162164,0.021362203846968835,0.049374980936494374,0.08785,4.457434289038282,0.06632335243457997,0.059223362517481296,0.013577878462138824,0.030550258121162507,-0.01845,2.9771689236281316,-0.017468675394257407,-0.016953045670407434,0.005861881820464166,0.0487471991998347,0.0026,1.109011457456828,-0.0012369785701184341,-0.0012612743358815532,0.0055248618784530384,0.08726326815154181,0.01142,2.0536196730430887,0.00495311616822578,0.004850342721015078,0.2094790648483472,0.28702540703111823,-0.00025428571428571427,31.22020934224259,-0.00804199048371798,-0.008069320683241914,0.0033884791708192145,0.3840722033630479,0.00035294117647058826,19.21205436940437,0.003287242915957557,0.0032753650766285274,0.04781606707066949,0.041065429625593994,0.6081683568784028,0.016493704783095295
kRQa2LebMK,2026,OlMlWzB4QL,zeQZkL1MKw,102.0,-1.5085,-1.5388,2,0.0008,0.0,0,0.0005,0.0,0,-0.0409,-0.0421,3,0.0204,0.0841,28,0.0056,0.0001,12,3,2,0,0.4612,0.0,2026-08-22,22,-1.5221,45,True,-1.4197647058823528,1.8823529411764706,0.0007529411764705882,0.0,0.00047058823529411766,0.0,-0.038494117647058824,2.8235294117647056,0.019200000000000002,26.35294117647059,0.005270588235294117,11.294117647058822,-1.432564705882353,42.35294117647059,1.8823529411764706,2.8235294117647056,0.4340705882352941,0.0,-1.5388,-1.4482823529411766,0.007223609427050639,0.04555397382726262,-0.75425,4.303853491536199,0.03332060926795087,0.05718282290289682,0.0,0.028142921531641923,,2.8786120041623127,-0.01639182794991527,-0.01639182794991527,0.0,0.04497247620439232,,1.0710851555627712,-0.0012181409030281492,-0.0012181409030281492,0.0033222591362126247,0.08075927219536061,-0.013633333333333332,1.9162359398072069,0.00442403382022563,0.004525862877335398,0.1749113031204952,0.2700374781153283,0.0007285714285714286,30.18501771557206,-0.0025905050435528756,-0.007801760235051424,0.0023942537909018356,0.3642751009820834,0.00046666666666666666,18.115330927619986,0.0031012364985844067,0.0030883902955420746,0.020645405690264615,0.03938534698777944,0.24327051778741046,0.040238229234241134
kRQa2LebMK,2026,ljqEdk9V5x,zeQZkL1MKw,102.0,-0.1997,-0.23,4,-0.0094,-0.0102,3,0.0068,0.0063,3,0.0004,-0.0009,4,0.0108,0.0745,39,-0.0052,-0.0107,35,5,1,3,0.77,0.4,2026-08-29,23,-0.19629999999999997,88,True,-0.18795294117647057,3.764705882352941,-0.008847058823529413,2.8235294117647056,0.0063999999999999994,2.8235294117647056,0.0003764705882352941,3.764705882352941,0.010164705882352942,36.705882352941174,-0.004894117647058823,32.94117647058823,-0.18475294117647056,82.82352941176471,0.9411764705882353,4.705882352941177,0.7247058823529412,60.0,-0.22999999999999998,-0.21647058823529408,0.014343606244813343,0.04555397382726262,-0.049925,4.389602148152223,0.05434215242265368,0.05832211592369276,0.010218093855726062,0.028142921531641923,-0.0031333333333333335,2.9580743708398898,-0.016766905554194897,-0.016844314579300725,0.017381864589308817,0.04497247620439232,0.0022666666666666664,1.1980662648457614,-0.001291669766613292,-0.0013625560154271492,0.004424778761061947,0.08075927219536061,0.0001,1.992244666579311,0.004685445369667216,0.004705384129236146,0.2279620129126287,0.2700374781153283,0.00027692307692307695,32.98069984194252,-0.004499114644323749,-0.00852434525550377,0.006951340615690168,0.3642751009820834,-0.00014857142857142857,26.00081546652626,0.004375079893779885,0.004432746301121532,0.04084498772096885,0.04072903050381879,0.48665137739628245,0.020527644546925242
kRQa2LebMK,2026,2lqROeJaQr,zeQZkL1MKw,106.0,0.5271,0.4956,5,-0.0283,-0.0292,3,0.0005,0.0,0,-0.3129,-0.3142,1,0.0297,0.0959,37,0.0058,0.0001,27,5,2,3,2.4956,0.0,2026-09-06,24,0.22190000000000001,73,True,0.4773735849056604,4.528301886792454,-0.02563018867924528,2.716981132075472,0.0004528301886792453,0.0,-0.2833811320754717,0.9056603773584906,0.026898113207547168,33.50943396226415,0.005252830188679245,24.452830188679243,0.2009660377358491,66.11320754716981,1.8113207547169812,4.528301886792454,2.260166037735849,60.0,0.49560000000000004,0.448845283018868,0.01786544408219076,0.047255984648415836,0.10542,4.4245722862592505,0.06606962206184054,0.058786744010637756,0.010218093855726062,0.029214323301186104,-0.009433333333333334,2.954813308914657,-0.01693863438608441,-0.016825744947153307,0.0,0.046653822803158336,,1.0691994869946686,-0.0012159963396379924,-0.0012159963396379924,0.0011098779134295228,0.08366134446616015,-0.3129,1.7586487922821377,0.0035383105691939773,0.00415366558883206,0.21882985295635568,0.2776865643339975,0.0008027027027027027,32.132124282830375,-0.0008434541023469087,-0.008305018465110591,0.0053709966182613885,0.37322871560620957,0.0002148148148148148,22.930469641708225,0.0039147583644248965,0.003909298714808409,0.054524606167390105,0.04050294856237634,0.5477430006172322,0.01827997948585677
kRQa2LebMK,2026,NPqxLOoWq9,zeQZkL1MKw,99.0,0.2139,0.1845,3,-0.0064,-0.0072,2,0.0052,0.0047,2,0.0024,0.0012,1,-0.0135,0.0484,24,0.0002,-0.0051,18,3,1,2,1.1845,0.0,2026-09-10,25,0.20180000000000003,50,True,0.20741818181818183,2.909090909090909,-0.006206060606060606,1.9393939393939394,0.005042424242424242,1.9393939393939394,0.0023272727272727273,0.9696969696969697,-0.01309090909090909,23.272727272727273,0.00019393939393939392,17.454545454545453,0.19568484848484852,48.484848484848484,0.9696969696969697,2.909090909090909,1.1486060606060606,66.66666666666666,0.1845000000000001,0.17890909090909102,0.010796419581442509,0.04427346966994863,0.0713,4.3525594780955865,0.06055612864204372,0.05782995129823219,0.00683534396587721,0.027337816958284907,-0.0032,2.9340154966894016,-0.01665729067080169,-0.016707314898491633,0.011655440824251158,0.04370756918706364,0.0026,1.157269972426834,-0.0012657480672130955,-0.0013161585537227326,0.0011098779134295228,0.07857062614795715,0.0024,1.7684189635698921,0.004176816150172766,0.004176741273103438,0.1537661802406755,0.2641934977551204,-0.0005625,29.401924312463628,-0.008973908620729162,-0.007599358267616082,0.0035870864886408927,0.3573901965395055,1.1111111111111112e-05,20.390881212958934,0.0034646800346887496,0.0034763372475651107,0.04130067746816128,0.0398601980990703,0.38000648691316163,0.026137938394818375
kRQa2LebMK,2026,ljqEdkNV5x,zeQZkL1MKw,98.0,-0.8623,-0.8914,3,-0.089,-0.0898,1,0.0005,0.0,0,-0.1049,-0.1061,1,0.0086,0.0697,33,0.0237,0.0185,33,3,2,1,1.1086,0.0,2026-09-12,26,-1.0233999999999999,71,True,-0.8447020408163265,2.9387755102040813,-0.08718367346938774,0.9795918367346939,0.0004897959183673469,0.0,-0.1027591836734694,0.9795918367346939,0.008424489795918366,32.326530612244895,0.023216326530612244,32.326530612244895,-1.0025142857142855,69.55102040816327,1.9591836734693877,2.9387755102040813,1.0859755102040816,33.33333333333333,-0.8914,-0.8732081632653061,0.010796419581442509,0.04384587107573929,-0.2874333333333333,4.354506843011158,0.043718061912667805,0.05785582481444585,0.0034293925216784442,0.027069152256985234,-0.089,2.9083091976642352,-0.01739180256721026,-0.01656093420173906,0.0,0.043285188593004446,,1.0729774871120652,-0.0012202930442004117,-0.0012202930442004117,0.0011098779134295228,0.07783875962203923,-0.1049,1.769823571106794,0.003969365570409247,0.00418005874616426,0.19990170238138133,0.2622246548359651,0.0002606060606060606,31.792455039327123,-0.004918341643294906,-0.008217225970767726,0.0065567256109676135,0.35506196896711517,0.0007181818181818181,25.681996128725196,0.004470618995990734,0.004378392419714116,0.028627609224362208,0.040415822763617035,0.38680268099901793,0.025690488335744055
kRQaoRPO5K,2026,raMyNnyd5d,lgpMOvnQzy,32.0,0.0095,0.0,0,0.0003,0.0,0,0.0002,0.0,0,0.505,0.5046,3,-0.0032,0.0168,10,0.0022,0.0004,4,0,0,0,0.0,0.0,2026-05-17,14,0.514,17,True,0.028499999999999998,0.0,0.0009,0.0,0.0006000000000000001,0.0,1.5150000000000001,9.0,-0.009600000000000001,30.0,0.0066,12.0,1.542,51.0,0.0,0.0,0.0,,0.0,0.0,0.0,0.014752647881932854,,4.3542290560172345,0.05785213401862543,0.05785213401862543,0.0,0.009003034385595847,,2.9353037854103863,-0.016714650867018708,-0.016714650867018708,0.0,0.01455833272129853,,1.1051953113354858,-0.001256934248020008,-0.001256934248020008,0.0033222591362126247,0.02682284563396122,0.16833333333333333,2.0286710353327946,0.005910027534653577,0.0047914177677212426,0.0703823204324124,0.10398883406831083,-0.00032,31.435974922763123,-0.008261237675606083,-0.008125088459893888,0.0007993605115907274,0.1523750330359774,0.00055,20.496539209717874,0.0035005683626366277,0.0034943503400744614,0.041029907125270826,0.04004122855148852,0.09292769910180163,0.09889926266854988
kRQaoRPO5K,2026,4wM4O8ZNQj,lgpMOvnQzy,103.0,-1.158,-1.1886,3,0.0096,0.0088,1,0.0009,0.0004,1,0.005,0.0038,2,-0.01,0.0543,42,-0.0048,-0.0103,32,3,2,1,0.8114,0.0,2026-05-24,15,-1.1573,81,True,-1.0793009708737864,2.796116504854369,0.00894757281553398,0.9320388349514562,0.0008388349514563105,0.9320388349514562,0.004660194174757282,1.8640776699029125,-0.009320388349514564,39.14563106796116,-0.00447378640776699,29.8252427184466,-1.0786485436893205,75.49514563106796,1.8640776699029125,2.796116504854369,0.7562563106796116,33.33333333333333,-1.1886,-1.107821359223301,0.010796419581442509,0.045980046376263226,-0.38599999999999995,4.344787404827303,0.03899690163266802,0.05772668823638249,0.0034293925216784442,0.028410993621519526,0.0096,2.904298131932961,-0.016385762377685614,-0.01653809378445886,0.005861881820464166,0.045393368596699575,0.0009,1.1129214975241135,-0.001252430267946646,-0.0012657212089557458,0.0022172949002217295,0.08148651220296954,0.0025,1.8387713518967415,0.004343466347987317,0.004342903099027863,0.24126680872392986,0.27196489736136725,-0.0002380952380952381,33.6540619564343,-0.008532993867928983,-0.008698385563120418,0.006359300476947536,0.36653740149227726,-0.00015,24.883407282375224,0.004191531213144306,0.00424224508389951,0.021360712680238404,0.03980963586277484,0.35381011280426217,0.02801898715435825
kRQaonbo5K,2026,aDQ0WDdPqE,mvzqoLZQap,101.0,-1.0931,-1.1231,6,-0.0969,-0.0978,3,0.0005,0.0,0,0.0062,0.0049,3,-0.0005,0.0626,34,0.016,0.0106,27,6,3,3,1.8769,0.1667,2026-02-22,1,-1.1678,73,True,-1.0389861386138615,5.702970297029703,-0.09210297029702971,2.8514851485148514,0.00047524752475247524,0.0,0.005893069306930693,2.8514851485148514,-0.00047524752475247524,32.31683168316832,0.015207920792079208,25.663366336633665,-1.1099881188118812,69.38613861386139,2.8514851485148514,5.702970297029703,1.7839841584158416,50.0,-1.1231,-1.06750099009901,0.021362203846968835,0.04512752053375302,-0.18218333333333334,4.477350423434959,0.04079206214362232,0.05948797672620264,0.010218093855726062,0.027874701472863753,-0.0323,2.958890761335154,-0.017653364523548806,-0.01684896339356224,0.0,0.044551212499878944,,1.0715576124179291,-0.0012186782263373136,-0.0012186782263373136,0.0033222591362126247,0.08003087967968145,0.0020666666666666667,1.9177543363214304,0.004527568404809454,0.004529449102953049,0.20471921699935186,0.2680998263788889,-1.4705882352941177e-05,31.794107794809964,-0.006631060232056729,-0.008217653149645864,0.0053709966182613885,0.3619965837381058,0.0005925925925925926,23.34139794239183,0.004032273977043692,0.003979355783104074,0.023848801543532618,0.04171148684271434,0.7278794281451249,0.01381854380457876
kRQaonbo5K,2026,Xj5YPzZAMb,mvzqoLZQap,102.0,0.6675,0.6373,4,0.0056,0.0048,2,-0.0193,-0.0199,1,-0.0186,-0.0199,1,-0.0124,0.0513,19,0.0036,-0.0019,14,4,2,2,2.6373,0.25,2026-03-01,2,0.6264000000000002,41,True,0.628235294117647,3.764705882352941,0.005270588235294117,1.8823529411764706,-0.01816470588235294,0.9411764705882353,-0.017505882352941177,0.9411764705882353,-0.011670588235294117,17.88235294117647,0.0033882352941176468,13.176470588235295,0.5895529411764707,38.58823529411765,1.8823529411764706,3.764705882352941,2.4821647058823535,50.0,0.6373000000000002,0.5998117647058825,0.014343606244813343,0.04555397382726262,0.166875,4.389602148152223,0.06799247115592945,0.05832211592369276,0.00683534396587721,0.028142921531641923,0.0028,2.9315869152806973,-0.016523272452261484,-0.016693485702838906,0.005861881820464166,0.04497247620439232,-0.0193,1.1134121919904345,-0.0013848216246303334,-0.0012662792738278158,0.0011098779134295228,0.08075927219536061,-0.0186,1.7642184862629986,0.004125775662970057,0.004166820373533903,0.12576024099984584,0.2700374781153283,-0.0006526315789473684,27.897641430359865,-0.00859345510151151,-0.007210554309226777,0.002792181890706023,0.3642751009820834,0.00025714285714285715,18.801025235350966,0.003209840003924838,0.0032052908177663754,0.04882653764442102,0.040523907829099544,0.47324300948505355,0.021096982973080214
kRQaonbo5K,2026,2lqROeZ0Qr,mvzqoLZQap,101.0,0.8803,0.8503,2,0.0618,0.061,2,0.0023,0.0018,1,0.0012,0.0,0,-0.013,0.0501,33,0.0041,-0.0013,19,3,0,2,0.8503,0.3333,2026-03-08,3,0.9366999999999999,57,True,0.8367207920792079,1.900990099009901,0.05874059405940594,1.900990099009901,0.002186138613861386,0.9504950495049505,0.0011405940594059404,0.0,-0.012356435643564357,31.366336633663366,0.0038970297029702976,18.05940594059406,0.8903287128712869,54.17821782178217,0.0,2.8514851485148514,0.8082059405940594,66.66666666666666,0.8503,0.8082059405940594,0.007223609427050639,0.04512752053375302,0.44015,4.305776483979898,0.0704852160878586,0.057208372596111966,0.00683534396587721,0.027874701472863753,0.0309,2.932395995578769,-0.015964598081825716,-0.016698092890269682,0.005861881820464166,0.044551212499878944,0.0023,1.113903319348507,-0.0012443937672546716,-0.0012668378310259595,0.0,0.08003087967968145,,1.6895474714922398,0.003990458597437615,0.003990458597437615,0.19990170238138133,0.2680998263788889,-0.0003939393939393939,31.539280237063693,-0.009005924370672271,-0.008151789232468351,0.003785614664275752,0.3619965837381058,0.00021578947368421054,20.588790256145636,0.003513608844462116,0.003510077750061033,0.051774367310005676,0.03859218898984663,0.24291143477035618,0.04029531441518061
kRQaonbo5K,2026,a35ro3dAqL,mvzqoLZQap,101.0,0.7806,0.7506,4,0.0157,0.0149,3,0.0005,0.0,0,0.001,-0.0002,1,-0.0408,0.0223,27,0.0032,-0.0022,20,4,1,3,1.7506,0.5,2026-03-14,4,0.7601999999999999,55,True,0.7419564356435643,3.801980198019802,0.014922772277227722,2.8514851485148514,0.00047524752475247524,0.0,0.0009504950495049505,0.9504950495049505,-0.03878019801980198,25.663366336633665,0.003041584158415842,19.009900990099013,0.7225663366336632,52.27722772277228,0.9504950495049505,3.801980198019802,1.6639366336633663,75.0,0.7505999999999999,0.7134415841584157,0.014343606244813343,0.04512752053375302,0.19515,4.391563453707428,0.06980391715818383,0.0583481746611573,0.010218093855726062,0.027874701472863753,0.005233333333333333,2.958890761335154,-0.016518573334542406,-0.01684896339356224,0.0,0.044551212499878944,,1.0715576124179291,-0.0012186782263373136,-0.0012186782263373136,0.0011098779134295228,0.08003087967968145,0.001,1.7656164264353034,0.004167453391537091,0.004170122099276093,0.16972471267568665,0.2680998263788889,-0.0015111111111111113,30.01031489058607,-0.01413695051516593,-0.007756605729403289,0.00398406374501992,0.3619965837381058,0.00016,20.93286621692641,0.0035678630862253447,0.0035687375041914132,0.04566503155990063,0.040262786915321966,0.4836243136440969,0.020653475923115595
kRQaonbo5K,2026,e7Mzyo96Qr,mvzqoLZQap,101.0,0.2945,0.2646,6,-0.1729,-0.1737,4,0.0036,0.0031,2,0.0012,0.0,0,0.0106,0.0737,42,0.007,0.0016,34,7,2,4,2.2646,0.2857,2026-03-21,5,0.144,88,True,0.27992079207920795,5.702970297029703,-0.16434059405940593,3.801980198019802,0.003421782178217822,1.900990099009901,0.0011405940594059404,0.0,0.010075247524752475,39.92079207920792,0.006653465346534654,32.31683168316832,0.13687128712871288,83.64356435643565,1.900990099009901,6.653465346534654,2.152491089108911,57.14285714285714,0.26460000000000017,0.25150099009901006,0.021362203846968835,0.04512752053375302,0.04908333333333333,4.477350423434959,0.06291181049651716,0.05948797672620264,0.013577878462138824,0.027874701472863753,-0.043225,2.9853855270915393,-0.01852114631827041,-0.0169998338968548,0.011655440824251158,0.044551212499878944,0.0018,1.156249026279085,-0.0012754126951315824,-0.001314997435714605,0.0,0.08003087967968145,,1.6895474714922398,0.003990458597437615,0.003990458597437615,0.24126680872392986,0.2680998263788889,0.0002523809523809524,33.83272825678013,-0.004574677691125816,-0.008744564487065946,0.006754072308303536,0.3619965837381058,0.00020588235294117648,25.749929667857245,0.004396130277663621,0.004389974062016733,0.046927162667090586,0.04080901356602164,0.7225255323672115,0.01391951357255004
kRQaonbo5K,2026,vzqoYzrkMa,mvzqoLZQap,108.0,0.7574,0.7254,4,-0.1509,-0.1518,3,0.0377,0.0372,2,-0.0073,-0.0086,3,-0.0783,-0.0108,29,0.0033,-0.0025,18,4,1,3,1.7254,0.0,2026-04-04,6,0.5618999999999998,59,True,0.6732444444444444,3.5555555555555554,-0.13413333333333333,2.6666666666666665,0.03351111111111111,1.7777777777777777,-0.006488888888888889,2.6666666666666665,-0.0696,25.77777777777778,0.002933333333333333,16.0,0.49946666666666656,52.44444444444444,0.8888888888888888,3.5555555555555554,1.5336888888888889,75.0,0.7254,0.6448,0.014343606244813343,0.048104715760470984,0.18935,4.377871005727866,0.06922206779166945,0.05816625098985618,0.010218093855726062,0.02974913881707011,-0.050300000000000004,2.953185472779371,-0.018162492246244548,-0.016816475476373056,0.011655440824251158,0.04749227801976034,0.01885,1.1526898568206327,-0.00104241811721192,-0.0013109496063934422,0.0033222591362126247,0.08510551998018141,-0.0024333333333333334,1.907175814470429,0.004474081296212063,0.004504464215472364,0.18003349632311236,0.28145130618479425,-0.0026999999999999997,29.963218173110825,-0.0209150094695757,-0.007744432892499163,0.0035870864886408927,0.3776116065626405,0.00018333333333333334,19.749228428454487,0.0033678553513126147,0.0033669451398145598,0.03694408460616196,0.04016580236987744,0.4292806996988044,0.023207368822089725
kRQaonbo5K,2026,OlMlWz9gQL,mvzqoLZQap,109.0,-0.163,-0.1953,1,0.0009,0.0,0,0.0005,0.0,0,0.0013,0.0,0,-0.0135,0.0546,25,-0.0843,-0.0902,21,1,1,0,0.8047,0.0,2026-04-12,7,-0.2581,47,True,-0.14355963302752295,0.8807339449541285,0.0007926605504587157,0.0,0.00044036697247706424,0.0,0.001144954128440367,0.0,-0.011889908256880735,22.018348623853214,-0.07424587155963303,18.4954128440367,-0.2273174311926605,41.39449541284404,0.8807339449541285,0.8807339449541285,0.7087266055045871,0.0,-0.19530000000000003,-0.1720073394495413,0.003624897134080235,0.04852851451383677,-0.163,4.247699778602856,0.053722375091046264,0.05643674085611662,0.0,0.030016325659461298,,2.873063036386632,-0.016360230178160316,-0.016360230178160316,0.0,0.04791095281354319,,1.0677895870083476,-0.0012143928659705658,-0.0012143928659705658,0.0,0.08582590203536375,,1.6789047606098626,0.00396532210505891,0.00396532210505891,0.15915342051963938,0.2833189988135143,-0.00054,28.887221434409668,-0.008760684535144869,-0.007466325765044571,0.0041824337781318464,0.3797801455963757,-0.004014285714285714,20.68387353931487,0.003164267980241922,0.0035262880136317865,0.03451665759707134,0.03888740216563186,0.10418009810696653,0.08916975513560566
kRQaonbo5K,2026,aDQ0WDPpqE,mvzqoLZQap,105.0,-0.6236,-0.6547,3,0.0032,0.0023,1,0.0005,0.0,0,-0.0065,-0.0077,2,-0.0071,0.0584,37,0.001,-0.0046,41,3,2,1,1.3453,0.3333,2026-04-18,8,-0.6325000000000001,84,True,-0.5701485714285714,2.742857142857143,0.002925714285714286,0.9142857142857144,0.0004571428571428572,0.0,-0.005942857142857143,1.8285714285714287,-0.006491428571428572,33.82857142857143,0.0009142857142857144,37.48571428571429,-0.5782857142857143,76.80000000000001,1.8285714285714287,2.742857142857143,1.2299885714285714,33.33333333333333,-0.6547000000000001,-0.5985828571428572,0.010796419581442509,0.04683105127852783,-0.20786666666666667,4.340911767460641,0.047310566711904645,0.05767519487453606,0.0034293925216784442,0.028946694384082813,0.0032,2.9026968018296215,-0.016440436546772234,-0.016528975248335548,0.0,0.04623404140666874,,1.069670281407561,-0.0012165317722581562,-0.0012165317722581562,0.0022172949002217295,0.08293754561811274,-0.00325,1.8358665293657088,0.004313198420957003,0.004336042342382326,0.21882985295635568,0.2757893608978995,-0.0001918918918918919,32.21652140683279,-0.007857498366248473,-0.008326832138774764,0.00813330688355485,0.37101403992684695,2.4390243902439026e-05,27.760473411621298,0.004699755501132902,0.0047327414015598665,0.03080905394871569,0.04067163945910979,0.34041170301880197,0.029089717981591844
kRQaonbo5K,2026,e7MzyolXQr,mvzqoLZQap,104.0,-0.5074,-0.5382,1,0.0008,0.0,0,0.0005,0.0,0,0.0013,0.0,0,-0.0277,0.0372,25,0.0038,-0.0018,23,1,1,0,0.4618,0.0,2026-04-23,9,-0.5287,49,True,-0.46836923076923076,0.9230769230769231,0.0007384615384615384,0.0,0.0004615384615384616,0.0,0.0012,0.0,-0.025569230769230768,23.076923076923077,0.0035076923076923076,21.23076923076923,-0.48803076923076916,45.230769230769226,0.9230769230769231,0.9230769230769231,0.42627692307692305,0.0,-0.5382,-0.4968,0.003624897134080235,0.04640573869042975,-0.5074,4.257176588504838,0.04852751084150318,0.05656265377191991,0.0,0.028678917864907755,,2.877024398830922,-0.016382787567464665,-0.016382787567464665,0.0,0.04581389016751004,,1.0701414906074442,-0.0012170676766139208,-0.0012170676766139208,0.0,0.08221260243570114,,1.6855406803027195,0.00398099515552779,0.00398099515552779,0.15915342051963938,0.27388216495825446,-0.001108,29.267591374125274,-0.011521805249521963,-0.007564637950852937,0.004578936890304599,0.3687836577821413,0.00016521739130434784,21.73142964507285,0.0037043563538886205,0.003704880506586253,0.027091201857319037,0.03908403623910242,0.1146132386948094,0.08171600441994843
kRQaonbo5K,2026,vzqoYz7jMa,mvzqoLZQap,107.0,0.1075,0.0758,2,-0.0405,-0.0414,2,0.002,0.0014,1,0.0021,0.0008,1,0.0176,0.0844,57,0.0061,0.0003,47,2,0,2,0.0758,0.0,2026-04-25,10,0.09480000000000001,110,True,0.09644859813084111,1.7943925233644857,-0.036336448598130844,1.7943925233644857,0.001794392523364486,0.8971962616822429,0.0018841121495327103,0.8971962616822429,0.015790654205607477,51.140186915887845,0.005472897196261682,42.16822429906542,0.08505420560747665,98.69158878504672,0.0,1.7943925233644857,0.06800747663551401,100.0,0.0758,0.06800747663551401,0.007223609427050639,0.04768053930704691,0.05375,4.294264236602789,0.058310599663540574,0.057055415994714136,0.00683534396587721,0.029481804738224416,-0.02025,2.9275482015886674,-0.016961758008260004,-0.016670487848357996,0.005861881820464166,0.04707323484510101,0.002,1.110963037149642,-0.0012430627399846726,-0.001263493859732658,0.0011098779134295228,0.08438400168723158,0.0021,1.7572618593601266,0.0041498791613956984,0.004150389860569853,0.3014578893640755,0.27957385359298004,0.0003087719298245614,37.064820517303666,-0.0032419379967420095,-0.009579946102931667,0.009312462849217357,0.37542785014671104,0.0001297872340425532,29.586663430131072,0.005032866004507204,0.005044079215564812,0.04604658608445679,0.038735957259826474,0.2218319799556609,0.04395604382274889
kRQaonbo5K,2026,KXMeXz7xQ6,mvzqoLZQap,101.0,0.2427,0.2127,7,0.0923,0.0915,4,0.0005,0.0,0,-0.0125,-0.0137,2,0.0143,0.0774,48,0.0088,0.0034,40,7,3,4,3.2127,0.4286,2026-05-02,11,0.3460999999999999,101,True,0.23068514851485147,6.653465346534654,0.08773069306930692,3.801980198019802,0.00047524752475247524,0.0,-0.011881188118811881,1.900990099009901,0.013592079207920792,45.62376237623762,0.008364356435643564,38.019801980198025,0.32896633663366326,96.0,2.8514851485148514,6.653465346534654,3.053655445544554,57.14285714285714,0.2126999999999999,0.20217029702970285,0.024834152450295324,0.04512752053375302,0.03467142857142857,4.520243908298724,0.06245848193385028,0.06005787775872531,0.013577878462138824,0.027874701472863753,0.023075,2.9853855270915393,-0.015833662435650073,-0.0169998338968548,0.0,0.044551212499878944,,1.0715576124179291,-0.0012186782263373136,-0.0012186782263373136,0.0022172949002217295,0.08003087967968145,-0.00625,1.841685381378367,0.004314618596159517,0.004349785601114571,0.26654652021192005,0.2680998263788889,0.00029791666666666665,35.36169360325775,-0.0038955555882455514,-0.009139747990131009,0.007936507936507936,0.3619965837381058,0.00022,27.81438543254189,0.00475286300115108,0.004741932586799014,0.05057806728092794,0.041791335833315776,0.8463073052416004,0.011907874297859642
kRQaonbo5K,2026,KAqBroVJqb,mvzqoLZQap,98.0,-0.6141,-0.6432,6,0.0546,0.0538,3,0.0005,0.0,0,0.0007,-0.0005,4,0.0296,0.0908,42,0.0033,-0.0019,33,6,3,3,2.3568,0.3333,2026-05-10,12,-0.5254000000000001,88,True,-0.6015673469387754,5.877551020408163,0.05348571428571429,2.9387755102040813,0.0004897959183673469,0.0,0.0006857142857142857,3.9183673469387754,0.02899591836734694,41.14285714285714,0.0032326530612244893,32.326530612244895,-0.5146775510204082,86.20408163265306,2.9387755102040813,5.877551020408163,2.3087020408163266,50.0,-0.6432000000000002,-0.6300734693877553,0.021362203846968835,0.04384587107573929,-0.10235,4.4833600151521065,0.048492807724043435,0.05956782271063407,0.010218093855726062,0.027069152256985234,0.0182,2.9613426388207778,-0.01613989945061392,-0.016862925245260386,0.0,0.043285188593004446,,1.0729774871120652,-0.0012202930442004117,-0.0012202930442004117,0.004424778761061947,0.07783875962203923,0.000175,1.998574211628705,0.004700994705397098,0.004720333568589819,0.24126680872392986,0.2622246548359651,0.0007047619047619048,34.104313220738085,-0.0008891014230301028,-0.008814759601483653,0.0065567256109676135,0.35506196896711517,0.0001,25.681996128725196,0.004366523482176708,0.004378392419714116,0.0393110319937728,0.041768570807993566,0.7770023672036674,0.01295623923344877
kRQaonbo5K,2026,Oa5wP6O4q1,mvzqoLZQap,108.0,-0.3737,-0.4057,5,0.0436,0.0427,2,0.0005,0.0,0,-0.0009,-0.0022,1,0.0027,0.0701,48,0.0078,0.002,43,6,3,2,2.5943,0.1667,2026-05-13,13,-0.32,99,True,-0.3321777777777778,4.444444444444445,0.03875555555555556,1.7777777777777777,0.00044444444444444447,0.0,-0.0008,0.8888888888888888,0.0024000000000000002,42.666666666666664,0.006933333333333333,38.22222222222222,-0.28444444444444444,88.0,2.6666666666666665,5.333333333333333,2.306044444444445,33.33333333333333,-0.40569999999999995,-0.3606222222222222,0.01786544408219076,0.048104715760470984,-0.07474,4.420630753070507,0.05178235346805423,0.058734375128950446,0.00683534396587721,0.02974913881707011,0.0218,2.9267417938308644,-0.016115863494924634,-0.016665895879310322,0.0,0.04749227801976034,,1.0682591403410586,-0.0012149268871151572,-0.0012149268871151572,0.0011098779134295228,0.08510551998018141,-0.0009,1.7558771122834398,0.004140762570534714,0.004147119294947592,0.26654652021192005,0.28145130618479425,5.6250000000000005e-05,34.71661801089846,-0.00606077717847389,-0.00897301874874068,0.008526670632559984,0.3776116065626405,0.0001813953488372093,28.14059746317983,0.004800164726068681,0.004797546810670311,0.03733171320414395,0.04082519971940218,0.5282938320036696,0.018940211654122945
kRQaonbo5K,2026,Pk5L3D7YMO,mvzqoLZQap,97.0,-0.267,-0.2958,5,0.0593,0.0585,4,-0.0002,-0.0007,1,0.0168,0.0156,2,0.0088,0.0693,45,-0.0139,-0.0191,37,5,1,4,0.7042,0.2,2026-05-16,14,-0.1962,94,True,-0.26424742268041235,4.948453608247423,0.058688659793814435,3.9587628865979383,-0.00019793814432989693,0.9896907216494846,0.01662680412371134,1.9793814432989691,0.008709278350515465,44.5360824742268,-0.013756701030927835,36.618556701030926,-0.19417731958762885,93.03092783505154,0.9896907216494846,4.948453608247423,0.6969402061855671,80.0,-0.29579999999999995,-0.2927505154639175,0.01786544408219076,0.04341788968918779,-0.0534,4.442396516393475,0.05373097046267411,0.059023564292078626,0.013577878462138824,0.02680033909578664,0.014825,2.9886848815021665,-0.01618594630323533,-0.01701862157986543,0.005861881820464166,0.04286243471522076,-0.0002,1.1158721691755027,-0.0012629460389163261,-0.0012690769961322325,0.0022172949002217295,0.07710572956823622,0.0084,1.8475412368408963,0.004388351799996797,0.004363616256464648,0.254120801152466,0.2602452473392331,0.00019555555555555556,34.96849999046143,-0.005003596381665979,-0.009038121338064874,0.007345642247369466,0.352716809332854,-0.00037567567567567563,27.171704649504974,0.004523355054497438,0.004632365220826343,0.040190188593350704,0.040693725855307075,0.6603767907590831,0.015209569138318734
kRQaonbo5K,2026,BLMvVGkWMx,mvzqoLZQap,99.0,0.3099,0.2805,2,0.0236,0.0228,2,0.0028,0.0023,1,-0.0021,-0.0033,2,0.0369,0.0987,44,0.0042,-0.0011,37,2,0,2,0.2805,0.0,2026-05-24,15,0.3753,88,True,0.30050909090909095,1.9393939393939394,0.022884848484848484,1.9393939393939394,0.002715151515151515,0.9696969696969697,-0.0020363636363636365,1.9393939393939394,0.03578181818181818,42.666666666666664,0.004072727272727273,35.87878787878788,0.36392727272727277,85.33333333333333,0.0,1.9393939393939394,0.272,100.0,0.2805,0.272,0.007223609427050639,0.04427346966994863,0.15495,4.309627628718666,0.06166967877706807,0.05725954053851602,0.00683534396587721,0.027337816958284907,0.0118,2.9340154966894016,-0.0163564655939854,-0.016707314898491633,0.005861881820464166,0.04370756918706364,0.0028,1.1148868750333176,-0.0012422248759988855,-0.0012679564250087543,0.0022172949002217295,0.07857062614795715,-0.00105,1.8446086616527597,0.004342735342330969,0.004356689952191115,0.24988480393958798,0.2641934977551204,0.0008386363636363637,34.525676996199294,0.0005415082040354682,-0.008923667244966283,0.007345642247369466,0.3573901965395055,0.00011351351351351351,26.975524834050432,0.004587630500694656,0.004598919525539194,0.05354286235414487,0.03931621144777967,0.2608825105819398,0.03762397880610342
kRQaonbo5K,2026,KAqBroeBqb,mvzqoLZQap,104.0,0.2412,0.2104,5,0.0171,0.0163,3,0.0005,0.0,0,0.0022,0.0009,2,-0.0231,0.0418,56,-0.0005,-0.006,59,5,2,3,2.2104,0.2,2026-07-22,17,0.23739999999999994,125,True,0.22264615384615383,4.615384615384616,0.015784615384615383,2.769230769230769,0.0004615384615384616,0.0,0.002030769230769231,1.8461538461538463,-0.02132307692307692,51.69230769230769,-0.0004615384615384616,54.46153846153846,0.2191384615384615,115.38461538461539,1.8461538461538463,4.615384615384616,2.040369230769231,60.0,0.21039999999999992,0.1942153846153845,0.01786544408219076,0.04640573869042975,0.04824,4.428520854438733,0.061604645610303516,0.05883920636219582,0.010218093855726062,0.028678917864907755,0.0057,2.9564429406106667,-0.016490810275382996,-0.016835024642487064,0.0,0.04581389016751004,,1.0701414906074442,-0.0012170676766139208,-0.0012170676766139208,0.0022172949002217295,0.08221260243570114,0.0011,1.8373177924917063,0.004334329387159119,0.004339470008971159,0.29774384271551574,0.27388216495825446,-0.0004125,37.104834863699935,-0.011292030224789711,-0.00959028839722772,0.011662383870330105,0.3687836577821413,-8.47457627118644e-06,33.98639427291016,0.005723234066000541,0.005794166867406639,0.042662300886676545,0.041330462522244905,0.5749691815024938,0.017429465226940888
kRQaonbo5K,2026,gjMNWrjD5K,mvzqoLZQap,102.0,0.1523,0.1221,5,0.0154,0.0145,4,0.004,0.0035,2,0.0135,0.0123,2,-0.0015,0.0622,37,0.0059,0.0005,20,5,1,4,1.1221,0.2,2026-07-25,18,0.1896,70,True,0.14334117647058822,4.705882352941177,0.014494117647058824,3.764705882352941,0.0037647058823529413,1.8823529411764706,0.012705882352941174,1.8823529411764706,-0.001411764705882353,34.8235294117647,0.005552941176470588,18.823529411764707,0.1784470588235294,65.88235294117646,0.9411764705882353,4.705882352941177,1.0560941176470588,80.0,0.1221000000000001,0.11491764705882362,0.01786544408219076,0.04555397382726262,0.030459999999999997,4.432476476460234,0.06025170631839008,0.05889176243409072,0.013577878462138824,0.028142921531641923,0.00385,2.9845618263990823,-0.016608367995168485,-0.016995143455762547,0.011655440824251158,0.04497247620439232,0.002,1.155739228418098,-0.0012721562271819898,-0.0013144176446274825,0.0022172949002217295,0.08075927219536061,0.00675,1.8402272130351027,0.004364246707613259,0.004346341625434651,0.21882985295635568,0.2700374781153283,-4.054054054054054e-05,32.47239400078425,-0.0068444128210103415,-0.00839296616087607,0.00398406374501992,0.3642751009820834,0.000295,20.858108158543907,0.0035663395936915924,0.0035559923844392773,0.04345735557633411,0.04009156918269856,0.5962506373295712,0.01681783275721162
kRQaonbo5K,2026,4wM4O8JNQj,mvzqoLZQap,106.0,-0.8576,-0.889,4,0.006,0.0051,2,0.0005,0.0,0,0.1647,0.1635,3,-0.0148,0.0514,22,-0.0037,-0.0094,13,4,2,2,1.111,0.5,2026-08-02,19,-0.7049000000000002,44,True,-0.7766943396226416,3.6226415094339623,0.005433962264150943,1.8113207547169812,0.0004528301886792453,0.0,0.1491622641509434,2.716981132075472,-0.013403773584905663,19.924528301886795,-0.0033509433962264157,11.773584905660378,-0.6384000000000001,39.84905660377359,1.8113207547169812,3.6226415094339623,1.006188679245283,50.0,-0.889,-0.8051320754716982,0.014343606244813343,0.047255984648415836,-0.2144,4.3817744133701195,0.04390791982331651,0.058218113319362455,0.00683534396587721,0.029214323301186104,0.003,2.928355053849432,-0.016501053482908108,-0.01667508234856168,0.0,0.046653822803158336,,1.0691994869946686,-0.0012159963396379924,-0.0012159963396379924,0.0033222591362126247,0.08366134446616015,0.054900000000000004,1.9101863218812203,0.004844988718516781,0.004511574584007574,0.1427819177286672,0.2776865643339975,-0.0006727272727272728,28.35977850319871,-0.009007458925636803,-0.007330000409010153,0.002593257530420906,0.37322871560620957,-0.0002846153846153846,18.198211209871005,0.003081042744348987,0.0031025201317795995,0.025109442537999377,0.0406111289379398,0.44275991377495194,0.0225167609886363
kRQaonbo5K,2026,NWMWkzoEMl,mvzqoLZQap,105.0,-0.4625,-0.4937,6,0.0133,0.0124,3,0.0005,0.0,0,0.0085,0.0072,3,-0.1782,-0.1126,36,0.0084,0.0028,32,7,3,3,2.5063,0.0,2026-08-15,20,-0.6100000000000001,80,True,-0.42285714285714293,5.485714285714286,0.01216,2.742857142857143,0.0004571428571428572,0.0,0.007771428571428572,2.742857142857143,-0.16292571428571428,32.91428571428571,0.007679999999999999,29.25714285714286,-0.5577142857142858,73.14285714285714,2.742857142857143,6.4,2.2914742857142856,42.857142857142854,-0.4937,-0.4513828571428572,0.021362203846968835,0.04683105127852783,-0.07708333333333334,4.469362650967461,0.05075375579636997,0.05938184779330661,0.010218093855726062,0.028946694384082813,0.004433333333333333,2.9556279001319443,-0.016524518494734144,-0.01683038351569397,0.0,0.04623404140666874,,1.069670281407561,-0.0012165317722581562,-0.0012165317722581562,0.0033222591362126247,0.08293754561811274,0.0028333333333333335,1.911695142502269,0.004518132649200892,0.004515138192796818,0.21418227519501587,0.2757893608978995,-0.0049499999999999995,31.964371134011852,-0.04038085761207355,-0.00826166020512581,0.006359300476947536,0.37101403992684695,0.0002625,24.707557883080387,0.004226723086968632,0.004212265417481656,0.0013767036534736467,0.041800675910507144,0.6739501572947779,0.01490781475796995
kRQaonbo5K,2026,0Oq6oeLgQ6,mvzqoLZQap,101.0,0.9385,0.9085,7,0.0268,0.0259,5,0.0005,0.0,0,0.0012,0.0,0,-0.028,0.0351,36,0.0015,-0.004,29,7,2,5,2.9085,0.1429,2026-08-19,21,0.9404999999999999,77,True,0.8920396039603959,6.653465346534654,0.025473267326732673,4.752475247524753,0.00047524752475247524,0.0,0.0011405940594059404,0.0,-0.026613861386138617,34.21782178217822,0.0014257425742574257,27.56435643564356,0.8939405940594058,73.1881188118812,1.900990099009901,6.653465346534654,2.7645148514851487,71.42857142857143,0.9085000000000001,0.8635247524752476,0.024834152450295324,0.04512752053375302,0.13407142857142856,4.520243908298724,0.07361677071117248,0.06005787775872531,0.01691493085882438,0.027874701472863753,0.00536,3.0118802928479247,-0.016587532217608756,-0.017150704400147362,0.0,0.044551212499878944,,1.0715576124179291,-0.0012186782263373136,-0.0012186782263373136,0.0,0.08003087967968145,,1.6895474714922398,0.003990458597437615,0.003990458597437615,0.21418227519501587,0.2680998263788889,-0.0007777777777777778,32.3037629103025,-0.011942453130868984,-0.008349380984000883,0.005766553986876119,0.3619965837381058,5.172413793103448e-05,24.029549863953374,0.0040802188867806915,0.0040966752913648334,0.05193878462057574,0.0414262480370422,0.8401873466631844,0.011993571443694848
kRQaonbo5K,2026,9vQ2Gr4LMK,mvzqoLZQap,104.0,-1.0775,-1.1083,7,0.052,0.0511,4,0.0023,0.0018,1,0.1275,0.1262,4,-0.0677,-0.0027,36,-0.0027,-0.0083,27,7,3,4,1.8917,0.4286,2026-08-23,22,-0.9661,79,True,-0.9946153846153845,6.461538461538462,0.048,3.6923076923076925,0.0021230769230769233,0.9230769230769231,0.11769230769230768,3.6923076923076925,-0.06249230769230769,33.230769230769226,-0.0024923076923076925,24.923076923076927,-0.8917846153846154,72.92307692307692,2.769230769230769,6.461538461538462,1.7461846153846152,57.14285714285714,-1.1083,-1.023046153846154,0.024834152450295324,0.04640573869042975,-0.15392857142857141,4.51419298740568,0.04123165213881783,0.059977482657333776,0.013577878462138824,0.028678917864907755,0.013,2.9829157878705814,-0.016228617924581627,-0.016985770334161196,0.005861881820464166,0.04581389016751004,0.0023,1.1124312353774535,-0.0012427492330418406,-0.001265163635759113,0.004424778761061947,0.08221260243570114,0.031875,1.9890949046806932,0.004957699089070646,0.004697944862414528,0.21418227519501587,0.27388216495825446,-0.0018805555555555555,32.0485487413937,-0.01941782391538479,-0.008283417141502054,0.0053709966182613885,0.3687836577821413,-0.0001,23.09309238149922,0.00390347440389923,0.003937023435566295,0.013203634558779452,0.04207809984389224,0.8030031576607173,0.012541985056650468
kRQaonbo5K,2026,XVqKw7LWq0,mvzqoLZQap,101.0,-0.4134,-0.4433,11,-0.1029,-0.1038,8,0.0031,0.0026,1,0.0012,0.0,0,-0.0778,-0.0147,61,-0.0142,-0.0196,52,11,3,8,2.5567,0.0,2026-08-30,23,-0.604,133,True,-0.3929346534653465,10.455445544554456,-0.09780594059405942,7.603960396039604,0.0029465346534653463,0.9504950495049505,0.0011405940594059404,0.0,-0.07394851485148514,57.980198019801975,-0.013497029702970297,49.42574257425743,-0.5740990099009902,126.41584158415841,2.8514851485148514,10.455445544554456,2.430130693069307,72.72727272727273,-0.4432999999999998,-0.4213544554455444,0.03847904275677089,0.04512752053375302,-0.03758181818181818,4.691817847753785,0.053153899342728,0.062337481888815986,0.026791978693812845,0.027874701472863753,-0.0128625,3.091364590117081,-0.018197009041298045,-0.017603315910025046,0.005861881820464166,0.044551212499878944,0.0031,1.113903319348507,-0.0012391701115607166,-0.0012668378310259595,0.0,0.08003087967968145,,1.6895474714922398,0.003990458597437615,0.003990458597437615,0.3159293623879675,0.2680998263788889,-0.0012754098360655737,38.67445185395927,-0.022421416724301976,-0.009995978913438645,0.010292953285827395,0.3619965837381058,-0.0002730769230769231,31.943296961911173,0.00530001056313514,0.005445849636363574,0.020586772626140018,0.04290765746812753,1.3219071493339198,0.00765642449154219
kRQaonbo5K,2026,vzqoYzONMa,mvzqoLZQap,104.0,0.057,0.0262,2,-0.0076,-0.0084,2,0.0005,0.0,0,0.0172,0.0159,1,0.03,0.0949,52,-0.0095,-0.015,62,2,0,2,0.0262,0.0,2026-09-05,24,0.0876,119,True,0.05261538461538461,1.8461538461538463,-0.007015384615384615,1.8461538461538463,0.0004615384615384616,0.0,0.015876923076923077,0.9230769230769231,0.02769230769230769,48.0,-0.008769230769230769,57.230769230769226,0.08086153846153846,109.84615384615384,0.0,1.8461538461538463,0.024184615384615388,100.0,0.0262,0.024184615384615388,0.007223609427050639,0.04640573869042975,0.0285,4.300012654988312,0.05760435010939878,0.05713179191948889,0.00683534396587721,0.028678917864907755,-0.0038,2.9299700933507515,-0.016646340108273063,-0.01668427895081293,0.0,0.04581389016751004,,1.0701414906074442,-0.0012170676766139208,-0.0012170676766139208,0.0011098779134295228,0.08221260243570114,0.0172,1.761429236397213,0.004189240740167102,0.004160232582249474,0.2824841333333236,0.27388216495825446,0.0005769230769230769,36.09357763923869,-0.0008114152657089049,-0.009328914146082586,0.012248123271434215,0.3687836577821413,-0.0001532258064516129,35.00764132522993,0.00582947406719057,0.00596827406414167,0.04894824186616056,0.040030037792370604,0.23529040402152407,0.04154625075164119
kRQaonbo5K,2026,OlMlWzg4QL,mvzqoLZQap,100.0,0.5602,0.5306,5,0.0528,0.0519,3,-0.0045,-0.0049,2,-0.0088,-0.01,2,-0.0135,0.0489,28,0.0,-0.0053,22,5,2,3,2.5306,0.0,2026-09-09,25,0.5862,62,True,0.537792,4.800000000000001,0.050688000000000004,2.88,-0.004319999999999999,1.92,-0.008448,1.92,-0.01296,26.880000000000003,0.0,21.12,0.5627520000000001,59.519999999999996,1.92,4.800000000000001,2.4293760000000004,60.0,0.5306000000000002,0.5093760000000002,0.01786544408219076,0.04470068598514822,0.11204,4.4364391712424505,0.06677151779588589,0.05894441247768429,0.010218093855726062,0.027606333322638656,0.0176,2.959707602581381,-0.016149133723774578,-0.016853614774558077,0.011655440824251158,0.04412957699158392,-0.00225,1.1567592740833514,-0.0013305798133901193,-0.0013155777385204363,0.0022172949002217295,0.0793013319140693,-0.0044,1.8431458624154669,0.004325600722327317,0.004353235039031662,0.1749113031204952,0.26615186045015843,-0.00048214285714285715,30.34569368802647,-0.009030529528204405,-0.007843289295078324,0.004380724810832338,0.3597016747647554,0.0,21.69878930283329,0.0036831101366574543,0.0036993158212587475,0.04826998558950155,0.04098448152981786,0.6193020949722773,0.016201987198008493
kRQaonbo5K,2026,XVqKw7bWq0,mvzqoLZQap,100.0,0.2816,0.2519,5,0.0183,0.0174,4,0.0005,0.0,0,0.0012,0.0,0,-0.005,0.0574,49,-0.0082,-0.0135,50,5,1,4,1.2519,0.0,2026-09-12,26,0.2884,108,True,0.270336,4.800000000000001,0.017568,3.84,0.00048000000000000007,0.0,0.0011519999999999998,0.0,-0.0048000000000000004,47.04,-0.007872,48.0,0.276864,103.68,0.96,4.800000000000001,1.201824,80.0,0.2519,0.24182399999999998,0.01786544408219076,0.04470068598514822,0.05632,4.4364391712424505,0.062355208771027626,0.05894441247768429,0.013577878462138824,0.027606333322638656,0.004575,2.986209682571114,-0.016588141783728878,-0.017004526927664663,0.0,0.04412957699158392,,1.0720304862595103,-0.001219216023883485,-0.001219216023883485,0.0,0.0793013319140693,,1.6908873051404538,0.003993623084254863,0.003993623084254863,0.27059693373576665,0.26615186045015843,-0.00010204081632653062,35.71131519470166,-0.007718530996263319,-0.009230112814665643,0.009900990099009901,0.3597016747647554,-0.000164,31.367570320509916,0.005243815965235948,0.005347696940213944,0.046066759016642755,0.0408318767359393,0.6159504582239325,0.016288712755470662
ljqE2keVQx,2026,0x5gxzPZq7,kaDQ0wRqEv,102.0,-0.3894,-0.4197,2,0.0075,0.0067,1,0.0031,0.0026,2,0.0109,0.0096,1,-0.0223,0.0414,20,0.0149,0.0094,13,2,1,1,0.5803,0.0,2026-03-22,5,-0.37529999999999997,39,True,-0.36649411764705886,1.8823529411764706,0.007058823529411764,0.9411764705882353,0.002917647058823529,1.8823529411764706,0.010258823529411765,0.9411764705882353,-0.020988235294117648,18.823529411764707,0.014023529411764706,12.235294117647058,-0.35322352941176466,36.705882352941174,0.9411764705882353,1.8823529411764706,0.546164705882353,50.0,-0.41969999999999996,-0.3950117647058823,0.007223609427050639,0.04555397382726262,-0.1947,4.303853491536199,0.05071665878375571,0.05718282290289682,0.0034293925216784442,0.028142921531641923,0.0075,2.905099459721505,-0.01641120511505376,-0.016542656826377088,0.011655440824251158,0.04497247620439232,0.00155,1.155739228418098,-0.0012782180197652814,-0.0013144176446274825,0.0011098779134295228,0.08075927219536061,0.0109,1.7642184862629986,0.004183538643374894,0.004166820373533903,0.13150874989037448,0.2700374781153283,-0.001115,28.151794350938996,-0.010447315242792578,-0.007276243856540627,0.002593257530420906,0.3642751009820834,0.0011461538461538462,18.458178081485475,0.003193542716274737,0.0031468405566542246,0.029957001765793728,0.039363165505539754,0.23996615446826028,0.04076972466917357
ljqE2keVQx,2026,0Oq6oelXQ6,kaDQ0wRqEv,102.0,-0.4602,-0.4904,4,-0.0135,-0.0143,2,0.0005,0.0,0,0.0012,0.0,0,0.0236,0.0873,28,0.0082,0.0027,16,4,2,2,1.5096,0.25,2026-04-05,6,-0.44020000000000004,50,True,-0.4331294117647059,3.764705882352941,-0.012705882352941174,1.8823529411764706,0.00047058823529411766,0.0,0.0011294117647058823,0.0,0.02221176470588235,26.35294117647059,0.0077176470588235305,15.058823529411764,-0.41430588235294125,47.05882352941176,1.8823529411764706,3.764705882352941,1.4208,50.0,-0.49039999999999995,-0.4615529411764705,0.014343606244813343,0.04555397382726262,-0.11505,4.389602148152223,0.05024170497106427,0.05832211592369276,0.00683534396587721,0.028142921531641923,-0.00675,2.9315869152806973,-0.016714639219360256,-0.016693485702838906,0.0,0.04497247620439232,,1.0710851555627712,-0.0012181409030281492,-0.0012181409030281492,0.0,0.08075927219536061,,1.6882097594908945,0.0039872991216331555,0.0039872991216331555,0.1749113031204952,0.2700374781153283,0.0008428571428571428,30.18501771557206,-0.0019871106683133394,-0.007801760235051424,0.003189792663476874,0.3642751009820834,0.0005125,19.486719543081946,0.003343450518382506,0.0033221913399906757,0.03765256382037818,0.039918219544398115,0.47001890626134685,0.02123862456045394
ljqE2keVQx,2026,2lqROeRWQr,kaDQ0wRqEv,101.0,0.5613,0.5313,5,-0.0785,-0.0793,4,-0.0005,-0.001,1,0.0012,0.0,0,0.0035,0.0666,31,0.0048,-0.0006,13,5,1,4,1.5313,0.2,2026-04-11,7,0.4918,54,True,0.5335128712871288,4.752475247524753,-0.07461386138613862,3.801980198019802,-0.00047524752475247524,0.9504950495049505,0.0011405940594059404,0.0,0.003326732673267327,29.465346534653463,0.004562376237623762,12.356435643564357,0.4674534653465347,51.32673267326733,0.9504950495049505,4.752475247524753,1.4554930693069308,80.0,0.5313000000000001,0.5049980198019803,0.01786544408219076,0.04512752053375302,0.11226,4.434456938571193,0.06675911298473045,0.05891807569367997,0.013577878462138824,0.027874701472863753,-0.019625,2.9853855270915393,-0.017564515554622746,-0.0169998338968548,0.005861881820464166,0.044551212499878944,-0.0005,1.113903319348507,-0.0012626765621835138,-0.0012668378310259595,0.0,0.08003087967968145,,1.6895474714922398,0.003990458597437615,0.003990458597437615,0.19008942954436575,0.2680998263788889,0.00011290322580645162,31.02962512157115,-0.005829583692868327,-0.00802006139811333,0.002593257530420906,0.3619965837381058,0.0003692307692307692,18.524334491460994,0.0031676666530925154,0.003158119225278753,0.049260462425585995,0.039779920390402256,0.6007383012172243,0.01669429674230258
ljqE2keVQx,2026,4JMA1n96MK,kaDQ0wRqEv,107.0,-0.8145,-0.8462,4,0.0621,0.0612,2,0.0026,0.0021,4,0.0185,0.0172,2,-0.006,0.0608,33,0.0117,0.006,21,5,2,2,1.1538,0.4,2026-04-19,8,-0.7255999999999999,66,True,-0.730766355140187,3.5887850467289715,0.05571588785046729,1.7943925233644857,0.0023327102803738318,3.5887850467289715,0.016598130841121495,1.7943925233644857,-0.005383177570093458,29.60747663551402,0.010497196261682242,18.8411214953271,-0.6510056074766355,59.21495327102804,1.7943925233644857,4.485981308411215,1.0351850467289718,40.0,-0.8462000000000001,-0.759207476635514,0.014343606244813343,0.04768053930704691,-0.203625,4.379821839845341,0.044565265694501664,0.05819217059935772,0.00683534396587721,0.029481804738224416,0.03105,2.9275482015886674,-0.015935204022917912,-0.016670487848357996,0.023042313329041816,0.04707323484510101,0.00065,1.2376648281345866,-0.0013566200151617059,-0.0014075913045381464,0.0022172949002217295,0.08438400168723158,0.00925,1.8329708702196987,0.004357198299948338,0.004329203228282596,0.19990170238138133,0.27957385359298004,-0.00018181818181818183,31.044837725918377,-0.007548331741928502,-0.008023993318670281,0.0041824337781318464,0.37542785014671104,0.0005571428571428572,20.829019374372276,0.003584717278881671,0.003551033186116943,0.027667025493323557,0.03997033454219084,0.43556980837247505,0.02287994885534602
ljqE2keVQx,2026,e7MzyolXQr,kaDQ0wRqEv,104.0,-0.703,-0.7338,4,0.0139,0.013,2,-0.0117,-0.0122,1,0.0013,0.0,0,-0.0143,0.0507,42,0.0182,0.0126,46,4,2,2,1.2662,0.0,2026-04-23,9,-0.6956,95,True,-0.6489230769230768,3.6923076923076925,0.012830769230769229,1.8461538461538463,-0.0108,0.9230769230769231,0.0012,0.0,-0.0132,38.769230769230774,0.0168,42.46153846153846,-0.6420923076923076,87.6923076923077,1.8461538461538463,3.6923076923076925,1.1688,50.0,-0.7338,-0.6773538461538462,0.014343606244813343,0.04640573869042975,-0.17575,4.38568478795526,0.046378441648861464,0.058270068214626845,0.00683534396587721,0.028678917864907755,0.00695,2.9299700933507515,-0.01643104605924687,-0.01668427895081293,0.005861881820464166,0.04581389016751004,-0.0117,1.1124312353774535,-0.0013340423991342989,-0.001265163635759113,0.0,0.08221260243570114,,1.6855406803027195,0.00398099515552779,0.00398099515552779,0.24126680872392986,0.27388216495825446,-0.00034047619047619047,33.56543457808557,-0.00933962639631962,-0.008675478518219754,0.009116131589377725,0.3687836577821413,0.0003956521739130435,29.560990379524462,0.005100380849388592,0.005039702348221499,0.028355102799077058,0.040665844613584336,0.45577272051983353,0.021887954263790803
ljqE2keVQx,2026,2vQ1g1Z45r,kaDQ0wRqEv,104.0,1.627,1.5962,8,-0.1704,-0.1713,8,0.0005,0.0,0,0.0022,0.001,1,0.0561,0.1211,47,0.0038,-0.0018,30,8,0,8,1.5962,0.375,2026-04-26,10,1.5191999999999999,94,True,1.5018461538461536,7.384615384615385,-0.1572923076923077,7.384615384615385,0.0004615384615384616,0.0,0.002030769230769231,0.9230769230769231,0.05178461538461538,43.38461538461539,0.0035076923076923076,27.69230769230769,1.4023384615384613,86.76923076923077,0.0,7.384615384615385,1.4734153846153848,100.0,1.5962,1.4734153846153848,0.028281553028987088,0.04640573869042975,0.203375,4.557029053889154,0.08504520962991553,0.06054662080490275,0.026791978693812845,0.028678917864907755,-0.0213,3.0888071769102408,-0.01888020255688532,-0.017588753100857727,0.0,0.04581389016751004,,1.0701414906074442,-0.0012170676766139208,-0.0012170676766139208,0.0011098779134295228,0.08221260243570114,0.0022,1.761429236397213,0.004159916169083907,0.004160232582249474,0.2624508711749691,0.27388216495825446,0.0011936170212765956,34.82950610866213,0.0042713319757434025,-0.00900219633215117,0.005964214711729622,0.3687836577821413,0.00012666666666666666,24.11433943381899,0.004104828558917524,0.004111130632301327,0.07748401610016115,0.04100996690983073,0.9103567296801631,0.01107936133724515
ljqE2keVQx,2026,kRQalzngqK,kaDQ0wRqEv,100.0,0.5015,0.4719,6,0.0054,0.0046,5,-0.1009,-0.1014,5,-0.1094,-0.1107,2,-0.0048,0.0577,47,0.0243,0.019,29,6,1,5,1.4719,0.3333,2026-05-03,11,0.3160999999999999,94,True,0.48144,5.76,0.005184,4.800000000000001,-0.096864,4.800000000000001,-0.10502399999999999,1.92,-0.004607999999999999,45.12,0.023328,27.839999999999996,0.3034559999999999,90.24,0.96,5.76,1.413024,83.33333333333334,0.4719,0.453024,0.021362203846968835,0.04470068598514822,0.08358333333333333,4.479351829788193,0.06624119703508766,0.059514568259877935,0.01691493085882438,0.027606333322638656,0.00108,3.0127117625608473,-0.01681021941881304,-0.01715543908077125,0.028637920675975252,0.04412957699158392,-0.02018,1.2838524558191131,-0.0021602608322972435,-0.001460120310475863,0.0022172949002217295,0.0793013319140693,-0.0547,1.8431458624154669,0.004120034786896057,0.004353235039031662,0.2624508711749691,0.26615186045015843,-0.00010212765957446807,35.20030362263736,-0.007653738433823968,-0.009098034384228756,0.005766553986876119,0.3597016747647554,0.0008379310344827585,24.115984557252446,0.004204230250492934,0.004111411100997547,0.047941243387542395,0.04026562062443127,0.7460052681354625,0.013487320261332566
ljqE2keVQx,2026,XVqKw7dRq0,kaDQ0wRqEv,101.0,-0.3135,-0.3434,3,-0.03,-0.0308,2,0.0489,0.0484,3,0.0569,0.0557,2,0.0268,0.0899,46,0.0211,0.0157,39,3,1,2,0.6566,0.0,2026-05-09,12,-0.18980000000000002,95,True,-0.297980198019802,2.8514851485148514,-0.028514851485148512,1.900990099009901,0.046479207920792076,2.8514851485148514,0.05408316831683169,1.900990099009901,0.025473267326732673,43.722772277227726,0.020055445544554455,37.069306930693074,-0.18040396039603962,90.29702970297029,0.9504950495049505,2.8514851485148514,0.6240950495049504,66.66666666666666,-0.34340000000000004,-0.3264,0.010796419581442509,0.04512752053375302,-0.1045,4.348669968843663,0.05224819328814118,0.057778273628634635,0.00683534396587721,0.027874701472863753,-0.015,2.932395995578769,-0.016884614710899647,-0.016698092890269682,0.017381864589308817,0.044551212499878944,0.0163,1.1985947332096631,-0.0009998717043062204,-0.0013631570404032509,0.0022172949002217295,0.08003087967968145,0.02845,1.841685381378367,0.004456318114416345,0.004349785601114571,0.2583092245759804,0.2680998263788889,0.000582608695652174,34.85203848776521,-0.001436170641705914,-0.00900802015577599,0.007739630879142687,0.3619965837381058,0.0005410256410256411,27.470309471761112,0.004762053521174306,0.004683272832668633,0.042145907866820057,0.03974206197596891,0.37124198410886666,0.02673851867047926
ljqE2keVQx,2026,NWMWkzLEMl,kaDQ0wRqEv,101.0,0.6076,0.5776,7,0.1148,0.114,4,0.0047,0.0042,2,0.0016,0.0004,3,0.0147,0.0778,34,-0.0475,-0.053,26,7,3,4,3.5776,0.0,2026-05-14,13,0.6959000000000002,76,True,0.5775207920792079,6.653465346534654,0.10911683168316832,3.801980198019802,0.004467326732673267,1.900990099009901,0.001520792079207921,2.8514851485148514,0.013972277227722771,32.31683168316832,-0.04514851485148515,24.712871287128714,0.6614495049504951,72.23762376237624,2.8514851485148514,6.653465346534654,3.400491089108911,57.14285714285714,0.5775999999999999,0.5490059405940593,0.024834152450295324,0.04512752053375302,0.0868,4.520243908298724,0.0683102490721729,0.06005787775872531,0.013577878462138824,0.027874701472863753,0.0287,2.9853855270915393,-0.015605651925246765,-0.0169998338968548,0.011655440824251158,0.044551212499878944,0.00235,1.156249026279085,-0.0012680005694744407,-0.001314997435714605,0.0033222591362126247,0.08003087967968145,0.0005333333333333334,1.9177543363214304,0.004517799113616677,0.004529449102953049,0.20471921699935186,0.2680998263788889,0.0004323529411764706,31.794107794809964,-0.0037212147683865363,-0.008217653149645864,0.005173099880620772,0.3619965837381058,-0.001826923076923077,22.997321981611055,0.003683069508703132,0.003920696028973694,0.05591625043138496,0.041975538408436784,0.8491391185756965,0.011868633782676705
ljqE2keVQx,2026,7vQ7RXJGqD,kaDQ0wRqEv,102.0,1.9363,1.9061,5,0.0959,0.0951,5,0.0218,0.0213,4,0.0084,0.0071,2,-0.0028,0.0609,34,0.0068,0.0013,18,5,0,5,1.9061,0.6,2026-05-17,14,2.0664,68,True,1.8223999999999998,4.705882352941177,0.09025882352941177,4.705882352941177,0.02051764705882353,3.764705882352941,0.007905882352941176,1.8823529411764706,-0.0026352941176470586,32.0,0.0063999999999999994,16.941176470588236,1.9448470588235294,64.0,0.0,4.705882352941177,1.7939764705882353,100.0,1.9061,1.7939764705882353,0.01786544408219076,0.04555397382726262,0.38726,4.432476476460234,0.08850604203325288,0.05889176243409072,0.01691493085882438,0.028142921531641923,0.01918,3.0110492819582744,-0.01587907957352254,-0.017145972332224365,0.023042313329041816,0.04497247620439232,0.00545,1.2403933012734247,-0.0012224193796772887,-0.0014106943862268156,0.0022172949002217295,0.08075927219536061,0.0042,1.8402272130351027,0.004353841875255744,0.004346341625434651,0.20471921699935186,0.2700374781153283,-8.235294117647058e-05,31.709935239046853,-0.007052644876165018,-0.008195897518934521,0.0035870864886408927,0.3642751009820834,0.00037777777777777777,20.172413850812926,0.003454091615237228,0.0034390918622149765,0.072159831694381,0.039924631684354644,0.5984906314478584,0.016755942700439626
ljqE2keVQx,2026,zeQZLzjr5K,kaDQ0wRqEv,100.0,-0.4457,-0.4753,4,-0.0022,-0.003,3,0.0005,0.0,0,-0.001,-0.0022,2,-0.0231,0.0393,21,0.0125,0.0071,15,5,1,3,0.5247,0.2,2026-05-24,15,-0.45899999999999996,45,True,-0.42787200000000003,3.84,-0.002112,2.88,0.00048000000000000007,0.0,-0.0009600000000000001,1.92,-0.022175999999999998,20.16,0.012,14.399999999999999,-0.4406399999999999,43.2,0.96,4.800000000000001,0.503712,60.0,-0.47529999999999994,-0.4562879999999999,0.014343606244813343,0.04470068598514822,-0.111425,4.393526512696709,0.050515065671535145,0.05837425669549065,0.010218093855726062,0.027606333322638656,-0.0007333333333333333,2.959707602581381,-0.016703580841700424,-0.016853614774558077,0.0,0.04412957699158392,,1.0720304862595103,-0.001219216023883485,-0.001219216023883485,0.0022172949002217295,0.0793013319140693,-0.0005,1.8431458624154669,0.004341539234219601,0.004353235039031662,0.13718215470129144,0.26615186045015843,-0.0010999999999999998,28.5571531858014,-0.010677756262753331,-0.007381014788549216,0.0029910269192422734,0.3597016747647554,0.0008333333333333334,19.281594048414135,0.0033254481820946995,0.0032872205415199482,0.0295814999595122,0.040560866689051484,0.49569837773037545,0.02016054728114201
ljqE2keVQx,2026,9z5kBzbdMA,kaDQ0wRqEv,102.0,0.4737,0.4434,9,0.06,0.0591,6,0.0223,0.0218,1,0.0012,0.0,0,0.0084,0.0721,41,0.0153,0.0098,40,9,3,6,3.4434,0.1111,2026-07-23,17,0.5809,97,True,0.4458352941176471,8.470588235294118,0.05647058823529411,5.647058823529411,0.020988235294117648,0.9411764705882353,0.0011294117647058823,0.0,0.007905882352941176,38.58823529411765,0.0144,37.64705882352941,0.5467294117647059,91.29411764705881,2.8235294117647056,8.470588235294118,3.2408470588235296,66.66666666666666,0.4434,0.41731764705882357,0.031704665012010046,0.04555397382726262,0.05263333333333334,4.603973789692282,0.06691371634795241,0.0611703484756826,0.020229480976184842,0.028142921531641923,0.01,3.037536737517467,-0.016332417981225495,-0.017296801208686183,0.005861881820464166,0.04497247620439232,0.0223,1.1134121919904345,-0.001113311292054799,-0.0012662792738278158,0.0,0.08075927219536061,,1.6882097594908945,0.0039872991216331555,0.0039872991216331555,0.23688312364197092,0.2700374781153283,0.00020487804878048779,33.48900568310078,-0.004980035809162514,-0.008655724350131467,0.007936507936507936,0.3642751009820834,0.0003825,27.715051235853714,0.004771632602642854,0.004724997606682284,0.053246882989785624,0.04266384037135256,1.059630085318982,0.009533457227158303
ljqE2keVQx,2026,KPqj3zKYQ6,kaDQ0wRqEv,102.0,1.5457,1.5155,5,-0.1011,-0.1019,4,0.0005,0.0,0,-0.0777,-0.079,7,0.0053,0.069,44,0.0699,0.0645,38,5,1,4,2.5155,0.2,2026-07-26,18,1.4426,98,True,1.4547764705882353,4.705882352941177,-0.09515294117647059,3.764705882352941,0.00047058823529411766,0.0,-0.07312941176470589,6.588235294117648,0.004988235294117647,41.411764705882355,0.06578823529411765,35.76470588235294,1.3577411764705885,92.23529411764706,0.9411764705882353,4.705882352941177,2.3675294117647057,80.0,1.5154999999999998,1.4263529411764706,0.01786544408219076,0.04555397382726262,0.30914,4.432476476460234,0.08231986292438213,0.05889176243409072,0.013577878462138824,0.028142921531641923,-0.025275,2.9845618263990823,-0.01778863001189217,-0.016995143455762547,0.0,0.04497247620439232,,1.0710851555627712,-0.0012181409030281492,-0.0012181409030281492,0.007717750826901874,0.08075927219536061,-0.0111,2.220270846895623,0.005013272383286395,0.005243947884938388,0.24988480393958798,0.2700374781153283,0.00012045454545454546,34.25146444483818,-0.005609653675239197,-0.008852792992073017,0.007542675664946407,0.3642751009820834,0.0018394736842105264,27.02935692812273,0.004948359958627569,0.004608097084457983,0.0676650706761366,0.041677730052623374,0.6107931058096782,0.016423990817903085
ljqE2keVQx,2026,Oa5wP6A4q1,kaDQ0wRqEv,98.0,0.6166,0.5875,4,-0.1424,-0.1432,4,0.0005,0.0,0,-0.0392,-0.0404,3,-0.0163,0.0449,29,0.0035,-0.0018,15,4,0,4,0.5875,0.0,2026-08-02,19,0.4227000000000001,55,True,0.6040163265306123,3.9183673469387754,-0.1394938775510204,3.9183673469387754,0.0004897959183673469,0.0,-0.0384,2.9387755102040813,-0.01596734693877551,28.408163265306122,0.003428571428571429,14.693877551020408,0.41407346938775513,53.87755102040816,0.0,3.9183673469387754,0.5755102040816327,100.0,0.5875,0.5755102040816327,0.014343606244813343,0.04384587107573929,0.15415,4.397457900391474,0.06731151782112914,0.058426490779841925,0.013577878462138824,0.027069152256985234,-0.0356,2.987859359399049,-0.01822715678696426,-0.01701392076702105,0.0,0.043285188593004446,,1.0729774871120652,-0.0012202930442004117,-0.0012202930442004117,0.0033222591362126247,0.07783875962203923,-0.013066666666666666,1.9223239981214013,0.0044417083768292474,0.004540241961114632,0.18003349632311236,0.2622246548359651,-0.0005620689655172413,30.76496251425559,-0.009633235869993213,-0.007951655468227315,0.0029910269192422734,0.35506196896711517,0.00023333333333333333,19.421311614692797,0.003314691120938463,0.0033110402761709935,0.04598723161773897,0.04009190373767878,0.5204796787828416,0.019219102956899645
ljqE2keVQx,2026,gOMnGzYl5w,kaDQ0wRqEv,111.0,0.07,0.0371,2,-0.0025,-0.0034,1,0.002,0.0014,1,0.0109,0.0095,2,-0.0334,0.0359,19,0.0098,0.0038,18,2,1,1,1.0371,0.0,2026-08-16,20,0.0568,43,True,0.06054054054054055,1.7297297297297298,-0.002162162162162162,0.8648648648648649,0.00172972972972973,0.8648648648648649,0.009427027027027027,1.7297297297297298,-0.028886486486486486,16.43243243243243,0.008475675675675675,15.567567567567568,0.04912432432432433,37.189189189189186,0.8648648648648649,1.7297297297297298,0.8969513513513513,50.0,0.03709999999999991,0.03208648648648641,0.007223609427050639,0.049374980936494374,0.035,4.286623544176896,0.05762625709478096,0.056953898514459624,0.0034293925216784442,0.030550258121162507,-0.0025,2.8979033890434933,-0.016469934255081115,-0.016501679872102305,0.005861881820464166,0.0487471991998347,0.002,1.109011457456828,-0.0012408791065791258,-0.0012612743358815532,0.0022172949002217295,0.08726326815154181,0.00545,1.8272068691904395,0.00432810102251826,0.004315589519374771,0.12576024099984584,0.28702540703111823,-0.0017578947368421052,27.248398304406575,-0.0121809426333441,-0.007042747907697658,0.0035870864886408927,0.3840722033630479,0.0005444444444444444,19.544224923664306,0.003358212255505902,0.0033319951387753414,0.03542081437780078,0.03979578105692823,0.20476448526193047,0.04744602699545367
ljqE2keVQx,2026,raMyNnel5d,kaDQ0wRqEv,98.0,0.8368,0.8077,4,-0.0405,-0.0412,4,0.0332,0.0327,2,-0.006,-0.0072,1,0.0234,0.0846,39,0.0243,0.019,30,5,0,4,0.8077,0.2,2026-08-20,21,0.8712,80,True,0.8197224489795919,3.9183673469387754,-0.03967346938775511,3.9183673469387754,0.03252244897959184,1.9591836734693877,-0.005877551020408163,0.9795918367346939,0.022922448979591836,38.20408163265306,0.02380408163265306,29.387755102040817,0.8534204081632653,78.36734693877551,0.0,4.8979591836734695,0.7912163265306122,80.0,0.8077,0.7912163265306122,0.014343606244813343,0.04384587107573929,0.2092,4.397457900391474,0.07078381884443394,0.058426490779841925,0.013577878462138824,0.027069152256985234,-0.010125,2.987859359399049,-0.017193666830026308,-0.01701392076702105,0.011655440824251158,0.043285188593004446,0.0166,1.1577811219065228,-0.0010773848389515055,-0.0013167398820004485,0.0011098779134295228,0.07783875962203923,-0.006,1.769823571106794,0.004163633662731624,0.00418005874616426,0.2279620129126287,0.2622246548359651,0.0006000000000000001,33.33369382693443,-0.0020922668066694645,-0.008615581724578342,0.005964214711729622,0.35506196896711517,0.00081,24.638548709719796,0.0042944768812321074,0.004200500395790262,0.058878610912750394,0.03986080754819662,0.5176633165694489,0.019321644729748847
ljqE2keVQx,2026,Vj589JlDq8,kaDQ0wRqEv,71.0,1.1501,1.129,6,-0.0024,-0.003,4,0.0083,0.0079,3,0.0438,0.043,2,0.0136,0.058,39,-0.0197,-0.0235,43,6,2,4,3.129,0.1667,2026-08-22,22,1.1937,97,True,1.5550647887323943,8.112676056338028,-0.003245070422535211,5.408450704225352,0.011222535211267606,4.056338028169014,0.05922253521126761,2.704225352112676,0.018388732394366197,52.732394366197184,-0.026636619718309856,58.14084507042253,1.6140169014084504,131.15492957746477,2.704225352112676,8.112676056338028,4.230760563380282,66.66666666666666,1.129,1.5265352112676056,0.021362203846968835,0.03215430976356016,0.19168333333333332,4.5381811751681145,0.07759098661705491,0.060296199894172404,0.013577878462138824,0.019758681435332135,-0.0006,3.0103097305808855,-0.01693353649029191,-0.01714176106689206,0.017381864589308817,0.0317381713663204,0.002766666666666667,1.2146684818186957,-0.0012990124936470098,-0.0013814376510007964,0.0022172949002217295,0.05762926819936766,0.0219,1.886531147906103,0.004537432597708094,0.0044557045987271265,0.2279620129126287,0.20477303060892113,0.00034871794871794867,35.929436371595614,-0.004313331983921376,-0.009286489429725106,0.008526670632559984,0.28513122057818724,-0.0004581395348837209,32.32199503207572,0.00533716366920391,0.005510411937185442,0.06491970191610662,0.042452628282467014,1.4769930562661002,0.006858004815866361
ljqE2keVQx,2026,raMyNnol5d,kaDQ0wRqEv,102.0,1.0875,1.0573,7,-0.1961,-0.197,6,-0.0032,-0.0037,1,0.0012,0.0,0,-0.0144,0.0493,45,0.0181,0.0126,37,7,1,6,2.0573,0.1429,2026-09-06,24,0.8931,96,True,1.0235294117647058,6.588235294117648,-0.18456470588235294,5.647058823529411,-0.0030117647058823527,0.9411764705882353,0.0011294117647058823,0.0,-0.013552941176470587,42.35294117647059,0.017035294117647058,34.8235294117647,0.8405647058823529,90.35294117647058,0.9411764705882353,6.588235294117648,1.9362823529411766,85.71428571428571,1.0573000000000001,0.9951058823529413,0.024834152450295324,0.04555397382726262,0.15535714285714283,4.518225133076259,0.07597228397032992,0.06003105545488666,0.020229480976184842,0.028142921531641923,-0.032683333333333335,3.037536737517467,-0.01895521455465201,-0.017296801208686183,0.005861881820464166,0.04497247620439232,-0.0032,1.1134121919904345,-0.0012797419045710518,-0.0012662792738278158,0.0,0.08075927219536061,,1.6882097594908945,0.0039872991216331555,0.0039872991216331555,0.254120801152466,0.2700374781153283,-0.00031999999999999997,34.50561736541731,-0.009458061052744889,-0.008918482539386867,0.007345642247369466,0.3642751009820834,0.0004891891891891893,26.68650977425724,0.004612122283828314,0.0045496468233458326,0.05487868786382343,0.04108643837796478,0.8264574794267173,0.012190390704545183
ljqE2keVQx,2026,zeQZLz1Y5K,kaDQ0wRqEv,99.0,0.3878,0.3585,9,-0.0482,-0.049,6,0.0096,0.0091,3,0.1907,0.1895,2,-0.0086,0.0532,39,0.0137,0.0084,21,9,3,6,3.3585,0.1111,2026-09-10,25,0.5449999999999999,80,True,0.3760484848484848,8.727272727272727,-0.04673939393939394,5.818181818181818,0.00930909090909091,2.909090909090909,0.18492121212121213,1.9393939393939394,-0.00833939393939394,37.81818181818181,0.013284848484848484,20.363636363636363,0.5284848484848483,77.57575757575758,2.909090909090909,8.727272727272727,3.2567272727272725,66.66666666666666,0.3584999999999998,0.34763636363636347,0.031704665012010046,0.04427346966994863,0.043088888888888885,4.610150574357106,0.06560844184558441,0.06125241585652921,0.020229480976184842,0.027337816958284907,-0.008033333333333333,3.040053089739719,-0.017454974548784072,-0.017311130202183365,0.017381864589308817,0.04370756918706364,0.0031999999999999997,1.1996530698203502,-0.0012739184867195676,-0.0013643606824367107,0.0022172949002217295,0.07857062614795715,0.09535,1.8446086616527597,0.004737015331207523,0.004356689952191115,0.2279620129126287,0.2641934977551204,-0.00022051282051282052,33.24473882526538,-0.00830497058538105,-0.008592590000628732,0.0041824337781318464,0.3573901965395055,0.0006523809523809524,21.430561784710225,0.0036967803427798702,0.0036535870809294396,0.04700837389868712,0.04199461200440096,1.1306029319181141,0.008940351205229525
ljqE2keVQx,2026,KAqBroRmqb,kaDQ0wRqEv,102.0,0.2002,0.1699,8,-0.0899,-0.0907,7,0.0005,0.0,0,0.0012,0.0,0,-0.0031,0.0606,35,0.0132,0.0078,18,8,1,7,1.1699,0.25,2026-09-13,26,0.1221,68,True,0.1884235294117647,7.529411764705882,-0.08461176470588236,6.588235294117648,0.00047058823529411766,0.0,0.0011294117647058823,0.0,-0.002917647058823529,32.94117647058823,0.012423529411764705,16.941176470588236,0.11491764705882353,64.0,0.9411764705882353,7.529411764705882,1.1010823529411764,87.5,0.16989999999999994,0.15990588235294112,0.028281553028987088,0.04555397382726262,0.025025,4.56109946138427,0.06211491928065736,0.06060070196528462,0.023521755654127043,0.028142921531641923,-0.012842857142857142,3.0640241930766594,-0.017962831683837367,-0.017447630085148005,0.0,0.04497247620439232,,1.0710851555627712,-0.0012181409030281492,-0.0012181409030281492,0.0,0.08075927219536061,,1.6882097594908945,0.0039872991216331555,0.0039872991216331555,0.2094790648483472,0.2700374781153283,-8.857142857142857e-05,31.964088159625984,-0.007124014751129364,-0.00826158706624837,0.0035870864886408927,0.3642751009820834,0.0007333333333333333,20.172413850812926,0.003479819683919014,0.0034390918622149765,0.04327705074821465,0.04109973489470823,0.9412165908349465,0.01071999420659516
ljqEjOpzQx,2026,4JMA1nvkMK,pzeQZ6xQKw,112.0,-0.3226,-0.3559,5,0.0559,0.055,3,0.0006,0.0,0,0.0,-0.0013,1,-0.1214,-0.0515,44,0.0078,0.0018,44,5,2,3,1.6441,0.6,2026-02-23,1,-0.37970000000000004,97,True,-0.2765142857142857,4.285714285714286,0.047914285714285715,2.571428571428571,0.0005142857142857143,0.0,0.0,0.8571428571428571,-0.10405714285714285,37.714285714285715,0.006685714285714284,37.714285714285715,-0.3254571428571429,83.14285714285714,1.7142857142857142,4.285714285714286,1.4092285714285713,60.0,-0.3559000000000001,-0.3050571428571429,0.01786544408219076,0.049797649611595635,-0.06452,4.412768716595377,0.05249596386395465,0.058629916777778034,0.010218093855726062,0.030817003983279197,0.01863333333333333,2.9499351753337284,-0.016064664689460897,-0.01679796714095377,0.0,0.049164771760890486,,1.0663834004547603,-0.001212793615575472,-0.001212793615575472,0.0011098779134295228,0.08798025755104472,0.0,1.7503598794060582,0.0041295000821064435,0.004134088415531006,0.24988480393958798,0.2888642720919936,-0.002759090909090909,33.368069414039695,-0.02947512211013244,-0.008624466598891206,0.008723235527359239,0.3861960325720841,0.00017727272727272728,28.083487380581328,0.004789473279673594,0.004787810404221014,0.014662356810565878,0.040916588242109614,0.49204206200091266,0.020307316047279915
ljqEjOpzQx,2026,BLMvVG0OMx,pzeQZ6xQKw,101.0,0.6495,0.6196,3,-0.0589,-0.0597,3,0.0139,0.0134,2,-0.0123,-0.0135,3,-0.0226,0.0405,32,0.0067,0.0013,24,3,0,3,0.6196,0.6667,2026-02-28,2,0.5763000000000001,67,True,0.6173465346534653,2.8514851485148514,-0.05598415841584159,2.8514851485148514,0.013211881188118812,1.900990099009901,-0.011691089108910892,2.8514851485148514,-0.021481188118811882,30.415841584158414,0.006368316831683168,22.81188118811881,0.5477702970297031,63.68316831683168,0.0,2.8514851485148514,0.5889267326732673,100.0,0.6196,0.5889267326732673,0.010796419581442509,0.04512752053375302,0.2165,4.348669968843663,0.06731916434729955,0.057778273628634635,0.010218093855726062,0.027874701472863753,-0.019633333333333332,2.958890761335154,-0.0172703976924454,-0.01684896339356224,0.011655440824251158,0.044551212499878944,0.00695,1.156249026279085,-0.001206008245796529,-0.001314997435714605,0.0033222591362126247,0.08003087967968145,-0.0041,1.9177543363214304,0.004488278864142847,0.004529449102953049,0.19502546663613604,0.2680998263788889,-0.00070625,31.284452679317422,-0.010817982351198296,-0.008085925315290841,0.004777070063694267,0.3619965837381058,0.00027916666666666666,22.309170060049507,0.0038149590053676353,0.0038033765207129335,0.04632801392736981,0.039861213107732926,0.37265954460876566,0.026639517482045336
ljqEjOpzQx,2026,jYQJJy1PQG,pzeQZ6xQKw,103.0,-0.2734,-0.304,3,-0.0207,-0.0216,2,0.004,0.0035,2,0.0024,0.0012,2,-0.0309,0.0334,28,0.0124,0.0069,22,3,1,2,0.696,0.0,2026-03-22,5,-0.3061999999999999,59,True,-0.2548194174757281,2.796116504854369,-0.019293203883495143,1.8640776699029125,0.0037281553398058253,1.8640776699029125,0.002236893203883495,1.8640776699029125,-0.028800000000000003,26.097087378640776,0.011557281553398057,20.504854368932037,-0.28539029126213583,54.99029126213592,0.9320388349514562,2.796116504854369,0.6486990291262136,66.66666666666666,-0.30400000000000005,-0.28333980582524276,0.010796419581442509,0.045980046376263226,-0.09113333333333333,4.344787404827303,0.052828550818290666,0.05772668823638249,0.00683534396587721,0.028410993621519526,-0.01035,2.9307782813277754,-0.016782147098203814,-0.016688881057054204,0.011655440824251158,0.045393368596699575,0.002,1.1552298799055034,-0.001271595572264193,-0.001313838364582506,0.0022172949002217295,0.08148651220296954,0.0012,1.8387713518967415,0.004338166120143712,0.004342903099027863,0.1749113031204952,0.27196489736136725,-0.0011035714285714286,30.105316111252964,-0.012231289684156712,-0.007781160187269251,0.004380724810832338,0.36653740149227726,0.0005636363636363636,21.467136355845263,0.003696795092613063,0.0036598224928580643,0.030578479676422726,0.03994553421936246,0.3543070569775891,0.027980787882788686
ljqEjOpzQx,2026,gOMnGz6X5w,pzeQZ6xQKw,109.0,-0.8329,-0.8653,5,-0.0911,-0.092,3,0.0036,0.0031,4,0.0191,0.0178,4,0.0298,0.0979,47,0.0084,0.0025,26,5,2,3,1.1347,0.2,2026-04-04,6,-0.8630999999999999,89,True,-0.7335633027522935,4.4036697247706424,-0.0802348623853211,2.6422018348623855,0.0031706422018348626,3.522935779816514,0.016822018348623853,3.522935779816514,0.026245871559633028,41.39449541284404,0.007398165137614678,22.89908256880734,-0.760161467889908,78.38532110091742,1.761467889908257,4.4036697247706424,0.9993688073394497,60.0,-0.8653,-0.7620990825688073,0.01786544408219076,0.04852851451383677,-0.16658,4.418662618724996,0.044509323735143165,0.058708225661281574,0.010218093855726062,0.030016325659461298,-0.030366666666666667,2.9523722271198873,-0.017556149519008836,-0.016811844569911194,0.023042313329041816,0.04791095281354319,0.0009,1.2365767969202794,-0.0013483040129338272,-0.0014063538909496603,0.004424778761061947,0.08582590203536375,0.004775,1.9812639017252727,0.0047006044513678855,0.004679449203904017,0.2624508711749691,0.2833189988135143,0.0006340425531914894,34.376851943530234,-0.0008327916752036552,-0.008885201228850814,0.005173099880620772,0.3797801455963757,0.00032307692307692305,22.356299868546614,0.003829058918580069,0.0038114114411775275,0.0333017418979448,0.04009568661665145,0.5282696803810751,0.018941061168151783
ljqEjOpzQx,2026,eV5D89La5K,pzeQZ6xQKw,99.0,-1.0776,-1.1069,8,-0.0703,-0.0711,6,-0.0271,-0.0276,1,0.0484,0.0472,6,-0.0172,0.0447,35,0.0098,0.0045,28,8,2,6,0.8931,0.0,2026-04-12,7,-1.134,84,True,-1.0449454545454544,7.757575757575758,-0.06816969696969696,5.818181818181818,-0.026278787878787874,0.9696969696969697,0.04693333333333333,5.818181818181818,-0.01667878787878788,33.93939393939394,0.009503030303030303,27.15151515151515,-1.0996363636363635,81.45454545454545,1.9393939393939394,7.757575757575758,0.8660363636363636,75.0,-1.1069,-1.0733575757575757,0.028281553028987088,0.04427346966994863,-0.1347,4.567218724980186,0.041566888956988075,0.06068200509681304,0.020229480976184842,0.027337816958284907,-0.011716666666666667,3.040053089739719,-0.017681494746253263,-0.017311130202183365,0.005861881820464166,0.04370756918706364,-0.0271,1.1148868750333176,-0.0014376313956273796,-0.0012679564250087543,0.006622516556291391,0.07857062614795715,0.008066666666666666,2.14936745398423,0.00515768828527647,0.005076484668541828,0.2094790648483472,0.2641934977551204,-0.0004914285714285715,32.219988288518245,-0.009900097884915995,-0.008327728205158692,0.005568814638027049,0.3573901965395055,0.00035,23.856483118796564,0.004091019025814487,0.004067170025446207,0.021796372241282395,0.042918844958450275,1.0180242014260676,0.009919217680529379
ljqEjOpzQx,2026,KXMeXzkxQ6,pzeQZ6xQKw,104.0,-0.635,-0.6659,3,0.0008,0.0,0,0.0005,0.0,0,0.0104,0.0091,3,0.0095,0.0744,46,0.0147,0.0091,42,3,3,0,2.3341,0.3333,2026-04-18,8,-0.5991000000000001,94,True,-0.5861538461538461,2.769230769230769,0.0007384615384615384,0.0,0.0004615384615384616,0.0,0.0096,2.769230769230769,0.008769230769230769,42.46153846153846,0.01356923076923077,38.769230769230774,-0.5530153846153847,86.76923076923077,2.769230769230769,2.769230769230769,2.154553846153846,0.0,-0.6659000000000002,-0.6146769230769232,0.010796419581442509,0.04640573869042975,-0.21166666666666667,4.3428487214717855,0.047153505689282685,0.057700930067057864,0.0,0.028678917864907755,,2.877024398830922,-0.016382787567464665,-0.016382787567464665,0.0,0.04581389016751004,,1.0701414906074442,-0.0012170676766139208,-0.0012170676766139208,0.0033222591362126247,0.08221260243570114,0.0034666666666666665,1.9132063485861996,0.004525729831837049,0.004518707435692843,0.2583092245759804,0.27388216495825446,0.00020652173913043476,34.57669180254682,-0.00478383679829041,-0.008936852769364886,0.008330027766759222,0.3687836577821413,0.00035,28.199327643098098,0.004849727729583662,0.004807559419241456,0.034145271208334396,0.04049048890854869,0.349077710368835,0.028388053826203585
ljqEjOpzQx,2026,0x5gxz2rq7,pzeQZ6xQKw,96.0,0.0611,0.0326,1,-0.0245,-0.0252,1,0.0039,0.0034,1,0.0091,0.0079,1,-0.0159,0.0441,36,0.0028,-0.0024,31,1,0,1,0.0326,0.0,2026-04-23,9,0.036500000000000005,71,True,0.0611,1.0,-0.0245,1.0,0.0039,1.0,0.0091,1.0,-0.0159,36.0,0.0028,31.0,0.036500000000000005,71.0,0.0,1.0,0.0326,100.0,0.0326,0.0326,0.003624897134080235,0.042989524996042236,0.0611,4.272427755118513,0.057505781402812144,0.056765287240100784,0.0034293925216784442,0.02653137735160019,-0.0245,2.9099167278471176,-0.016757754250571084,-0.01657008804329325,0.005861881820464166,0.04243930705865313,0.0039,1.1163654696091052,-0.0012366739471445984,-0.0012696380247605651,0.0011098779134295228,0.07637153320966035,0.0091,1.7726394906825444,0.004199966252997643,0.004186709527317406,0.21418227519501587,0.25825519000376856,-0.0004416666666666667,32.738274078439844,-0.009746291569821694,-0.00846168676381531,0.006161796859471278,0.35035453225470276,9.032258064516129e-05,25.168741308820927,0.004278458279309449,0.004290890225508227,0.03824348616758186,0.03894147416105729,0.14078920963513594,0.06754937953435315
ljqEjOpzQx,2026,7vQ7RXYYqD,pzeQZ6xQKw,108.0,0.3101,0.278,8,0.0349,0.034,5,0.0025,0.002,1,0.0833,0.082,3,-0.0127,0.0547,43,-0.0035,-0.0093,29,8,3,5,3.278,0.0,2026-04-26,10,0.41459999999999997,89,True,0.27564444444444447,7.111111111111111,0.031022222222222222,4.444444444444445,0.0022222222222222222,0.8888888888888888,0.07404444444444444,2.6666666666666665,-0.011288888888888888,38.22222222222222,-0.0031111111111111114,25.77777777777778,0.3685333333333333,79.11111111111111,2.6666666666666665,7.111111111111111,2.913777777777778,62.5,0.278,0.24711111111111111,0.028281553028987088,0.048104715760470984,0.0387625,4.5489099950984295,0.06371625080144505,0.06043874754623323,0.01691493085882438,0.02974913881707011,0.00698,3.0060728306763846,-0.016473175415249813,-0.01711763467049853,0.005861881820464166,0.04749227801976034,0.0025,1.1104744985808457,-0.0012392613763169814,-0.0012629382467542996,0.0033222591362126247,0.08510551998018141,0.027766666666666665,1.907175814470429,0.004665432490886505,0.004504464215472364,0.24560041776461078,0.28145130618479425,-0.00029534883720930234,33.46572331674382,-0.00895286497818252,-0.008649706681308702,0.005766553986876119,0.3776116065626405,-0.0001206896551724138,23.44143080373364,0.003957049983524038,0.00399640987499109,0.045673431506106275,0.04190934203813515,0.847162962024846,0.011895990109114815
ljqEjOpzQx,2026,KPqj3zRyQ6,pzeQZ6xQKw,105.0,-0.1094,-0.1406,5,-0.2138,-0.2146,4,0.0236,0.023,1,-0.0237,-0.025,6,0.0089,0.0745,31,0.0098,0.0042,23,5,1,4,0.8594,0.0,2026-05-03,11,-0.3046,70,True,-0.10002285714285714,4.571428571428571,-0.1954742857142857,3.6571428571428575,0.021577142857142857,0.9142857142857144,-0.02166857142857143,5.485714285714286,0.008137142857142857,28.34285714285714,0.00896,21.02857142857143,-0.27849142857142856,64.0,0.9142857142857144,4.571428571428571,0.7857371428571429,80.0,-0.14059999999999995,-0.1285485714285714,0.01786544408219076,0.04683105127852783,-0.02188,4.4265456897985205,0.05603192514213987,0.05881296348704976,0.013577878462138824,0.028946694384082813,-0.05345,2.9820934492831057,-0.018914737859309406,-0.016981087649373186,0.005861881820464166,0.04623404140666874,0.0236,1.1119414049793725,-0.0011033671484903375,-0.0012646065535884285,0.006622516556291391,0.08293754561811274,-0.0039499999999999995,2.1391809819119496,0.004963007263095973,0.005052425744040294,0.19008942954436575,0.2757893608978995,0.0002870967741935484,30.70361976990717,-0.0047516674899642924,-0.007935800536881043,0.004578936890304599,0.37101403992684695,0.0004260869565217391,21.654642354539472,0.0037171337173186763,0.003691789433403445,0.03994229362479048,0.041375683924650845,0.5728473568055548,0.017492894589744894
odMXEAde5Y,2026,KAqBrovmqb,pzeQZ6xQKw,98.0,0.0291,0.0,0,0.0008,0.0,0,0.001,0.0005,2,0.0084,0.0072,3,-0.0128,0.0484,36,0.0023,-0.0029,29,0,0,0,0.0,0.0,2026-08-30,23,0.028800000000000003,70,True,0.02850612244897959,0.0,0.0007836734693877551,0.0,0.0009795918367346938,1.9591836734693877,0.008228571428571429,2.9387755102040813,-0.012538775510204082,35.26530612244898,0.002253061224489796,28.408163265306122,0.028212244897959184,68.57142857142857,0.0,0.0,0.0,,0.0,0.0,0.0,0.04384587107573929,,4.22565367087021,0.05614382691825763,0.05614382691825763,0.0,0.027069152256985234,,2.881792477085964,-0.016409938679978392,-0.016409938679978392,0.011655440824251158,0.043285188593004446,0.0005,1.1577811219065228,-0.0012946454735479527,-0.0013167398820004485,0.0033222591362126247,0.07783875962203923,0.0028,1.9223239981214013,0.004543040184482158,0.004540241961114632,0.21418227519501587,0.2622246548359651,-0.00035555555555555557,32.56307443313078,-0.009093557853972154,-0.008416403847673035,0.005766553986876119,0.35506196896711517,7.93103448275862e-05,24.290732903384665,0.004128431886675152,0.0041412030544823114,0.03801715698191644,0.038682189524202694,0.014648266690944938,0.41047175157297916
odMXEAde5Y,2026,vzqoYzONMa,pzeQZ6xQKw,104.0,-1.3801,-1.4109,6,-0.092,-0.0928,3,0.0005,0.0,0,-0.0057,-0.007,1,-0.0236,0.0413,34,0.0022,-0.0033,21,6,3,3,1.5891,0.1667,2026-09-05,24,-1.4987000000000004,65,True,-1.2739384615384617,5.538461538461538,-0.08492307692307692,2.769230769230769,0.0004615384615384616,0.0,-0.005261538461538462,0.9230769230769231,-0.021784615384615385,31.384615384615387,0.002030769230769231,19.384615384615387,-1.383415384615385,60.0,2.769230769230769,5.538461538461538,1.4668615384615384,50.0,-1.4109,-1.302369230769231,0.021362203846968835,0.04640573869042975,-0.23001666666666667,4.471356920922206,0.036168510632858086,0.059408344509764795,0.010218093855726062,0.028678917864907755,-0.030666666666666665,2.9564429406106667,-0.017589418598311934,-0.016835024642487064,0.0,0.04581389016751004,,1.0701414906074442,-0.0012170676766139208,-0.0012170676766139208,0.0011098779134295228,0.08221260243570114,-0.0057,1.761429236397213,0.004144471894980091,0.004160232582249474,0.20471921699935186,0.27388216495825446,-0.0006941176470588235,31.54292012916308,-0.010965933895746066,-0.008152730015929487,0.0041824337781318464,0.3687836577821413,0.00010476190476190477,21.050598276859667,0.0035830226103744766,0.003588809042096231,0.014123584967540733,0.04095256379908002,0.6804798836601385,0.01476687527188967
odMXRoXoqY,2026,kRQalz6oqK,Vj58weDM8n,105.0,-0.0288,-0.0599,6,-0.0658,-0.0667,5,0.0005,0.0,0,0.0013,0.0,0,-0.066,-0.0004,26,0.0017,-0.0039,19,6,1,5,0.9401,0.0,2026-02-23,1,-0.1571,56,True,-0.026331428571428568,5.485714285714286,-0.06016,4.571428571428571,0.0004571428571428572,0.0,0.0011885714285714286,0.0,-0.06034285714285715,23.771428571428572,0.0015542857142857142,17.37142857142857,-0.14363428571428571,51.2,0.9142857142857144,5.485714285714286,0.8595200000000001,83.33333333333334,-0.05989999999999995,-0.054765714285714244,0.021362203846968835,0.04683105127852783,-0.0048,4.469362650967461,0.057655038563059535,0.05938184779330661,0.01691493085882438,0.028946694384082813,-0.01316,3.008558998434267,-0.01751171541710693,-0.017131791783052398,0.0,0.04623404140666874,,1.069670281407561,-0.0012165317722581562,-0.0012165317722581562,0.0,0.08293754561811274,,1.6842093030925882,0.0039778506415533415,0.0039778506415533415,0.16447250288380957,0.2757893608978995,-0.0025384615384615385,29.442868405802486,-0.018650922119464043,-0.007609940868636274,0.003785614664275752,0.37101403992684695,8.94736842105263e-05,20.29779100852129,0.0034542419035226406,0.003460466773813129,0.027707961799306395,0.04086190078472625,0.6663875578855394,0.015074447986485589
odMXRoXoqY,2026,KAqBroL4qb,Vj58weDM8n,106.0,0.0651,0.0336,4,-0.113,-0.1138,3,0.0035,0.003,2,0.036,0.0347,3,-0.0735,-0.0073,35,0.0031,-0.0026,25,5,1,3,1.0336,0.0,2026-03-01,2,-0.0788,72,True,0.05895849056603773,3.6226415094339623,-0.10233962264150942,2.716981132075472,0.003169811320754717,1.8113207547169812,0.032603773584905654,2.716981132075472,-0.06656603773584906,31.698113207547166,0.0028075471698113205,22.641509433962263,-0.07136603773584904,65.20754716981132,0.9056603773584906,4.528301886792454,0.9360905660377359,60.0,0.033600000000000074,0.03043018867924535,0.014343606244813343,0.047255984648415836,0.016275,4.3817744133701195,0.05840594664789798,0.058218113319362455,0.010218093855726062,0.029214323301186104,-0.03766666666666667,2.954813308914657,-0.017791070988750834,-0.016825744947153307,0.011655440824251158,0.046653822803158336,0.00175,1.1537045245249178,-0.001273278302349675,-0.0013121035839526978,0.0033222591362126247,0.08366134446616015,0.011999999999999999,1.9101863218812203,0.004572739571644009,0.004511574584007574,0.2094790648483472,0.2776865643339975,-0.0021,31.62914484554615,-0.020376373075573516,-0.008175016057630533,0.004975124378109453,0.37322871560620957,0.000124,22.254432722874338,0.0037888978903549866,0.0037940446315185795,0.027326861743222953,0.04021086794615207,0.44634791899516024,0.0223398016833237
odMXRoXoqY,2026,0Oq6oe8AQ6,Vj58weDM8n,103.0,0.1855,0.155,1,-0.0355,-0.0363,1,0.0028,0.0022,1,0.0012,0.0,0,-0.0282,0.0362,23,0.0099,0.0044,20,1,0,1,0.155,1.0,2026-03-07,3,0.1357,46,True,0.17289320388349516,0.9320388349514562,-0.033087378640776696,0.9320388349514562,0.0026097087378640776,0.9320388349514562,0.0011184466019417475,0.0,-0.026283495145631067,21.436893203883496,0.009227184466019417,18.640776699029125,0.1264776699029126,42.87378640776699,0.0,0.9320388349514562,0.14446601941747572,100.0,0.155,0.14446601941747572,0.003624897134080235,0.045980046376263226,0.1855,4.259077027116211,0.05924666031332277,0.0565879038053529,0.0034293925216784442,0.028410993621519526,-0.0355,2.904298131932961,-0.01683495739876195,-0.01653809378445886,0.005861881820464166,0.045393368596699575,0.0028,1.1129214975241135,-0.0012400350207881592,-0.0012657212089557458,0.0,0.08148651220296954,,1.6868741641009146,0.0039841446449483805,0.0039841446449483805,0.14830946355164235,0.27196489736136725,-0.0012260869565217391,28.837906880831056,-0.011592036893327762,-0.007453579695893834,0.00398406374501992,0.36653740149227726,0.000495,20.783882170539272,0.0035702092244496446,0.0035433379746497755,0.03713398486984293,0.03885799173564262,0.1182367319392734,0.07941059462296901
odMXRoXoqY,2026,Vj589JE4q8,Vj58weDM8n,101.0,-0.4969,-0.5268,2,-0.0338,-0.0346,1,0.0185,0.018,1,0.0012,0.0,0,-0.0375,0.0255,32,0.0057,0.0003,25,2,1,1,0.4732,0.0,2026-03-14,4,-0.5428,61,True,-0.4723009900990099,1.900990099009901,-0.03212673267326732,0.9504950495049505,0.017584158415841586,0.9504950495049505,0.0011405940594059404,0.0,-0.03564356435643565,30.415841584158414,0.005417821782178218,23.762376237623762,-0.515928712871287,57.980198019801975,0.9504950495049505,1.900990099009901,0.4497742574257426,50.0,-0.5267999999999999,-0.5007207920792078,0.007223609427050639,0.04512752053375302,-0.24845,4.305776483979898,0.04906751979018863,0.057208372596111966,0.0034293925216784442,0.027874701472863753,-0.0338,2.9059012298223834,-0.01682730855325324,-0.01654722238697712,0.005861881820464166,0.044551212499878944,0.0185,1.113903319348507,-0.0011386147394520836,-0.0012668378310259595,0.0,0.08003087967968145,,1.6895474714922398,0.003990458597437615,0.003990458597437615,0.19502546663613604,0.2680998263788889,-0.001171875,31.284452679317422,-0.013658883858553798,-0.008085925315290841,0.004975124378109453,0.3619965837381058,0.000228,22.65324602083028,0.0038685183833901096,0.0038620362748433136,0.025301689619757227,0.03916088193509897,0.24245017770716915,0.0403688807966046
odMXRoXoqY,2026,KAqBroj4qb,Vj58weDM8n,100.0,-0.3735,-0.4031,8,-0.0322,-0.033,5,0.0005,0.0,0,0.0047,0.0035,1,-0.0388,0.0237,18,0.0432,0.0379,9,8,3,5,2.5969,0.125,2026-03-22,5,-0.3961,41,True,-0.35856,7.68,-0.030912000000000002,4.800000000000001,0.00048000000000000007,0.0,0.004512,0.96,-0.037248,17.28,0.041472,8.64,-0.38025600000000004,39.36,2.88,7.68,2.493024,62.5,-0.4030999999999998,-0.3869759999999998,0.028281553028987088,0.04470068598514822,-0.0466875,4.565177146879678,0.052911628513051576,0.06065487982426522,0.01691493085882438,0.027606333322638656,-0.0064399999999999995,3.0127117625608473,-0.017193437198745894,-0.01715543908077125,0.0,0.04412957699158392,,1.0720304862595103,-0.001219216023883485,-0.001219216023883485,0.0011098779134295228,0.0793013319140693,0.0047,1.7670165837779601,0.004178014576495774,0.004173429061643262,0.11993512676015416,0.26615186045015843,-0.0021555555555555555,27.790635827704946,-0.013506040414264297,-0.007182897142893886,0.0017967658215212617,0.3597016747647554,0.0048000000000000004,17.209712401769146,0.0030771490628676733,0.0029339960160295496,0.028248098515521347,0.04220475265438941,0.9789280422135798,0.010311283845872326
odMXRoXoqY,2026,eVq36la65W,Vj58weDM8n,100.0,0.571,0.5413,3,-0.0257,-0.0266,2,0.0005,0.0,0,0.0012,0.0,0,-0.0029,0.0595,39,0.0361,0.0308,37,3,1,2,1.5413,0.3333,2026-04-04,6,0.5801999999999998,81,True,0.54816,2.88,-0.024672,1.92,0.00048000000000000007,0.0,0.0011519999999999998,0.0,-0.0027839999999999996,37.44,0.034656,35.519999999999996,0.5569919999999998,77.76,0.96,2.88,1.479648,66.66666666666666,0.5412999999999999,0.5196479999999999,0.010796419581442509,0.04470068598514822,0.19033333333333333,4.350613854150966,0.06612018059903203,0.057804100913297005,0.00683534396587721,0.027606333322638656,-0.01285,2.933205522591648,-0.016846169576277503,-0.01670270262145149,0.0,0.04412957699158392,,1.0720304862595103,-0.001219216023883485,-0.001219216023883485,0.0,0.0793013319140693,,1.6908873051404538,0.003993623084254863,0.003993623084254863,0.2279620129126287,0.26615186045015843,-7.435897435897436e-05,33.156257334380136,-0.007178182320202114,-0.008569720662481205,0.007345642247369466,0.3597016747647554,0.0009756756756756756,26.878493419445768,0.00474135383906407,0.004582377134984746,0.04961158960198786,0.03988846182472043,0.37005237743907726,0.026822169401798556
odMXRoXoqY,2026,Pk5L3DgmMO,Vj58weDM8n,94.0,0.8367,0.8088,10,-0.0111,-0.0119,8,0.0029,0.0025,1,0.0011,0.0,0,-0.1139,-0.0552,32,0.0105,0.0054,22,10,2,8,2.8088,0.4,2026-04-11,7,0.7262,73,True,0.8545021276595746,10.212765957446809,-0.011336170212765957,8.170212765957446,0.0029617021276595744,1.0212765957446808,0.001123404255319149,0.0,-0.11632340425531916,32.680851063829785,0.01072340425531915,22.46808510638298,0.7416510638297872,74.5531914893617,2.0425531914893615,10.212765957446809,2.8685617021276597,80.0,0.8088000000000002,0.826008510638298,0.03510374418555889,0.04213164362835147,0.08367,4.6635101902473295,0.0734836350827674,0.06196137434492054,0.026791978693812845,0.025993007621227308,-0.0013875,3.0973483884517226,-0.017279989616765367,-0.017637389759729907,0.005861881820464166,0.04159192842454726,0.0029,1.117353380092246,-0.0012443181162336747,-0.0012707615714382442,0.0,0.07489963042638617,,1.6989711456243488,0.004012715907216967,0.004012715907216967,0.19502546663613604,0.25424278015988333,-0.003559375,31.876760376921567,-0.02876004954854578,-0.00823901592088949,0.004380724810832338,0.34557787060803086,0.0004772727272727273,22.17742471147449,0.0038107213467304555,0.003780915928761973,0.03402271505516999,0.04260783892884184,1.3849652253814542,0.007310372514489923
odMXRoXoqY,2026,KPqj3z7yQ6,Vj58weDM8n,99.0,-0.7288,-0.7582,4,0.0429,0.0421,2,0.0037,0.0032,2,-0.0135,-0.0147,3,-0.0152,0.0466,26,0.0135,0.0082,19,5,2,2,1.2418,0.0,2026-04-18,8,-0.6973999999999999,56,True,-0.7067151515151515,3.878787878787879,0.0416,1.9393939393939394,0.0035878787878787883,1.9393939393939394,-0.01309090909090909,2.909090909090909,-0.014739393939393938,25.212121212121215,0.01309090909090909,18.424242424242422,-0.6762666666666666,54.3030303030303,1.9393939393939394,4.848484848484849,1.2041696969696971,40.0,-0.7582,-0.7352242424242424,0.014343606244813343,0.04427346966994863,-0.1822,4.395491327472507,0.04607549099328,0.058400362057948366,0.00683534396587721,0.027337816958284907,0.02145,2.9340154966894016,-0.01616293479456692,-0.016707314898491633,0.011655440824251158,0.04370756918706364,0.00185,1.157269972426834,-0.0012758644359740735,-0.0013161585537227326,0.0033222591362126247,0.07857062614795715,-0.0045,1.9207983597356273,0.00449285048759079,0.004536638631278794,0.16447250288380957,0.2641934977551204,-0.0005846153846153846,29.914299580837195,-0.009336476749785157,-0.007731789165351102,0.003785614664275752,0.3573901965395055,0.0007105263157894736,20.737441403542697,0.0035778159166594795,0.00353542052535322,0.027370881417204118,0.04071715859701491,0.5098686216017526,0.019611234527371145
odMXRoXoqY,2026,N6MmgzeRqE,Vj58weDM8n,106.0,-1.6296,-1.661,6,0.0244,0.0236,2,0.003,0.0025,1,0.0013,0.0,0,-0.0304,0.0358,24,0.0107,0.0051,20,6,4,2,2.339,0.0,2026-04-22,9,-1.6206,53,True,-1.4758641509433963,5.433962264150944,0.02209811320754717,1.8113207547169812,0.0027169811320754715,0.9056603773584906,0.0011773584905660378,0.0,-0.027532075471698114,21.735849056603776,0.009690566037735849,18.113207547169814,-1.46771320754717,48.0,3.6226415094339623,5.433962264150944,2.118339622641509,33.33333333333333,-1.661,-1.5043018867924527,0.021362203846968835,0.047255984648415836,-0.2716,4.467370159148382,0.03216784505302804,0.05935537470191308,0.00683534396587721,0.029214323301186104,0.0122,2.928355053849432,-0.01631690339367317,-0.01667508234856168,0.005861881820464166,0.046653822803158336,0.003,1.1114520057597932,-0.0012370946493834932,-0.0012640499617953451,0.0,0.08366134446616015,,1.6828800274825964,0.003974711091244304,0.003974711091244304,0.1537661802406755,0.2776865643339975,-0.0012666666666666666,28.862757940482933,-0.011934520329124926,-0.007460002816490211,0.00398406374501992,0.37322871560620957,0.000535,20.564340425789617,0.0035357740157422254,0.0035059094232940046,0.01018981178783298,0.04143686008960415,0.6519070492633197,0.01540413175505838
odMXRoXoqY,2026,eV5D89Va5K,Vj58weDM8n,100.0,0.1671,0.1375,5,0.0448,0.044,4,0.0005,0.0,0,0.0052,0.0039,1,-0.0283,0.0341,24,0.0054,0.0001,15,5,1,4,1.1375,0.2,2026-04-25,10,0.1947,49,True,0.160416,4.800000000000001,0.043008,3.84,0.00048000000000000007,0.0,0.004992,0.96,-0.027167999999999998,23.04,0.005184,14.399999999999999,0.18691200000000002,47.04,0.96,4.800000000000001,1.092,80.0,0.13749999999999996,0.13199999999999995,0.01786544408219076,0.04470068598514822,0.03342,4.4364391712424505,0.06054017868005034,0.05894441247768429,0.013577878462138824,0.027606333322638656,0.0112,2.986209682571114,-0.016319521935851643,-0.017004526927664663,0.0,0.04412957699158392,,1.0720304862595103,-0.001219216023883485,-0.001219216023883485,0.0011098779134295228,0.0793013319140693,0.0052,1.7670165837779601,0.004178995162835273,0.004173429061643262,0.1537661802406755,0.26615186045015843,-0.0011791666666666667,29.323670543897858,-0.01173056749558556,-0.007579132434204549,0.0029910269192422734,0.3597016747647554,0.00036,19.281594048414135,0.003298150212454871,0.0032872205415199482,0.03874801860001979,0.04060218669509479,0.6150177714226984,0.016313011948845164
odMXRoXoqY,2026,4JMA1nd6MK,Vj58weDM8n,103.0,0.7202,0.6897,7,-0.0898,-0.0906,5,-0.0033,-0.0038,1,-0.0026,-0.0038,1,-0.0041,0.0602,28,-0.0239,-0.0295,15,7,2,5,2.6897,0.0,2026-05-03,11,0.5964999999999999,57,True,0.6712543689320388,6.524271844660194,-0.08369708737864079,4.660194174757281,-0.003075728155339806,0.9320388349514562,-0.0024233009708737865,0.9320388349514562,-0.0038213592233009713,26.097087378640776,-0.022275728155339805,13.980582524271844,0.5559611650485436,53.12621359223301,1.8640776699029125,6.524271844660194,2.506904854368932,71.42857142857143,0.6897000000000002,0.6428271844660196,0.024834152450295324,0.045980046376263226,0.10288571428571427,4.516208160249489,0.07005337317907805,0.06000425709844169,0.01691493085882438,0.028410993621519526,-0.01796,3.0102187295122182,-0.017765780781344283,-0.017141242874840232,0.005861881820464166,0.045393368596699575,-0.0033,1.1129214975241135,-0.0012798302879811953,-0.0012657212089557458,0.0011098779134295228,0.08148651220296954,-0.0026,1.762822757998828,0.004153815921885141,0.004163523871988121,0.1749113031204952,0.27196489736136725,-0.00014642857142857144,30.105316111252964,-0.0071912050439347465,-0.007781160187269251,0.0029910269192422734,0.36653740149227726,-0.0015933333333333333,19.075746707274288,0.003151490139449931,0.003252126679129052,0.051121863127152896,0.04123178337849364,0.8099888153695892,0.01243516318653965
odMXRoXoqY,2026,KAqBroVJqb,Vj58weDM8n,98.0,0.4559,0.4268,2,-0.3947,-0.3955,2,-0.015,-0.0155,1,-0.0041,-0.0053,1,0.0541,0.1153,47,0.0093,0.004,42,2,0,2,0.4268,0.5,2026-05-10,12,0.10550000000000004,95,True,0.446595918367347,1.9591836734693877,-0.38664489795918366,1.9591836734693877,-0.014693877551020407,0.9795918367346939,-0.004016326530612246,0.9795918367346939,0.05299591836734694,46.04081632653061,0.009110204081632652,41.14285714285714,0.10334693877551024,93.06122448979592,0.0,1.9591836734693877,0.41808979591836737,100.0,0.4268,0.41808979591836737,0.007223609427050639,0.04384587107573929,0.22795,4.311555785630842,0.06397085484998775,0.05728515884904978,0.00683534396587721,0.027069152256985234,-0.19735,2.9348259182425065,-0.020556646418465253,-0.016711929723499722,0.005861881820464166,0.043285188593004446,-0.015,1.1153793045092941,-0.0013591538945267971,-0.0012685164631004303,0.0011098779134295228,0.07783875962203923,-0.0041,1.769823571106794,0.004167365810106877,0.00418005874616426,0.2624508711749691,0.2622246548359651,0.001151063829787234,35.3886788770775,0.003944681287544154,-0.009146722729659166,0.008330027766759222,0.35506196896711517,0.00022142857142857142,28.812338385741395,0.0049242953598603294,0.004912068491485677,0.05509139699450707,0.0392501171704404,0.263710182353365,0.037235571979839066
odMXRoXoqY,2026,gpMOgl9nMz,Vj58weDM8n,100.0,0.2982,0.2685,2,-0.0436,-0.0444,2,0.0021,0.0016,1,0.0175,0.0163,2,-0.0296,0.0329,23,0.011,0.0057,17,2,0,2,0.2685,0.0,2026-05-13,13,0.25560000000000005,47,True,0.286272,1.92,-0.041856,1.92,0.002016,0.96,0.016800000000000002,1.92,-0.028416000000000004,22.080000000000002,0.01056,16.32,0.24537600000000004,45.12,0.0,1.92,0.25776000000000004,100.0,0.2685,0.25776000000000004,0.007223609427050639,0.04470068598514822,0.1491,4.307701195605223,0.06146007667446176,0.05723394513110336,0.00683534396587721,0.027606333322638656,-0.0218,2.933205522591648,-0.017025612320869746,-0.01670270262145149,0.005861881820464166,0.04412957699158392,0.0021,1.1143948801714307,-0.0012462494031780498,-0.0012673968812019604,0.0022172949002217295,0.0793013319140693,0.00875,1.8431458624154669,0.004379342114989763,0.004353235039031662,0.14830946355164235,0.26615186045015843,-0.0012869565217391305,29.068164757865706,-0.011947007962822474,-0.007513093218986105,0.0033884791708192145,0.3597016747647554,0.0006470588235294117,19.972221263962464,0.0034372144078109084,0.0034049620500167478,0.03905776351039216,0.03950894949851221,0.253304585757084,0.038705981150266904
odMXRoXoqY,2026,315V9zknM9,Vj58weDM8n,103.0,1.602,1.5715,5,0.0351,0.0342,4,0.0005,0.0,0,0.0017,0.0004,1,-0.0337,0.0306,41,0.0098,0.0043,32,5,1,4,2.5715,0.0,2026-05-16,14,1.6154,83,True,1.4931262135922332,4.660194174757281,0.032714563106796116,3.728155339805825,0.00046601941747572817,0.0,0.0015844660194174755,0.9320388349514562,-0.031409708737864084,38.213592233009706,0.009133980582524272,29.8252427184466,1.5056155339805826,77.35922330097087,0.9320388349514562,4.660194174757281,2.3967378640776698,80.0,1.5715,1.4646990291262134,0.01786544408219076,0.045980046376263226,0.3204,4.430497782538397,0.08317437530612397,0.0588654726674121,0.013577878462138824,0.028410993621519526,0.008775,2.983738580117404,-0.016404261091784403,-0.01699045560224489,0.0,0.045393368596699575,,1.0706131151427236,-0.0012176040533289855,-0.0012176040533289855,0.0011098779134295228,0.08148651220296954,0.0017,1.762822757998828,0.004162228949476035,0.004163523871988121,0.23688312364197092,0.27196489736136725,-0.0008219512195121951,33.40058011034992,-0.013091194168004345,-0.008632869464845335,0.006359300476947536,0.36653740149227726,0.00030625,24.883407282375224,0.004263728698502549,0.00424224508389951,0.060887273640984806,0.04043031250288052,0.5816063834420194,0.017233990751497133
odMXRoXoqY,2026,xW5pOJdJMg,Vj58weDM8n,102.0,-0.9129,-0.9432,6,0.0145,0.0137,4,0.0005,0.0,0,-0.0007,-0.002,1,-0.0497,0.014,20,-0.0003,-0.0057,13,6,2,4,1.0568,0.3333,2026-05-24,15,-0.9486000000000001,44,True,-0.8592,5.647058823529411,0.013647058823529411,3.764705882352941,0.00047058823529411766,0.0,-0.0006588235294117646,0.9411764705882353,-0.046776470588235294,18.823529411764707,-0.00028235294117647056,12.235294117647058,-0.8928,41.411764705882355,1.8823529411764706,5.647058823529411,0.9946352941176471,66.66666666666666,-0.9432,-0.8877176470588235,0.021362203846968835,0.04555397382726262,-0.15215,4.475350804768246,0.043645131563082216,0.059461408944488696,0.013577878462138824,0.028142921531641923,0.003625,2.9845618263990823,-0.01661748589916034,-0.016995143455762547,0.0,0.04497247620439232,,1.0710851555627712,-0.0012181409030281492,-0.0012181409030281492,0.0011098779134295228,0.08075927219536061,-0.0007,1.7642184862629986,0.004160825064639433,0.004166820373533903,0.13150874989037448,0.2700374781153283,-0.0024850000000000002,28.151794350938996,-0.015519339219492742,-0.007276243856540627,0.002593257530420906,0.3642751009820834,-2.3076923076923076e-05,18.458178081485475,0.0031375753700073165,0.0031468405566542246,0.017588565976047736,0.041285541659345504,0.7073586077948558,0.014213728503448037
odMXRoXoqY,2026,KAqBroeBqb,Vj58weDM8n,104.0,0.3798,0.349,4,-0.05,-0.0508,3,0.0005,0.0,0,-0.0052,-0.0065,1,-0.0289,0.036,29,0.0088,0.0032,22,4,1,3,1.349,0.0,2026-07-22,17,0.30500000000000005,59,True,0.35058461538461544,3.6923076923076925,-0.046153846153846156,2.769230769230769,0.0004615384615384616,0.0,-0.0048,0.9230769230769231,-0.026676923076923077,26.76923076923077,0.008123076923076924,20.307692307692307,0.28153846153846157,54.46153846153846,0.9230769230769231,3.6923076923076925,1.2452307692307691,75.0,0.349,0.3221538461538461,0.014343606244813343,0.04640573869042975,0.09495,4.38568478795526,0.06340724086618052,0.058270068214626845,0.010218093855726062,0.028678917864907755,-0.016666666666666666,2.9564429406106667,-0.017166489638064313,-0.016835024642487064,0.0,0.04581389016751004,,1.0701414906074442,-0.0012170676766139208,-0.0012170676766139208,0.0011098779134295228,0.08221260243570114,-0.0052,1.761429236397213,0.004145449380682865,0.004160232582249474,0.18003349632311236,0.27388216495825446,-0.000996551724137931,30.27884859858652,-0.011849477575405887,-0.007826012201998071,0.004380724810832338,0.3687836577821413,0.0004,21.39101396096626,0.003668352209192097,0.003646844774341242,0.04098800756597135,0.040199041050118504,0.45634379576355927,0.021861162157395458
odMXRoXoqY,2026,2vQ1g14O5r,Vj58weDM8n,102.0,0.809,0.7788,5,0.0615,0.0607,4,0.0005,0.0,0,0.0012,0.0,0,-0.0432,0.0205,24,0.0052,-0.0003,11,5,1,4,1.7788,0.2,2026-07-25,18,0.8341999999999999,44,True,0.7614117647058825,4.705882352941177,0.05788235294117647,3.764705882352941,0.00047058823529411766,0.0,0.0011294117647058823,0.0,-0.04065882352941177,22.588235294117645,0.004894117647058823,10.352941176470589,0.7851294117647059,41.411764705882355,0.9411764705882353,4.705882352941177,1.674164705882353,80.0,0.7787999999999999,0.7329882352941175,0.01786544408219076,0.04555397382726262,0.1618,4.432476476460234,0.0706522793362995,0.05889176243409072,0.013577878462138824,0.028142921531641923,0.015375,2.9845618263990823,-0.016141328690696705,-0.016995143455762547,0.0,0.04497247620439232,,1.0710851555627712,-0.0012181409030281492,-0.0012181409030281492,0.0,0.08075927219536061,,1.6882097594908945,0.0039872991216331555,0.0039872991216331555,0.1537661802406755,0.2700374781153283,-0.0018000000000000002,29.168406033255526,-0.01445296438138433,-0.0075390020457960245,0.002195170624625823,0.3642751009820834,0.0004727272727272727,17.772483773754495,0.003041731608016991,0.0030299400344299243,0.045868876090840456,0.040156715185567085,0.587919778907123,0.017052078777316446
odMXRoXoqY,2026,xW5pOJyJMg,Vj58weDM8n,104.0,0.1279,0.0971,5,-0.0507,-0.0516,4,0.0005,0.0,0,0.0013,0.0,0,-0.0118,0.0531,26,-0.0039,-0.0095,13,5,1,4,1.0971,0.0,2026-07-31,19,0.06330000000000001,48,True,0.11806153846153847,4.615384615384616,-0.0468,3.6923076923076925,0.0004615384615384616,0.0,0.0012,0.0,-0.010892307692307692,24.0,-0.0036,12.0,0.05843076923076924,44.30769230769231,0.9230769230769231,4.615384615384616,1.0127076923076923,80.0,0.09709999999999996,0.0896307692307692,0.01786544408219076,0.04640573869042975,0.025580000000000002,4.428520854438733,0.05981184324856754,0.05883920636219582,0.013577878462138824,0.028678917864907755,-0.012675,2.9829157878705814,-0.017268498251264763,-0.016985770334161196,0.0,0.04581389016751004,,1.0701414906074442,-0.0012170676766139208,-0.0012170676766139208,0.0,0.08221260243570114,,1.6855406803027195,0.00398099515552779,0.00398099515552779,0.16447250288380957,0.27388216495825446,-0.00045384615384615385,29.520405680240586,-0.008578616322473021,-0.007629981513639221,0.002593257530420906,0.3687836577821413,-0.0003,18.32727280400693,0.003102162289396589,0.0031245231841361457,0.039830818443140216,0.040111905177445416,0.5657433664242726,0.017708661522610913
odMXRoXoqY,2026,NWMWkzoDMl,Vj58weDM8n,104.0,-0.4516,-0.4824,5,0.0226,0.0217,2,0.0005,0.0,0,-0.0166,-0.0178,2,-0.0112,0.0537,31,0.085,0.0794,20,5,3,2,2.5176,0.0,2026-08-16,20,-0.37129999999999996,60,True,-0.41686153846153845,4.615384615384616,0.02086153846153846,1.8461538461538463,0.0004615384615384616,0.0,-0.015323076923076924,1.8461538461538463,-0.01033846153846154,28.615384615384613,0.07846153846153847,18.461538461538463,-0.3427384615384615,55.38461538461538,2.769230769230769,4.615384615384616,2.3239384615384613,40.0,-0.48240000000000016,-0.4452923076923079,0.01786544408219076,0.04640573869042975,-0.09032,4.428520854438733,0.050642125961488975,0.05883920636219582,0.00683534396587721,0.028678917864907755,0.0113,2.9299700933507515,-0.0163439270719665,-0.01668427895081293,0.0,0.04581389016751004,,1.0701414906074442,-0.0012170676766139208,-0.0012170676766139208,0.0022172949002217295,0.08221260243570114,-0.0083,1.8373177924917063,0.00429603495866816,0.004339470008971159,0.19008942954436575,0.27388216495825446,-0.00036129032258064514,30.784477210817144,-0.008558414942060841,-0.007956699327570637,0.00398406374501992,0.3687836577821413,0.00425,20.710182592753075,0.003867376906302812,0.0035307733098512207,0.032686128135818684,0.04085140372602072,0.5700748856035256,0.017576473281399035
odMXRoXoqY,2026,7VqGXP3zQv,Vj58weDM8n,99.0,-0.2984,-0.3278,6,-0.0614,-0.0622,4,0.0088,0.0083,1,0.0012,0.0,0,-0.0181,0.0437,28,0.0057,0.0004,19,6,2,4,1.6722,0.1667,2026-08-19,21,-0.3622000000000001,58,True,-0.28935757575757576,5.818181818181818,-0.05953939393939394,3.878787878787879,0.008533333333333334,0.9696969696969697,0.0011636363636363637,0.0,-0.017551515151515155,27.15151515151515,0.005527272727272727,18.424242424242422,-0.3512242424242425,56.24242424242424,1.9393939393939394,5.818181818181818,1.6215272727272725,66.66666666666666,-0.3278000000000001,-0.31786666666666674,0.021362203846968835,0.04427346966994863,-0.04973333333333333,4.481355026226346,0.053508200129354866,0.0595411835773807,0.013577878462138824,0.027337816958284907,-0.01535,2.9870342932145606,-0.01740083237875459,-0.0170092225503375,0.005861881820464166,0.04370756918706364,0.0088,1.1148868750333176,-0.001203012865371094,-0.0012679564250087543,0.0,0.07857062614795715,,1.6922292654870246,0.003996792594015759,0.003996792594015759,0.1749113031204952,0.2641934977551204,-0.0006464285714285715,30.426674849210762,-0.009928952126315843,-0.007864220063086121,0.003785614664275752,0.3573901965395055,0.00030000000000000003,20.737441403542697,0.003545587974251105,0.00353542052535322,0.0325177833271802,0.040931997658317315,0.7494255425094253,0.013426592463757079
odMXRoXoqY,2026,4JMA1nk2MK,Vj58weDM8n,95.0,1.1057,1.0776,5,-0.1825,-0.1832,4,0.0013,0.0008,1,0.0011,0.0,0,-0.0317,0.0276,37,0.0036,-0.0015,29,6,1,4,2.0776,0.1667,2026-08-23,22,0.8975,76,True,1.1173389473684208,5.052631578947368,-0.18442105263157893,4.042105263157895,0.0013136842105263159,1.0105263157894737,0.0011115789473684211,0.0,-0.03203368421052631,37.38947368421053,0.003637894736842105,29.305263157894736,0.9069473684210526,76.80000000000001,1.0105263157894737,6.063157894736842,2.0994694736842106,66.66666666666666,1.0776,1.0889431578947368,0.01786544408219076,0.04256077648112915,0.22113999999999998,4.446376976291892,0.07558761079142558,0.05907645037054083,0.013577878462138824,0.026262266901200856,-0.045625,2.9903372949767264,-0.0186493126258053,-0.01702803100264903,0.005861881820464166,0.0420158051273663,0.0013,1.1168592063882843,-0.0012542428243132494,-0.0012701995496429926,0.0,0.07563616776058033,,1.6976184754497083,0.004009521102442927,0.004009521102442927,0.21882985295635568,0.2562543966484767,-0.0008567567567567567,33.08553459159286,-0.012883137565426426,-0.008551441333060539,0.005766553986876119,0.34797494963450326,0.00012413793103448277,24.557656057868044,0.004180146085578454,0.0041867094205131445,0.050990584963901985,0.04042300900814434,0.6808515507782298,0.014758933218146144
odMXRoXoqY,2026,N6MmgzGWqE,Vj58weDM8n,100.0,-0.3212,-0.3509,6,-0.0589,-0.0597,5,0.0071,0.0066,2,0.0012,0.0,0,-0.0121,0.0504,36,0.0062,0.0008,22,6,1,5,0.6491,0.1667,2026-08-29,23,-0.37770000000000004,71,True,-0.308352,5.76,-0.056544,4.800000000000001,0.006816000000000001,1.92,0.0011519999999999998,0.0,-0.011616,34.56,0.005952000000000001,21.12,-0.362592,68.16,0.96,5.76,0.623136,83.33333333333334,-0.3509,-0.336864,0.021362203846968835,0.04470068598514822,-0.05353333333333333,4.479351829788193,0.05312066405465586,0.059514568259877935,0.01691493085882438,0.027606333322638656,-0.01178,3.0127117625608473,-0.01746556259034715,-0.01715543908077125,0.011655440824251158,0.04412957699158392,0.00355,1.1567592740833514,-0.0012523810856416222,-0.0013155777385204363,0.0,0.0793013319140693,,1.6908873051404538,0.003993623084254863,0.003993623084254863,0.21418227519501587,0.26615186045015843,-0.0003361111111111111,32.389739976283686,-0.008910260403243048,-0.008371603016825874,0.004380724810832338,0.3597016747647554,0.0002818181818181818,21.69878930283329,0.0037098987654263847,0.0036993158212587475,0.03319598182510529,0.040364887329273985,0.7367864710803309,0.013653771744769344
odMXRoXoqY,2026,0Oq6oe2gQ6,Vj58weDM8n,94.0,0.4457,0.4179,2,0.0735,0.0728,2,0.0005,0.0,0,0.0321,0.031,1,-0.026,0.0327,27,0.0181,0.0131,18,2,0,2,0.4179,0.0,2026-09-04,24,0.5438999999999999,50,True,0.4551829787234042,2.0425531914893615,0.07506382978723403,2.0425531914893615,0.0005106382978723404,0.0,0.03278297872340425,1.0212765957446808,-0.0265531914893617,27.574468085106385,0.018485106382978723,18.382978723404257,0.5554723404255318,51.06382978723404,0.0,2.0425531914893615,0.4267914893617021,100.0,0.4179,0.4267914893617021,0.007223609427050639,0.04213164362835147,0.22285,4.319285697624203,0.06392641984735181,0.05738786173831879,0.00683534396587721,0.025993007621227308,0.03675,2.938072086432287,-0.015878015958331958,-0.016730414545485607,0.0,0.04159192842454726,,1.074876517020368,-0.001222452803389831,-0.001222452803389831,0.0011098779134295228,0.07489963042638617,0.0321,1.775464385208743,0.004251981977947896,0.004193381505962059,0.16972471267568665,0.25424278015988333,-0.0009629629629629629,30.578499371849826,-0.011559756132434804,-0.007903461336177045,0.0035870864886408927,0.34557787060803086,0.0010055555555555555,20.76570234643743,0.003602441641825713,0.0035402385892421818,0.04312061857296883,0.03926515314847055,0.28263707527407356,0.03482892426609456
odMXRoXoqY,2026,9YqdezW7Qv,Vj58weDM8n,103.0,1.176,1.1455,6,0.0906,0.0897,4,-0.0001,-0.0006,1,0.0012,0.0,0,-0.0374,0.0269,16,0.0098,0.0043,8,6,2,4,3.1455,0.1667,2026-09-10,25,1.2401,35,True,1.0960776699029127,5.592233009708738,0.08444271844660194,3.728155339805825,-9.320388349514564e-05,0.9320388349514562,0.0011184466019417475,0.0,-0.03485825242718447,14.9126213592233,0.009133980582524272,7.45631067961165,1.1558213592233009,32.62135922330097,1.8640776699029125,5.592233009708738,2.931728155339806,66.66666666666666,1.1455000000000002,1.0676504854368933,0.021362203846968835,0.045980046376263226,0.19599999999999998,4.473352971393942,0.07689509808233554,0.05943486488292689,0.013577878462138824,0.028410993621519526,0.02265,2.983738580117404,-0.015842145439509053,-0.01699045560224489,0.005861881820464166,0.045393368596699575,-0.0001,1.1129214975241135,-0.0012589540822405864,-0.0012657212089557458,0.0,0.08148651220296954,,1.6868741641009146,0.0039841446449483805,0.0039841446449483805,0.10804887439196957,0.27196489736136725,-0.0023375,27.06353395824039,-0.013074449687535898,-0.006994967007968251,0.001597444089456869,0.36653740149227726,0.001225,16.684357058703316,0.00287253614739926,0.0028444308654000405,0.05357622966539763,0.04101229657410642,0.6911008610821595,0.014543235400823296
odMXRoXoqY,2026,eVq36leX5W,Vj58weDM8n,105.0,1.3472,1.3161,6,0.0013,0.0005,6,0.0005,0.0,0,0.0003,-0.0009,1,-0.0375,0.028,30,0.0039,-0.0018,12,6,0,6,1.3161,0.1667,2026-09-13,26,1.3156999999999999,55,True,1.2317257142857143,5.485714285714286,0.0011885714285714286,5.485714285714286,0.0004571428571428572,0.0,0.00027428571428571427,0.9142857142857144,-0.03428571428571429,27.428571428571427,0.0035657142857142858,10.971428571428572,1.2029257142857142,50.28571428571429,0.0,5.485714285714286,1.2032914285714287,100.0,1.3161,1.2032914285714287,0.021362203846968835,0.04683105127852783,0.22453333333333333,4.469362650967461,0.07955073855606128,0.05938184779330661,0.020229480976184842,0.028946694384082813,0.00021666666666666666,3.0350245475854285,-0.016919577317237776,-0.01728249591673161,0.0,0.04623404140666874,,1.069670281407561,-0.0012165317722581562,-0.0012165317722581562,0.0011098779134295228,0.08293754561811274,0.0003,1.7600379162291486,0.004152918817032097,0.0041569464919678336,0.1850924842280916,0.2757893608978995,-0.00125,30.451469497086233,-0.013459257074637744,-0.007870628603232089,0.0023942537909018356,0.37101403992684695,0.000325,17.92330115298947,0.003062282815671796,0.0030556521195300767,0.055170574024631505,0.040224790112582676,0.6694839523131971,0.015005774166123153
p6qb4pwM0G,2026,Vj589ne4q8,a2lqR4JMr0,103.0,0.8113,0.7808,5,0.035,0.0342,4,0.0017,0.0011,1,0.0454,0.0441,1,-0.0248,0.0395,34,0.0054,-0.0001,20,5,1,4,1.7808,0.0,2026-02-22,1,0.874,65,True,0.7561631067961165,4.660194174757281,0.03262135922330098,3.728155339805825,0.0015844660194174755,0.9320388349514562,0.04231456310679612,0.9320388349514562,-0.023114563106796115,31.689320388349515,0.005033009708737865,18.640776699029125,0.8146019417475727,60.58252427184466,0.9320388349514562,4.660194174757281,1.659774757281553,80.0,0.7807999999999999,0.7277359223300971,0.01786544408219076,0.045980046376263226,0.16226000000000002,4.430497782538397,0.07065714987101616,0.0588654726674121,0.013577878462138824,0.028410993621519526,0.00875,2.983738580117404,-0.016405273912779492,-0.01699045560224489,0.005861881820464166,0.045393368596699575,0.0017,1.1129214975241135,-0.0012472112165114937,-0.0012657212089557458,0.0011098779134295228,0.08148651220296954,0.0454,1.762822757998828,0.004247728788016044,0.004163523871988121,0.20471921699935186,0.27196489736136725,-0.0007294117647058823,31.62620718775925,-0.01122340023673257,-0.00817425677691975,0.00398406374501992,0.36653740149227726,0.00027,20.783882170539272,0.003551578254376452,0.0035433379746497755,0.0495805715473851,0.04014190092592961,0.5811232022280157,0.017248072986406498
p6qb4pwM0G,2026,p6qbYzLB50,a2lqR4JMr0,105.0,1.9555,1.9243,7,0.0507,0.0498,6,0.0192,0.0187,1,0.0001,-0.0011,3,0.0204,0.086,41,0.0285,0.0228,29,7,1,6,2.9243,0.4286,2026-03-01,2,2.0744000000000007,87,True,1.7878857142857143,6.4,0.046354285714285716,5.485714285714286,0.017554285714285713,0.9142857142857144,9.142857142857143e-05,2.742857142857143,0.018651428571428572,37.48571428571429,0.02605714285714286,26.514285714285716,1.8965942857142863,79.54285714285714,0.9142857142857144,6.4,2.6736457142857146,85.71428571428571,1.9243000000000001,1.75936,0.024834152450295324,0.04683105127852783,0.27935714285714286,4.5121796121364,0.08976559416242667,0.059950732099563454,0.020229480976184842,0.028946694384082813,0.008450000000000001,3.0350245475854285,-0.016414075586475594,-0.01728249591673161,0.005861881820464166,0.04623404140666874,0.0192,1.1119414049793725,-0.0011320466525623252,-0.0012646065535884285,0.0033222591362126247,0.08293754561811274,3.3333333333333335e-05,1.911695142502269,0.004500349438572963,0.004515138192796818,0.23688312364197092,0.2757893608978995,0.0004975609756097561,33.22512249811654,-0.002637242211304278,-0.008587519873370579,0.005766553986876119,0.37101403992684695,0.0009827586206896553,23.68991937356675,0.004149737485800606,0.004038773422788919,0.07823231663645806,0.04137002137145857,0.7872085735585882,0.012790409327699311
p6qb4pwM0G,2026,gOMnGzrX5w,a2lqR4JMr0,103.0,-0.0756,-0.1061,5,0.0285,0.0277,3,0.0032,0.0027,1,0.0012,0.0,0,-0.0105,0.0538,51,0.0116,0.0061,39,5,2,3,1.8939,0.0,2026-03-08,3,-0.041600000000000005,99,True,-0.0704621359223301,4.660194174757281,0.026563106796116502,2.796116504854369,0.0029825242718446603,0.9320388349514562,0.0011184466019417475,0.0,-0.009786407766990293,47.53398058252427,0.010811650485436891,36.349514563106794,-0.038772815533980584,92.27184466019418,1.8640776699029125,4.660194174757281,1.765188349514563,60.0,-0.10610000000000008,-0.0988893203883496,0.01786544408219076,0.045980046376263226,-0.01512,4.430497782538397,0.05661702436400075,0.0588654726674121,0.010218093855726062,0.028410993621519526,0.0095,2.9572584307225895,-0.016380532348250664,-0.016839668329649546,0.005861881820464166,0.045393368596699575,0.0032,1.1129214975241135,-0.0012374254950705832,-0.0012657212089557458,0.0,0.08148651220296954,,1.6868741641009146,0.0039841446449483805,0.0039841446449483805,0.2785650191927529,0.27196489736136725,-0.00020588235294117648,35.93539857119373,-0.008761663448545334,-0.009288030447596168,0.007739630879142687,0.36653740149227726,0.00029743589743589743,27.2747969309462,0.004676739855634369,0.004649940897628522,0.03889828757271691,0.040106138223787544,0.5794410176320187,0.017297280016770306
p6qb4pwM0G,2026,KPqj3zoRQ6,a2lqR4JMr0,100.0,0.1685,0.1388,3,-0.0525,-0.0533,2,0.0005,0.0,0,-0.0045,-0.0058,1,-0.0045,0.0579,26,0.0179,0.0125,17,3,1,2,1.1388,0.3333,2026-03-15,4,0.1254,49,True,0.16176000000000001,2.88,-0.0504,1.92,0.00048000000000000007,0.0,-0.004319999999999999,0.96,-0.004319999999999999,24.96,0.017183999999999998,16.32,0.12038400000000002,47.04,0.96,2.88,1.093248,66.66666666666666,0.13880000000000003,0.13324800000000003,0.010796419581442509,0.04470068598514822,0.05616666666666667,4.350613854150966,0.059818231041026744,0.057804100913297005,0.00683534396587721,0.027606333322638656,-0.02625,2.933205522591648,-0.017114832456449132,-0.01670270262145149,0.0,0.04412957699158392,,1.0720304862595103,-0.001219216023883485,-0.001219216023883485,0.0011098779134295228,0.0793013319140693,-0.0045,1.7670165837779601,0.004159971787848984,0.004173429061643262,0.16447250288380957,0.26615186045015843,-0.00017307692307692307,29.834682115962163,-0.007292214551222806,-0.007711210864641436,0.0033884791708192145,0.3597016747647554,0.001052941176470588,19.972221263962464,0.0034646826810262443,0.0034049620500167478,0.04181662247834655,0.039749362514980596,0.3708213701521056,0.026768035698848232
p6qb4pwM0G,2026,7VqGXPm6Qv,a2lqR4JMr0,106.0,-0.4413,-0.4727,6,-0.3104,-0.3113,4,0.0005,0.0,0,-0.0171,-0.0184,4,-0.0069,0.0592,44,0.0092,0.0035,36,6,2,4,1.5273,0.1667,2026-03-22,5,-0.7660000000000001,94,True,-0.3996679245283019,5.433962264150944,-0.28111698113207545,3.6226415094339623,0.0004528301886792453,0.0,-0.01548679245283019,3.6226415094339623,-0.006249056603773584,39.84905660377359,0.008332075471698112,32.60377358490566,-0.6937358490566039,85.13207547169812,1.8113207547169812,5.433962264150944,1.3832150943396226,66.66666666666666,-0.4726999999999999,-0.4281056603773584,0.021362203846968835,0.047255984648415836,-0.07355,4.467370159148382,0.0510683253525475,0.05935537470191308,0.013577878462138824,0.029214323301186104,-0.0776,2.981271563979882,-0.019887100960932984,-0.016976407545744934,0.0,0.046653822803158336,,1.0691994869946686,-0.0012159963396379924,-0.0012159963396379924,0.004424778761061947,0.08366134446616015,-0.004275,1.9859550866807614,0.00463220834231588,0.00469052908159533,0.24988480393958798,0.2776865643339975,-0.00015681818181818182,33.892552313325155,-0.007899159133368933,-0.008760026891290797,0.007148530579825258,0.37322871560620957,0.00025555555555555553,25.972635776460727,0.004443736834234841,0.004427942089612644,0.031142014095158314,0.04152141509644733,0.6653426157111038,0.01509776545811585
p6qb4pwM0G,2026,gpMOglzEMz,a2lqR4JMr0,102.0,0.1874,0.1572,3,0.0042,0.0033,2,0.0005,0.0,0,0.0118,0.0106,2,0.0141,0.0778,35,0.0331,0.0277,42,3,1,2,1.1572,0.0,2026-04-04,6,0.25110000000000005,84,True,0.1763764705882353,2.8235294117647056,0.003952941176470588,1.8823529411764706,0.00047058823529411766,0.0,0.011105882352941175,1.8823529411764706,0.013270588235294117,32.94117647058823,0.031152941176470585,39.529411764705884,0.23632941176470593,79.05882352941177,0.9411764705882353,2.8235294117647056,1.089129411764706,66.66666666666666,0.1572,0.1479529411764706,0.010796419581442509,0.04555397382726262,0.06246666666666667,4.346727819844211,0.06006045380273489,0.057752469413294795,0.00683534396587721,0.028142921531641923,0.0021,2.9315869152806973,-0.01653729933571375,-0.016693485702838906,0.0,0.04497247620439232,,1.0710851555627712,-0.0012181409030281492,-0.0012181409030281492,0.0022172949002217295,0.08075927219536061,0.0059,1.8402272130351027,0.004360778430160754,0.004346341625434651,0.2094790648483472,0.2700374781153283,0.00040285714285714285,31.964088159625984,-0.003833503736894292,-0.00826158706624837,0.008330027766759222,0.3642751009820834,0.000788095238095238,28.400745543584694,0.004988011765574291,0.004841898128906585,0.047820300022833745,0.040767495495520605,0.3617517514813508,0.027420745132754047
p6qb4pwM0G,2026,zeQZLz7K5K,a2lqR4JMr0,106.0,0.0834,0.052,5,-0.0009,-0.0017,3,0.0005,0.0,0,0.0112,0.0099,4,0.0539,0.1201,56,-0.0073,-0.013,53,5,2,3,2.052,0.2,2026-04-19,8,0.1408,121,True,0.07553207547169812,4.528301886792454,-0.0008150943396226414,2.716981132075472,0.0004528301886792453,0.0,0.010143396226415094,3.6226415094339623,0.048815094339622646,50.716981132075475,-0.006611320754716981,48.0,0.1275169811320755,109.58490566037736,1.8113207547169812,4.528301886792454,1.8584150943396227,60.0,0.052000000000000046,0.04709433962264155,0.01786544408219076,0.047255984648415836,0.01668,4.4245722862592505,0.05905499582818814,0.058786744010637756,0.010218093855726062,0.029214323301186104,-0.0003,2.954813308914657,-0.01666287567400578,-0.016825744947153307,0.0,0.046653822803158336,,1.0691994869946686,-0.0012159963396379924,-0.0012159963396379924,0.004424778761061947,0.08366134446616015,0.0028,1.9859550866807614,0.004694379281423254,0.00469052908159533,0.29774384271551574,0.2776865643339975,0.0009625,36.91042893703048,0.003878180693365135,-0.009540041336171147,0.010488818523649317,0.37322871560620957,-0.00013773584905660377,31.718949586548785,0.005305058510963624,0.0054076017975762,0.05505374230029639,0.041303092266846836,0.5582534734145782,0.017941989630669137
p6qb4pwM0G,2026,NWMWkzV7Ml,a2lqR4JMr0,103.0,0.3024,0.2719,7,0.0367,0.0359,5,0.0017,0.0012,1,0.0079,0.0067,3,0.009,0.0733,47,0.0129,0.0074,42,7,2,5,2.2719,0.0,2026-04-23,9,0.37060000000000004,105,True,0.2818485436893204,6.524271844660194,0.03420582524271845,4.660194174757281,0.0015844660194174755,0.9320388349514562,0.0073631067961165055,2.796116504854369,0.008388349514563107,43.80582524271845,0.012023300970873788,39.14563106796116,0.34541359223300977,97.86407766990291,1.8640776699029125,6.524271844660194,2.1174990291262135,71.42857142857143,0.27190000000000003,0.253421359223301,0.024834152450295324,0.045980046376263226,0.0432,4.516208160249489,0.0633592501541849,0.06000425709844169,0.01691493085882438,0.028410993621519526,0.007340000000000001,3.0102187295122182,-0.016477564446849457,-0.017141242874840232,0.005861881820464166,0.045393368596699575,0.0017,1.1129214975241135,-0.0012472112165114937,-0.0012657212089557458,0.0033222591362126247,0.08148651220296954,0.0026333333333333334,1.9147199457946547,0.004524009281320731,0.0045222823260676025,0.2624508711749691,0.27196489736136725,0.00019148936170212765,34.92147118685621,-0.004902060744524981,-0.009025966054495835,0.008330027766759222,0.36653740149227726,0.0003071428571428571,28.29967820890519,0.004856883027290689,0.004824667674940956,0.05011330605491039,0.041918276961158435,0.8184126016038409,0.01230874553248661
p6qb4pwM0G,2026,2vQ1g1Z45r,a2lqR4JMr0,104.0,0.8195,0.7887,6,-0.0482,-0.0491,4,0.0005,0.0,0,0.0013,0.0,0,0.0417,0.1067,55,0.02,0.0145,47,7,2,4,2.7887,0.0,2026-04-26,10,0.8347999999999999,112,True,0.7564615384615385,5.538461538461538,-0.04449230769230769,3.6923076923076925,0.0004615384615384616,0.0,0.0012,0.0,0.038492307692307694,50.769230769230774,0.01846153846153846,43.38461538461539,0.7705846153846152,103.38461538461539,1.8461538461538463,6.461538461538462,2.574184615384615,57.14285714285714,0.7887,0.7280307692307693,0.021362203846968835,0.04640573869042975,0.13658333333333333,4.471356920922206,0.07118542336999846,0.059408344509764795,0.013577878462138824,0.028678917864907755,-0.01205,2.9829157878705814,-0.0172431847087457,-0.016985770334161196,0.0,0.04581389016751004,,1.0701414906074442,-0.0012170676766139208,-0.0012170676766139208,0.0,0.08221260243570114,,1.6855406803027195,0.00398099515552779,0.00398099515552779,0.29399009087016664,0.27388216495825446,0.0007581818181818182,36.85202055758463,0.001489534089917456,-0.009524944834441438,0.009312462849217357,0.3687836577821413,0.000425531914893617,29.901406063631057,0.005168757385299222,0.00509773808046651,0.06336445761538331,0.040759294900542545,0.6814061056174278,0.014747098956452665
p6qb4pwM0G,2026,OlMlWzAgQL,a2lqR4JMr0,106.0,0.6076,0.5761,2,0.0455,0.0447,2,0.0298,0.0293,2,0.0022,0.0009,1,-0.0113,0.0549,50,0.0248,0.0191,47,2,0,2,0.5761,0.5,2026-05-02,11,0.6986000000000001,104,True,0.5502792452830189,1.8113207547169812,0.04120754716981132,1.8113207547169812,0.02698867924528302,1.8113207547169812,0.0019924528301886795,0.9056603773584906,-0.010233962264150943,45.283018867924525,0.022460377358490564,42.56603773584906,0.6326943396226417,94.18867924528303,0.0,1.8113207547169812,0.5217509433962264,100.0,0.5761,0.5217509433962264,0.007223609427050639,0.047255984648415836,0.3038,4.296178667591857,0.06609662605725945,0.05708085193681183,0.00683534396587721,0.029214323301186104,0.02275,2.928355053849432,-0.016105731280474413,-0.01667508234856168,0.011655440824251158,0.046653822803158336,0.0149,1.1537045245249178,-0.0010964511095420113,-0.0013121035839526978,0.0011098779134295228,0.08366134446616015,0.0022,1.7586487922821377,0.004153349675129717,0.00415366558883206,0.2746028570545772,0.2776865643339975,-0.000226,35.401490625177814,-0.008834433810097813,-0.00915003411373097,0.009312462849217357,0.37322871560620957,0.0005276595744680851,29.690838830047117,0.005160596501192534,0.00506183954770671,0.04937395603346747,0.03915913702710525,0.22659189513155314,0.043072450353299686
p6qb4pwM0G,2026,e7MzyomXQr,a2lqR4JMr0,101.0,-0.3541,-0.3841,4,-0.0255,-0.0263,1,0.0025,0.002,2,0.0749,0.0737,3,-0.008,0.0551,55,0.0679,0.0625,62,4,3,1,2.6159,0.0,2026-05-10,12,-0.24230000000000002,127,True,-0.336570297029703,3.801980198019802,-0.02423762376237624,0.9504950495049505,0.0023762376237623766,1.900990099009901,0.07119207920792078,2.8514851485148514,-0.007603960396039604,52.27722772277228,0.06453861386138614,58.930693069306926,-0.2303049504950495,120.7128712871287,2.8514851485148514,3.801980198019802,2.4863999999999997,25.0,-0.3841000000000001,-0.3650851485148516,0.014343606244813343,0.04512752053375302,-0.088525,4.391563453707428,0.05193498580463995,0.0583481746611573,0.0034293925216784442,0.027874701472863753,-0.0255,2.9059012298223834,-0.01674459510289904,-0.01654722238697712,0.011655440824251158,0.044551212499878944,0.00125,1.156249026279085,-0.001282824820788724,-0.001314997435714605,0.0033222591362126247,0.08003087967968145,0.024966666666666665,1.9177543363214304,0.00467347064501464,0.004529449102953049,0.29399009087016664,0.2680998263788889,-0.00014545454545454546,37.14548650748165,-0.008366679233979404,-0.009600795410373583,0.012248123271434215,0.3619965837381058,0.0010951612903225807,35.38405656971891,0.006433191096290159,0.006032447177667374,0.03664754838827757,0.04144705570871242,0.4935384573909636,0.020246991441022526
p6qb4pwM0G,2026,0Oq6oeExQ6,a2lqR4JMr0,99.0,0.2029,0.1735,4,0.0059,0.0051,4,0.0005,0.0,0,-0.0037,-0.0049,3,0.0575,0.1193,53,0.0145,0.0092,53,4,0,4,0.1735,0.0,2026-05-14,13,0.2776,117,True,0.19675151515151515,3.878787878787879,0.005721212121212121,3.878787878787879,0.0004848484848484849,0.0,-0.0035878787878787883,2.909090909090909,0.05575757575757576,51.39393939393939,0.014060606060606062,51.39393939393939,0.2691878787878788,113.45454545454547,0.0,3.878787878787879,0.16824242424242425,100.0,0.1735,0.16824242424242425,0.014343606244813343,0.04427346966994863,0.050725,4.395491327472507,0.06076075932044147,0.058400362057948366,0.013577878462138824,0.027337816958284907,0.001475,2.9870342932145606,-0.01671845095063517,-0.0170092225503375,0.0,0.04370756918706364,,1.0725037776398014,-0.0012197542962947765,-0.0012197542962947765,0.0033222591362126247,0.07857062614795715,-0.0012333333333333335,1.9207983597356273,0.00451369636126234,0.004536638631278794,0.2863608972459056,0.2641934977551204,0.0010849056603773586,36.831365703880344,0.004649004985209413,-0.009519606284773873,0.010488818523649317,0.3573901965395055,0.00027358490566037737,32.520487883390636,0.005579419537908946,0.005544251970148947,0.05756467495789222,0.04073266952796996,0.51426309578333,0.019446911812121492
p6qb4pwM0G,2026,eV5D89an5K,a2lqR4JMr0,101.0,-0.1346,-0.1645,4,0.0301,0.0293,3,0.0035,0.003,1,0.0001,-0.0011,1,0.0098,0.0729,43,0.0189,0.0135,43,4,1,3,0.8355,0.0,2026-05-17,14,-0.07219999999999999,95,True,-0.12793663366336633,3.801980198019802,0.02860990099009901,2.8514851485148514,0.003326732673267327,0.9504950495049505,9.504950495049506e-05,0.9504950495049505,0.009314851485148514,40.87128712871287,0.017964356435643564,40.87128712871287,-0.06862574257425741,90.29702970297029,0.9504950495049505,3.801980198019802,0.7941386138613862,75.0,-0.16449999999999998,-0.15635643564356433,0.014343606244813343,0.04512752053375302,-0.03365,4.391563453707428,0.055391609081367615,0.0583481746611573,0.010218093855726062,0.027874701472863753,0.010033333333333333,2.958890761335154,-0.01637344906170322,-0.01684896339356224,0.005861881820464166,0.044551212499878944,0.0035,1.113903319348507,-0.0012365582837137391,-0.0012668378310259595,0.0011098779134295228,0.08003087967968145,0.0001,1.7656164264353034,0.0041656897347293305,0.004170122099276093,0.24560041776461078,0.2680998263788889,0.00022790697674418604,34.0875558145264,-0.004738564998255205,-0.008810428404243457,0.008526670632559984,0.3619965837381058,0.00043953488372093025,28.84661331488421,0.0049840888831255365,0.004917911849190154,0.04219281535555031,0.04050997898079189,0.48689901390689855,0.020517418409682322
p6qb4pwM0G,2026,KPqj3z6YQ6,a2lqR4JMr0,105.0,-0.3654,-0.3965,1,0.0009,0.0,0,0.0005,0.0,0,0.0005,-0.0008,3,0.0138,0.0794,47,0.0095,0.0039,32,1,1,0,0.6035,1.0,2026-05-23,15,-0.3402,83,True,-0.33408,0.9142857142857144,0.0008228571428571428,0.0,0.0004571428571428572,0.0,0.0004571428571428572,2.742857142857143,0.012617142857142858,42.971428571428575,0.008685714285714286,29.25714285714286,-0.31104,75.88571428571429,0.9142857142857144,0.9142857142857144,0.5517714285714286,0.0,-0.39649999999999996,-0.3625142857142857,0.003624897134080235,0.04683105127852783,-0.3654,4.255277845122762,0.05069620919990296,0.05653742626202237,0.0,0.028946694384082813,,2.87623125267846,-0.016378271114656333,-0.016378271114656333,0.0,0.04623404140666874,,1.069670281407561,-0.0012165317722581562,-0.0012165317722581562,0.0033222591362126247,0.08293754561811274,0.00016666666666666666,1.911695142502269,0.004501196258126674,0.004515138192796818,0.2624508711749691,0.2757893608978995,0.00029361702127659575,34.73802413504216,-0.003945209184212794,-0.008978551475264301,0.006359300476947536,0.37101403992684695,0.000296875,24.707557883080387,0.004232124182690291,0.004212265417481656,0.03788951756959264,0.03869147551012205,0.12175658305442011,0.07729235831666328
p6qb4pwM0G,2026,315V9zPnM9,a2lqR4JMr0,98.0,-0.6015,-0.6305,3,0.0119,0.0111,1,0.0005,0.0,0,0.0012,0.0,0,0.0196,0.0808,25,-0.0005,-0.0058,16,3,2,1,1.3695,0.0,2026-07-23,17,-0.5688000000000001,45,True,-0.5892244897959185,2.9387755102040813,0.011657142857142859,0.9795918367346939,0.0004897959183673469,0.0,0.0011755102040816325,0.0,0.0192,24.48979591836735,-0.0004897959183673469,15.673469387755102,-0.557191836734694,44.08163265306123,1.9591836734693877,2.9387755102040813,1.3415510204081633,33.33333333333333,-0.6305000000000001,-0.6176326530612246,0.010796419581442509,0.04384587107573929,-0.2005,4.354506843011158,0.04780506592356274,0.05785582481444585,0.0034293925216784442,0.027069152256985234,0.0119,2.9083091976642352,-0.016385452825458544,-0.01656093420173906,0.0,0.043285188593004446,,1.0729774871120652,-0.0012202930442004117,-0.0012202930442004117,0.0,0.07783875962203923,,1.6935733575994902,0.003999967138689073,0.003999967138689073,0.15915342051963938,0.2622246548359651,0.000784,29.737469989184053,-0.0027522873209523055,-0.007686084965686904,0.003189792663476874,0.35506196896711517,-3.125e-05,19.76912742102793,0.003357616332472929,0.003370337617478945,0.03480461620411349,0.039758817358987494,0.38184178650259537,0.02601557631343287
p6qb4pwM0G,2026,aDQ0WDN3qE,a2lqR4JMr0,104.0,-0.2839,-0.3147,6,-0.0297,-0.0306,4,0.004,0.0035,1,0.0013,0.0,0,0.0365,0.1015,42,0.004,-0.0015,21,6,2,4,1.6853,0.5,2026-07-26,18,-0.2678,74,True,-0.26206153846153846,5.538461538461538,-0.027415384615384612,3.6923076923076925,0.0036923076923076927,0.9230769230769231,0.0012,0.0,0.03369230769230769,38.769230769230774,0.0036923076923076927,19.384615384615387,-0.2472,68.3076923076923,1.8461538461538463,5.538461538461538,1.5556615384615384,66.66666666666666,-0.3147,-0.29049230769230766,0.021362203846968835,0.04640573869042975,-0.04731666666666667,4.471356920922206,0.0536196561786179,0.059408344509764795,0.013577878462138824,0.028678917864907755,-0.007425,2.9829157878705814,-0.01705586449410463,-0.016985770334161196,0.005861881820464166,0.04581389016751004,0.004,1.1124312353774535,-0.0012316636343020421,-0.001265163635759113,0.0,0.08221260243570114,,1.6855406803027195,0.00398099515552779,0.00398099515552779,0.24126680872392986,0.27388216495825446,0.000869047619047619,33.56543457808557,0.00045536989967078005,-0.008675478518219754,0.0041824337781318464,0.3687836577821413,0.00019047619047619048,21.050598276859667,0.0035905691303701644,0.003588809042096231,0.043359062235779955,0.04005173621924876,0.6795766991416703,0.014786210846965802
p6qb4pwM0G,2026,Xj5YPz9RMb,a2lqR4JMr0,97.0,-0.4736,-0.5023,4,-0.1587,-0.1595,3,0.0777,0.0772,3,0.0012,0.0,0,-0.3991,-0.3386,33,0.0089,0.0037,20,4,1,3,0.4977,0.0,2026-08-02,19,-0.9436000000000001,63,True,-0.46871752577319586,3.9587628865979383,-0.1570639175257732,2.9690721649484537,0.07689896907216495,2.9690721649484537,0.0011876288659793813,0.0,-0.3949855670103093,32.65979381443299,0.008808247422680413,19.79381443298969,-0.9338721649484537,62.35051546391753,0.9896907216494846,3.9587628865979383,0.4925690721649485,75.0,-0.5023,-0.4971216494845361,0.014343606244813343,0.04341788968918779,-0.1184,4.399426233814485,0.05014275050696867,0.05845264289253889,0.010218093855726062,0.02680033909578664,-0.0529,2.9621608345620065,-0.0182963877990221,-0.01686758433922657,0.017381864589308817,0.04286243471522076,0.025900000000000003,1.2007132770654243,-0.0008012808989333106,-0.0013655664519352459,0.0,0.07710572956823622,,1.6949195865615008,0.004003146730281626,0.004003146730281626,0.19990170238138133,0.2602452473392331,-0.012093939393939395,31.87775231072126,-0.08365985218816556,-0.008239272300718291,0.00398406374501992,0.352716809332854,0.000445,21.237335238873865,0.0036438718428575454,0.00362064487350378,-0.04496775180601313,0.039604011404444195,0.5238406453858866,0.019098147999720337
p6qb4pwM0G,2026,jYQJJygZQG,a2lqR4JMr0,99.0,-0.414,-0.4434,2,0.0132,0.0124,1,0.0001,-0.0004,1,0.0175,0.0163,2,0.0302,0.092,44,0.0111,0.0058,34,3,1,1,0.5566,0.0,2026-08-16,20,-0.3419,84,True,-0.4014545454545454,1.9393939393939394,0.0128,0.9696969696969697,9.696969696969696e-05,0.9696969696969697,0.01696969696969697,1.9393939393939394,0.029284848484848486,42.666666666666664,0.010763636363636364,32.96969696969697,-0.3315393939393939,81.45454545454545,0.9696969696969697,2.909090909090909,0.5397333333333333,33.33333333333333,-0.4434,-0.4299636363636364,0.007223609427050639,0.04427346966994863,-0.207,4.309627628718666,0.05040178916115417,0.05725954053851602,0.0034293925216784442,0.027337816958284907,0.0132,2.9075060984268224,-0.016367965880067257,-0.0165563610725687,0.005861881820464166,0.04370756918706364,0.0001,1.1148868750333176,-0.0012598702807813916,-0.0012679564250087543,0.0022172949002217295,0.07857062614795715,0.00875,1.8446086616527597,0.004382817747839165,0.004356689952191115,0.24988480393958798,0.2641934977551204,0.0006863636363636364,34.525676996199294,-0.0007722159228148629,-0.008923667244966283,0.006754072308303536,0.3573901965395055,0.0003264705882352941,25.935844262299142,0.0044489941065128805,0.004421669692174865,0.04083354893184269,0.03928991544033826,0.2595572306997946,0.03780882076647505
p6qb4pwM0G,2026,Pk5L3D6EMO,a2lqR4JMr0,101.0,-1.6516,-1.6816,5,0.023,0.0222,1,0.0005,0.0,0,0.0076,0.0064,4,0.0198,0.0828,37,0.0309,0.0254,33,5,4,1,2.3184,0.2,2026-08-20,21,-1.5698,80,True,-1.5698376237623761,4.752475247524753,0.02186138613861386,0.9504950495049505,0.00047524752475247524,0.0,0.007223762376237623,3.801980198019802,0.01881980198019802,35.16831683168317,0.02937029702970297,31.366336633663366,-1.4920871287128714,76.03960396039605,3.801980198019802,4.752475247524753,2.203627722772277,20.0,-1.6816,-1.5983524752475247,0.01786544408219076,0.04512752053375302,-0.33032,4.434456938571193,0.03169635755794781,0.05891807569367997,0.0034293925216784442,0.027874701472863753,0.023,2.9059012298223834,-0.01626126951950402,-0.01654722238697712,0.0,0.044551212499878944,,1.0715576124179291,-0.0012186782263373136,-0.0012186782263373136,0.004424778761061947,0.08003087967968145,0.0019,1.9938232912644942,0.004705038054564143,0.004709112604791528,0.21882985295635568,0.2680998263788889,0.0005351351351351351,32.55859046804878,-0.00276101180013563,-0.008415244901178395,0.0065567256109676135,0.3619965837381058,0.0009363636363636363,25.40585370707647,0.004458893784816298,0.004331314307886354,0.020619329851351283,0.041777357091865024,0.6106110403016607,0.016428807494844416
p6qb4pwM0G,2026,KAqBrovmqb,a2lqR4JMr0,98.0,0.1058,0.0767,4,0.0474,0.0466,3,0.0119,0.0114,1,0.0053,0.0041,2,-0.0124,0.0488,33,0.0208,0.0155,27,4,1,3,1.0767,0.5,2026-08-30,23,0.17880000000000001,70,True,0.1036408163265306,3.9183673469387754,0.04643265306122449,2.9387755102040813,0.011657142857142859,0.9795918367346939,0.005191836734693878,1.9591836734693877,-0.012146938775510204,32.326530612244895,0.020375510204081633,26.448979591836732,0.17515102040816327,68.57142857142857,0.9795918367346939,3.9183673469387754,1.0547265306122449,75.0,0.07669999999999999,0.075134693877551,0.014343606244813343,0.04384587107573929,0.02645,4.397457900391474,0.059256788653535605,0.058426490779841925,0.010218093855726062,0.027069152256985234,0.015799999999999998,2.9613426388207778,-0.016212521715467762,-0.016862925245260386,0.005861881820464166,0.043285188593004446,0.0119,1.1153793045092941,-0.001183275731656925,-0.0012685164631004303,0.0022172949002217295,0.07783875962203923,0.00265,1.8460737846140975,0.004361329832964474,0.004360150353639446,0.19990170238138133,0.2622246548359651,-0.00037575757575757573,31.792455039327123,-0.008962665388450827,-0.008217225970767726,0.0053709966182613885,0.35506196896711517,0.0007703703703703704,23.595101290714396,0.004098631383763458,0.004022608371866408,0.04135828703468802,0.04046058182621924,0.5184337356616499,0.019293485748739552
p6qb4pwM0G,2026,7vQ7RXeOqD,a2lqR4JMr0,97.0,-0.2353,-0.2641,4,0.0193,0.0185,2,0.0005,0.0,0,0.0045,0.0033,4,-0.0091,0.0514,40,0.0111,0.0059,31,5,2,2,1.7359,0.2,2026-09-06,24,-0.209,81,True,-0.23287422680412373,3.9587628865979383,0.01910103092783505,1.9793814432989691,0.0004948453608247423,0.0,0.00445360824742268,3.9587628865979383,-0.00900618556701031,39.58762886597938,0.01098556701030928,30.680412371134018,-0.20684536082474225,80.16494845360825,1.9793814432989691,4.948453608247423,1.7180041237113404,40.0,-0.2641,-0.2613773195876289,0.014343606244813343,0.04341788968918779,-0.058825,4.399426233814485,0.0539021497170445,0.05845264289253889,0.00683534396587721,0.02680033909578664,0.00965,2.9356367876218465,-0.01640864600774509,-0.01671654709858771,0.0,0.04286243471522076,,1.073451615230542,-0.0012208322682307259,-0.0012208322682307259,0.004424778761061947,0.07710572956823622,0.001125,2.000162887120292,0.004713139311255469,0.00472408578264767,0.23244848951122227,0.2602452473392331,-0.0002275,33.68068845723636,-0.008462844497834318,-0.008705267572503797,0.006161796859471278,0.352716809332854,0.00035806451612903226,25.077221328105757,0.004304272393690598,0.004275287451183085,0.03682723864818043,0.04080936918704742,0.534147144317278,0.01873654907593657
p6qb4pwM0G,2026,aDQ0WDxGqE,a2lqR4JMr0,100.0,0.2165,0.1869,6,0.0206,0.0198,4,0.0113,0.0108,1,0.0012,0.0,0,-0.0226,0.0398,22,0.0091,0.0037,20,6,2,4,2.1869,0.0,2026-09-10,25,0.2361,53,True,0.20783999999999997,5.76,0.019776,3.84,0.010848,0.96,0.0011519999999999998,0.0,-0.021696,21.12,0.008736,19.200000000000003,0.22665600000000002,50.88,1.92,5.76,2.099424,66.66666666666666,0.18690000000000007,0.17942400000000006,0.021362203846968835,0.04470068598514822,0.036083333333333335,4.479351829788193,0.06169597775780182,0.059514568259877935,0.013577878462138824,0.027606333322638656,0.00515,2.986209682571114,-0.016564827608252737,-0.017004526927664663,0.005861881820464166,0.04412957699158392,0.0113,1.1143948801714307,-0.0011861508531602132,-0.0012673968812019604,0.0,0.0793013319140693,,1.6908873051404538,0.003993623084254863,0.003993623084254863,0.1427819177286672,0.26615186045015843,-0.0010272727272727271,28.812658971833553,-0.010609874055528351,-0.0074470540037676605,0.00398406374501992,0.3597016747647554,0.000455,21.008162087284962,0.00360538761729164,0.003581574312761948,0.040934135942407024,0.04137078784426045,0.7344656782048866,0.013696324547150803
p6qb4pwM0G,2026,eVq36leX5W,a2lqR4JMr0,105.0,-0.6081,-0.6393,3,-0.0148,-0.0157,1,0.0005,0.0,0,-0.0036,-0.0049,1,0.0225,0.0881,33,-0.0118,-0.0174,27,3,2,1,1.3607,0.0,2026-09-13,26,-0.6153000000000002,65,True,-0.5559771428571428,2.742857142857143,-0.013531428571428573,0.9142857142857144,0.0004571428571428572,0.0,-0.003291428571428571,0.9142857142857144,0.02057142857142857,30.17142857142857,-0.010788571428571429,24.685714285714283,-0.5625600000000002,59.42857142857143,1.8285714285714287,2.742857142857143,1.2440685714285715,33.33333333333333,-0.6393,-0.5845028571428571,0.010796419581442509,0.04683105127852783,-0.2027,4.340911767460641,0.04755270928674353,0.05767519487453606,0.0034293925216784442,0.028946694384082813,-0.0148,2.9026968018296215,-0.016619617307460335,-0.016528975248335548,0.0,0.04623404140666874,,1.069670281407561,-0.0012165317722581562,-0.0012165317722581562,0.0011098779134295228,0.08293754561811274,-0.0036,1.7600379162291486,0.004145300450913014,0.0041569464919678336,0.19990170238138133,0.2757893608978995,0.0006818181818181818,31.207920315549043,-0.0022001744978153775,-0.00806614440417895,0.0053709966182613885,0.37101403992684695,-0.00043703703703703705,23.011493700557654,0.0038480256294613534,0.0039231120929937606,0.03550971178958403,0.039943602034725,0.33643299918113384,0.02942361478163789
p6qbeEd350,2026,9YqdeZ2LQv,gpMOLwl5zy,97.0,0.7572,0.7284,4,-0.0267,-0.0275,2,0.0025,0.0021,1,0.011,0.0098,2,0.0394,0.1,45,0.0157,0.0105,42,4,2,2,2.7284,0.25,2026-02-22,1,0.7990999999999999,96,True,0.7493938144329897,3.9587628865979383,-0.02642474226804124,1.9793814432989691,0.0024742268041237116,0.9896907216494846,0.01088659793814433,1.9793814432989691,0.03899381443298969,44.5360824742268,0.015538144329896907,41.56701030927835,0.790861855670103,95.01030927835052,1.9793814432989691,3.9587628865979383,2.7002721649484536,50.0,0.7284000000000002,0.7208907216494848,0.014343606244813343,0.04341788968918779,0.1893,4.399426233814485,0.06955973979677701,0.05845264289253889,0.00683534396587721,0.02680033909578664,-0.01335,2.9356367876218465,-0.016870166013397487,-0.01671654709858771,0.005861881820464166,0.04286243471522076,0.0025,1.1158721691755027,-0.0012452850398037062,-0.0012690769961322325,0.0022172949002217295,0.07710572956823622,0.0055,1.8475412368408963,0.004376471823085845,0.004363616256464648,0.254120801152466,0.2602452473392331,0.0008755555555555555,34.96849999046143,0.0010390354165537381,-0.009038121338064874,0.008330027766759222,0.352716809332854,0.00037380952380952376,28.917107417337654,0.004978906927957984,0.004929930028862391,0.06183870291117339,0.04072244374508111,0.5299080551050578,0.01888360488107213
p6qbeEd350,2026,eVq36lkD5W,gpMOLwl5zy,98.0,0.1055,0.0764,2,-0.0035,-0.0043,2,0.0029,0.0025,1,-0.0011,-0.0023,2,-0.0104,0.0508,34,0.0049,-0.0004,16,2,0,2,0.0764,0.0,2026-03-01,2,0.09829999999999998,57,True,0.10334693877551021,1.9591836734693877,-0.003428571428571429,1.9591836734693877,0.002840816326530612,0.9795918367346939,-0.0010775510204081634,1.9591836734693877,-0.010187755102040816,33.30612244897959,0.0048,15.673469387755102,0.0962938775510204,55.836734693877546,0.0,1.9591836734693877,0.07484081632653061,100.0,0.0764,0.07484081632653061,0.007223609427050639,0.04384587107573929,0.05275,4.311555785630842,0.058514251722775,0.05728515884904978,0.00683534396587721,0.027069152256985234,-0.00175,2.9348259182425065,-0.01663280388861056,-0.016711929723499722,0.005861881820464166,0.043285188593004446,0.0029,1.1153793045092941,-0.0012421197266691498,-0.0012685164631004303,0.0022172949002217295,0.07783875962203923,-0.00055,1.8460737846140975,0.004348231305002689,0.004360150353639446,0.20471921699935186,0.2622246548359651,-0.00030588235294117644,32.04932817059501,-0.008594731478478048,-0.00828361859640283,0.003189792663476874,0.35506196896711517,0.00030625,19.76912742102793,0.003378898885916619,0.003370337617478945,0.03977172681993655,0.03875158203716519,0.26391955290602187,0.03720713163049062
p6qbeEd350,2026,vzqoYz9kMa,gpMOLwl5zy,109.0,0.4637,0.4313,11,0.102,0.1011,8,0.0054,0.0049,2,0.0013,0.0,0,-0.0193,0.0488,31,0.0032,-0.0026,16,11,3,8,3.4313,0.0909,2026-03-08,3,0.5562999999999999,68,True,0.40839633027522937,9.688073394495413,0.0898348623853211,7.045871559633028,0.004755963302752294,1.761467889908257,0.001144954128440367,0.0,-0.01699816513761468,27.30275229357798,0.002818348623853211,14.091743119266056,0.48995229357798153,59.88990825688074,2.6422018348623855,9.688073394495413,3.0220623853211004,72.72727272727273,0.4312999999999998,0.37986055045871536,0.03847904275677089,0.04852851451383677,0.04215454545454545,4.675106878908207,0.06730864422061184,0.06211545286902902,0.026791978693812845,0.030016325659461298,0.01275,3.0845542116753135,-0.01604026985770383,-0.017564535222829327,0.011655440824251158,0.04791095281354319,0.0027,1.1521831919643135,-0.0012588415509556777,-0.0013103733784601132,0.0,0.08582590203536375,,1.6789047606098626,0.00396532210505891,0.00396532210505891,0.19008942954436575,0.2833189988135143,-0.0006225806451612904,30.38439339144255,-0.00995633545290566,-0.007853291800628093,0.003189792663476874,0.3797801455963757,0.0002,19.011447210083123,0.0032429544580347873,0.0032411645860860455,0.04726147392214036,0.04259373915825644,1.1321883020456014,0.00892794406136745
p6qbeEd350,2026,KPqj3zoRQ6,gpMOLwl5zy,100.0,1.4824,1.4528,8,-0.0165,-0.0173,7,-0.0318,-0.0323,1,-0.0295,-0.0307,2,0.0254,0.0878,42,0.0086,0.0032,23,8,1,7,2.4528,0.125,2026-03-15,4,1.4385999999999999,83,True,1.423104,7.68,-0.01584,6.720000000000001,-0.030528000000000003,0.96,-0.028319999999999998,1.92,0.024384,40.32,0.008256,22.080000000000002,1.381056,79.67999999999999,0.96,7.68,2.354688,87.5,1.4527999999999999,1.394688,0.028281553028987088,0.04470068598514822,0.1853,4.565177146879678,0.08286360413366485,0.06065487982426522,0.023521755654127043,0.027606333322638656,-0.002357142857142857,3.0657159225403134,-0.017216613880888437,-0.017457263386984417,0.005861881820464166,0.04412957699158392,-0.0318,1.1143948801714307,-0.0014676994950915986,-0.0012673968812019604,0.0022172949002217295,0.0793013319140693,-0.01475,1.8431458624154669,0.004283302363843946,0.004353235039031662,0.24126680872392986,0.26615186045015843,0.0006047619047619047,33.922774692476594,-0.001702812662384208,-0.008767838308136535,0.004578936890304599,0.3597016747647554,0.0003739130434782609,22.044102910607457,0.003778720319045782,0.0037581865755071473,0.07053850077819032,0.04127380286248111,0.9866019500683065,0.010231902071124873
p6qbeEd350,2026,N6Mmgz7ZqE,gpMOLwl5zy,100.0,0.1353,0.1057,1,-0.0291,-0.0299,1,0.0234,0.0229,3,0.0012,0.0,0,-0.0009,0.0615,35,0.0125,0.0071,23,1,0,1,0.1057,0.0,2026-03-22,5,0.1424,63,True,0.129888,0.96,-0.027936000000000002,0.96,0.022463999999999998,2.88,0.0011519999999999998,0.0,-0.000864,33.599999999999994,0.012,22.080000000000002,0.136704,60.480000000000004,0.0,0.96,0.101472,100.0,0.1057,0.101472,0.003624897134080235,0.04470068598514822,0.1353,4.264788537059482,0.058550048432851456,0.05666378934890972,0.0034293925216784442,0.027606333322638656,-0.0291,2.906703442601915,-0.01678510328901234,-0.016551790468344908,0.017381864589308817,0.04412957699158392,0.0078000000000000005,1.199123667995272,-0.0011774784878546868,-0.0013637585958389117,0.0,0.0793013319140693,,1.6908873051404538,0.003993623084254863,0.003993623084254863,0.2094790648483472,0.26615186045015843,-2.5714285714285714e-05,32.13423419025153,-0.0067388164746944946,-0.00830556380160743,0.004578936890304599,0.3597016747647554,0.0005434782608695652,22.044102910607457,0.0037958359872423512,0.0037581865755071473,0.041638109252787145,0.03819448614288048,0.12757852016400212,0.07402629075618063
p6qbeEd350,2026,Oa5wP6Yjq1,gpMOLwl5zy,100.0,1.1321,1.1025,8,0.0333,0.0325,6,0.0005,0.0,0,0.0012,0.0,0,0.0386,0.101,44,0.0115,0.0061,30,8,2,6,3.1025,0.25,2026-04-04,6,1.2172000000000003,88,True,1.0868160000000002,7.68,0.031968,5.76,0.00048000000000000007,0.0,0.0011519999999999998,0.0,0.037056,42.24,0.011040000000000001,28.799999999999997,1.1685120000000002,84.48,1.92,7.68,2.9784,75.0,1.1025,1.0584,0.028281553028987088,0.04470068598514822,0.1415125,4.565177146879678,0.07721018689140996,0.06065487982426522,0.020229480976184842,0.027606333322638656,0.00555,3.03921384255058,-0.016615029192537017,-0.01730635123387783,0.0,0.04412957699158392,,1.0720304862595103,-0.001219216023883485,-0.001219216023883485,0.0,0.0793013319140693,,1.6908873051404538,0.003993623084254863,0.003993623084254863,0.24988480393958798,0.26615186045015843,0.0008772727272727273,34.4337862645409,0.0008725127853382378,-0.008899916738573424,0.005964214711729622,0.3597016747647554,0.00038333333333333334,24.461298165026612,0.004201334832033308,0.004170281855245947,0.06844341237661586,0.041393300767431286,0.9795740396992951,0.010304553957283878
p6qbeEd350,2026,2lqROeRWQr,gpMOLwl5zy,101.0,-0.4817,-0.5116,7,0.0721,0.0713,5,-0.1506,-0.1511,1,-0.0059,-0.0071,2,0.0366,0.0997,36,0.0216,0.0162,34,7,2,5,1.4884,0.2857,2026-04-11,7,-0.5079000000000001,85,True,-0.4578534653465347,6.653465346534654,0.06853069306930692,4.752475247524753,-0.14314455445544555,0.9504950495049505,-0.005607920792079208,1.900990099009901,0.03478811881188119,34.21782178217822,0.02053069306930693,32.31683168316832,-0.4827564356435645,80.79207920792079,1.900990099009901,6.653465346534654,1.4147168316831684,71.42857142857143,-0.5116,-0.4862732673267327,0.024834152450295324,0.04512752053375302,-0.06881428571428572,4.520243908298724,0.050841545471803425,0.06005787775872531,0.01691493085882438,0.027874701472863753,0.014419999999999999,3.0118802928479247,-0.016125963750617034,-0.017150704400147362,0.005861881820464166,0.044551212499878944,-0.1506,1.113903319348507,-0.002242764961761814,-0.0012668378310259595,0.0022172949002217295,0.08003087967968145,-0.00295,1.841685381378367,0.0043280943428525296,0.004349785601114571,0.21418227519501587,0.2680998263788889,0.0010166666666666666,32.3037629103025,0.0004731167597361996,-0.008349380984000883,0.006754072308303536,0.3619965837381058,0.0006352941176470589,25.749929667857245,0.004470812234983986,0.004389974062016733,0.0417448400969973,0.042030714206682404,0.8472413309591023,0.01189490283126388
p6qbeEd350,2026,odMXVzR2qY,gpMOLwl5zy,110.0,1.5954,1.5628,11,0.1099,0.109,8,0.0025,0.0019,1,0.0354,0.0341,3,0.0399,0.1086,51,0.0067,0.0008,39,11,3,8,4.5628,0.0909,2026-04-18,8,1.7897999999999998,113,True,1.3923490909090908,9.600000000000001,0.09591272727272727,6.9818181818181815,0.002181818181818182,0.8727272727272727,0.03089454545454546,2.618181818181818,0.034821818181818176,44.50909090909091,0.005847272727272728,34.03636363636364,1.5620072727272727,98.61818181818182,2.618181818181818,9.600000000000001,3.9820800000000003,72.72727272727273,1.5628000000000002,1.3638981818181821,0.03847904275677089,0.048951936071393795,0.14503636363636363,4.673026374062178,0.08577823890330337,0.06208781039923002,0.026791978693812845,0.030283365387002038,0.0137375,3.0837050236548755,-0.015954268090830424,-0.017559699647938364,0.005861881820464166,0.04832925971200161,0.0025,1.109498709300019,-0.001238172420227762,-0.0012618284854719797,0.0033222591362126247,0.08654515053466595,0.0118,1.9041747814166212,0.004557083487064425,0.004497376223952253,0.2785650191927529,0.28517700738778745,0.0007823529411764706,35.28325633513243,0.0011103893953863157,-0.00911947472856885,0.007739630879142687,0.38193362575782447,0.0001717948717948718,26.61188661653245,0.004537194512983081,0.004536924702118195,0.078790465787679,0.043181108463321266,1.120590383921869,0.009019513322636447
p6qbeEd350,2026,7VqGXPjeQv,gpMOLwl5zy,112.0,1.2137,1.1804,16,-0.2159,-0.2168,11,0.0057,0.0052,2,-0.0471,-0.0484,5,0.0314,0.1013,46,0.0066,0.0005,24,16,5,11,6.1804,0.25,2026-04-23,9,0.9944000000000001,104,True,1.0403142857142857,13.714285714285714,-0.18505714285714286,9.428571428571429,0.004885714285714286,1.7142857142857142,-0.04037142857142857,4.285714285714286,0.026914285714285714,39.42857142857143,0.005657142857142857,20.57142857142857,0.8523428571428571,89.14285714285714,4.285714285714286,13.714285714285714,5.297485714285714,68.75,1.1803999999999997,1.0117714285714283,0.055007411045503475,0.049797649611595635,0.07585625,4.882289412933279,0.081672051756708,0.06486816788942353,0.036472531471705406,0.030817003983279197,-0.01962727272727273,3.1612517740762143,-0.019607727972635228,-0.01800127808544353,0.011655440824251158,0.049164771760890486,0.00285,1.1506658663305727,-0.0012551720377989419,-0.001308647730029572,0.0055248618784530384,0.08798025755104472,-0.009420000000000001,2.0520064767239257,0.004712961136056439,0.004846532592427526,0.2583092245759804,0.2888642720919936,0.0006826086956521739,33.86326530905454,-0.0005207062411932727,-0.008752457235792321,0.004777070063694267,0.3861960325720841,0.000275,21.462983965059884,0.003669830525262617,0.0036591145729499984,0.06867123716639961,0.04531143200353562,1.570592676678765,0.0064519382940095085
p6qbeEd350,2026,9z5kBz7lMA,gpMOLwl5zy,100.0,0.2945,0.2649,5,-0.0687,-0.0695,5,0.0004,-0.0001,1,0.0012,0.0,0,0.01,0.0724,40,0.0066,0.0012,27,5,0,5,0.2649,0.0,2026-04-26,10,0.24400000000000002,78,True,0.28271999999999997,4.800000000000001,-0.065952,4.800000000000001,0.000384,0.96,0.0011519999999999998,0.0,0.009600000000000001,38.400000000000006,0.0063360000000000005,25.92,0.23424000000000003,74.88,0.0,4.800000000000001,0.25430400000000003,100.0,0.2649,0.25430400000000003,0.01786544408219076,0.04470068598514822,0.058899999999999994,4.4364391712424505,0.06255969687734733,0.05894441247768429,0.01691493085882438,0.027606333322638656,-0.013739999999999999,3.0127117625608473,-0.017565443820223264,-0.01715543908077125,0.005861881820464166,0.04412957699158392,0.0004,1.1143948801714307,-0.0012573545700291717,-0.0012673968812019604,0.0,0.0793013319140693,,1.6908873051404538,0.003993623084254863,0.003993623084254863,0.23244848951122227,0.26615186045015843,0.00025,33.411763120412296,-0.0046867620710350985,-0.00863575987769965,0.0053709966182613885,0.3597016747647554,0.00024444444444444443,23.425357341704117,0.004002974999196138,0.003993669592500747,0.047046734499510794,0.039873109314767036,0.6153646444684505,0.016303966438225775
p6qbeEd350,2026,zeQZLz3K5K,gpMOLwl5zy,99.0,1.6991,1.6697,5,-0.1106,-0.1114,5,0.0039,0.0034,1,-0.0367,-0.0379,1,0.0103,0.0721,32,0.0134,0.0081,23,5,0,5,1.6697,0.0,2026-05-03,11,1.5794000000000001,67,True,1.6476121212121213,4.848484848484849,-0.10724848484848484,4.848484848484849,0.0037818181818181818,0.9696969696969697,-0.03558787878787879,0.9696969696969697,0.009987878787878789,31.03030303030303,0.012993939393939394,22.303030303030305,1.531539393939394,64.96969696969697,0.0,4.848484848484849,1.6191030303030303,100.0,1.6697,1.6191030303030303,0.01786544408219076,0.04427346966994863,0.33982,4.438423176849426,0.08486305714810773,0.05897077281766453,0.01691493085882438,0.027337816958284907,-0.02212,3.01354369147714,-0.017997455475302928,-0.017160176376260432,0.005861881820464166,0.04370756918706364,0.0039,1.1148868750333176,-0.0012350360073837905,-0.0012679564250087543,0.0011098779134295228,0.07857062614795715,-0.0367,1.7684189635698921,0.00410007344043294,0.004176741273103438,0.19502546663613604,0.2641934977551204,0.000321875,31.451425385957897,-0.004569377694631619,-0.008129081858556163,0.004578936890304599,0.3573901965395055,0.000582608695652174,22.12368216587775,0.0038135029909518326,0.0037717536365056586,0.06897476440217415,0.04036205306744828,0.6303086718886736,0.0159235699699523
p6qbeEd350,2026,7VqGXPNeQv,gpMOLwl5zy,111.0,-0.6596,-0.6925,5,-0.5175,-0.5184,3,0.0073,0.0068,2,-0.0134,-0.0147,3,0.0073,0.0766,48,0.0043,-0.0017,31,5,2,3,1.3075,0.4,2026-05-10,12,-1.1715999999999998,92,True,-0.5704648648648648,4.324324324324325,-0.4475675675675675,2.5945945945945947,0.0063135135135135145,1.7297297297297298,-0.01158918918918919,2.5945945945945947,0.0063135135135135145,41.513513513513516,0.003718918918918919,26.810810810810807,-1.0132756756756753,79.56756756756756,1.7297297297297298,4.324324324324325,1.1308108108108108,60.0,-0.6924999999999999,-0.5989189189189188,0.01786544408219076,0.049374980936494374,-0.13191999999999998,4.414731602822936,0.0472034002244872,0.058655996516725886,0.010218093855726062,0.030550258121162507,-0.1725,2.9507470787665855,-0.02183194928623247,-0.016802590404305724,0.011655440824251158,0.0487471991998347,0.00365,1.1511711973053336,-0.0012449893379024503,-0.0013092224409446906,0.0033222591362126247,0.08726326815154181,-0.0044666666666666665,1.9026778038079892,0.004450676240706932,0.0044938405865882075,0.26654652021192005,0.28702540703111823,0.00015208333333333333,34.44730581048435,-0.00513383763246441,-0.008903411063371622,0.006161796859471278,0.3840722033630479,0.00013870967741935484,23.862442129043437,0.004063513860976835,0.004068185946683915,0.027506814069571634,0.04020279914137598,0.5061206207528501,0.019753593826327347
p6qbeEd350,2026,gpMOglrrMz,gpMOLwl5zy,100.0,-1.462,-1.4917,10,0.0911,0.0903,5,0.0287,0.0282,2,0.0958,0.0946,2,-0.0074,0.0551,47,0.0101,0.0048,38,10,5,5,3.5083,0.1,2026-05-14,13,-1.2437,104,True,-1.4035199999999999,9.600000000000001,0.087456,4.800000000000001,0.027552,1.92,0.091968,1.92,-0.007104000000000001,45.12,0.009696,36.480000000000004,-1.193952,99.84,4.800000000000001,9.600000000000001,3.3679680000000003,50.0,-1.4916999999999998,-1.4320319999999997,0.03510374418555889,0.04470068598514822,-0.1462,4.651002463971162,0.035756225575666704,0.061795191388652505,0.01691493085882438,0.027606333322638656,0.01822,3.0127117625608473,-0.015936768255508642,-0.01715543908077125,0.011655440824251158,0.04412957699158392,0.01435,1.1567592740833514,-0.001106769661558214,-0.0013155777385204363,0.0022172949002217295,0.0793013319140693,0.0479,1.8431458624154669,0.004539340253600773,0.004353235039031662,0.2624508711749691,0.26615186045015843,-0.0001574468085106383,35.20030362263736,-0.008164796112836733,-0.009098034384228756,0.007542675664946407,0.3597016747647554,0.0002657894736842105,27.223807027219934,0.004660817764418549,0.004641247889233146,0.019748049563782438,0.04322062311339687,1.2292997367398124,0.00822846344792476
p6qbeEd350,2026,gjMNWreD5K,gpMOLwl5zy,97.0,0.1451,0.1163,8,0.0512,0.0504,6,0.0005,0.0,0,0.0139,0.0127,1,0.0149,0.0755,36,0.0049,-0.0003,21,8,2,6,2.1163,0.125,2026-05-17,14,0.23049999999999998,72,True,0.1436041237113402,7.917525773195877,0.05067216494845361,5.938144329896907,0.0004948453608247423,0.0,0.013756701030927835,0.9896907216494846,0.014746391752577321,35.628865979381445,0.004849484536082475,20.783505154639176,0.22812371134020615,71.25773195876289,1.9793814432989691,7.917525773195877,2.0944824742268042,75.0,0.11629999999999985,0.11510103092783489,0.028281553028987088,0.04341788968918779,0.0181375,4.571307364130445,0.061363493389899534,0.06073632849069782,0.020229480976184842,0.02680033909578664,0.008533333333333334,3.0417329753824864,-0.016445228505806837,-0.017320696061143153,0.0,0.04286243471522076,,1.073451615230542,-0.0012208322682307259,-0.0012208322682307259,0.0011098779134295228,0.07710572956823622,0.0139,1.7712304117011985,0.004206063758888424,0.0041833814933731365,0.21418227519501587,0.2602452473392331,0.0004138888888888889,32.6504392306563,-0.0037371184835349636,-0.008438984560054937,0.0041824337781318464,0.352716809332854,0.00023333333333333333,21.586415792440402,0.003685832028069688,0.0036801578351109893,0.04785220991928512,0.041619354929753126,1.0431519433737761,0.00968259426152929
p6qbeEd350,2026,9YqdezYEQv,gpMOLwl5zy,98.0,-0.6165,-0.6455,6,-0.005,-0.0058,4,0.0005,0.0,0,0.0012,0.0,0,0.0009,0.0621,34,0.0106,0.0054,23,6,2,4,1.3545,0.0,2026-05-23,15,-0.6083000000000001,67,True,-0.6039183673469388,5.877551020408163,-0.004897959183673469,3.9183673469387754,0.0004897959183673469,0.0,0.0011755102040816325,0.0,0.0008816326530612245,33.30612244897959,0.010383673469387756,22.53061224489796,-0.5958857142857144,65.63265306122449,1.9591836734693877,5.877551020408163,1.326857142857143,66.66666666666666,-0.6455,-0.6323265306122449,0.021362203846968835,0.04384587107573929,-0.10275000000000001,4.4833600151521065,0.04845449794381822,0.05956782271063407,0.013577878462138824,0.027069152256985234,-0.00125,2.987859359399049,-0.016833618807736834,-0.01701392076702105,0.0,0.043285188593004446,,1.0729774871120652,-0.0012202930442004117,-0.0012202930442004117,0.0,0.07783875962203923,,1.6935733575994902,0.003999967138689073,0.003999967138689073,0.20471921699935186,0.2622246548359651,2.6470588235294115e-05,32.04932817059501,-0.006414126153084928,-0.00828361859640283,0.004578936890304599,0.35506196896711517,0.0004608695652173913,22.203838065373866,0.003814942408255222,0.003785419006634604,0.03180136948574035,0.04083537644833346,0.7645188173143448,0.013165011794809672
p6qbeEd350,2026,gpMOglorMz,gpMOLwl5zy,103.0,-0.2124,-0.243,3,0.0004,-0.0004,2,0.0005,0.0,0,-0.0051,-0.0064,1,-0.0634,0.001,39,0.019,0.0135,37,3,1,2,0.757,0.0,2026-07-23,17,-0.26099999999999995,82,True,-0.1979650485436893,2.796116504854369,0.00037281553398058254,1.8640776699029125,0.00046601941747572817,0.0,-0.004753398058252427,0.9320388349514562,-0.059091262135922334,36.349514563106794,0.01770873786407767,34.48543689320388,-0.24326213592233004,76.42718446601941,0.9320388349514562,2.796116504854369,0.7055533980582525,66.66666666666666,-0.243,-0.22648543689320388,0.010796419581442509,0.045980046376263226,-0.0708,4.344787404827303,0.05378234982385588,0.05772668823638249,0.00683534396587721,0.028410993621519526,0.0002,2.9307782813277754,-0.016570800239095507,-0.016688881057054204,0.0,0.045393368596699575,,1.0706131151427236,-0.0012176040533289855,-0.0012176040533289855,0.0011098779134295228,0.08148651220296954,-0.0051,1.762822757998828,0.004148924626774157,0.004163523871988121,0.2279620129126287,0.27196489736136725,-0.0016256410256410257,32.89361641818115,-0.018753602451059694,-0.008501837268295167,0.007345642247369466,0.36653740149227726,0.0005135135135135135,26.591542745640208,0.004600460831699092,0.004533456379420233,0.025989728538844948,0.04001534610911249,0.35160693945137816,0.02818960529488055
p6qbeEd350,2026,9YqdezoEQv,gpMOLwl5zy,102.0,-0.8954,-0.9257,4,0.0294,0.0286,1,0.0011,0.0006,1,-0.0053,-0.0065,2,-0.0081,0.0556,24,0.0016,-0.0039,10,4,3,1,2.0743,0.0,2026-07-26,18,-0.8766999999999999,42,True,-0.8427294117647058,3.764705882352941,0.027670588235294113,0.9411764705882353,0.001035294117647059,0.9411764705882353,-0.004988235294117647,1.8823529411764706,-0.007623529411764705,22.588235294117645,0.0015058823529411763,9.411764705882353,-0.8251294117647058,39.529411764705884,2.8235294117647056,3.764705882352941,1.9522823529411766,25.0,-0.9257,-0.8712470588235295,0.014343606244813343,0.04555397382726262,-0.22385,4.389602148152223,0.043391360514512596,0.05832211592369276,0.0034293925216784442,0.028142921531641923,0.0294,2.905099459721505,-0.016193021407728127,-0.016542656826377088,0.005861881820464166,0.04497247620439232,0.0011,1.1134121919904345,-0.0012516771346173308,-0.0012662792738278158,0.0022172949002217295,0.08075927219536061,-0.00265,1.8402272130351027,0.0043258916393149665,0.004346341625434651,0.1537661802406755,0.2700374781153283,-0.00033749999999999996,29.168406033255526,-0.007893484601449268,-0.0075390020457960245,0.001996007984031936,0.3642751009820834,0.00016,17.429636619889006,0.0029711250070220945,0.0029714897733177743,0.025350194017054933,0.04029200917644426,0.4748686558248733,0.021026278978252506
p6qbeEd350,2026,jYQJJyakQG,gpMOLwl5zy,100.0,1.3643,1.3346,8,-0.202,-0.2028,7,0.0089,0.0084,2,0.0087,0.0075,1,-0.0058,0.0566,42,0.0068,0.0015,17,8,1,7,2.3346,0.125,2026-08-02,19,1.1808999999999998,77,True,1.309728,7.68,-0.19392,6.720000000000001,0.008544,1.92,0.008352,0.96,-0.005567999999999999,40.32,0.006528,16.32,1.1336639999999998,73.92,0.96,7.68,2.2412159999999997,87.5,1.3346,1.2812160000000001,0.028281553028987088,0.04470068598514822,0.1705375,4.565177146879678,0.08095761333631885,0.06065487982426522,0.023521755654127043,0.027606333322638656,-0.02885714285714286,3.0657159225403134,-0.019127555933014875,-0.017457263386984417,0.011655440824251158,0.04412957699158392,0.00445,1.1567592740833514,-0.0012402468003013382,-0.0013155777385204363,0.0011098779134295228,0.0793013319140693,0.0087,1.7670165837779601,0.0041858592672117684,0.004173429061643262,0.24126680872392986,0.26615186045015843,-0.00013809523809523808,33.922774692476594,-0.0077826820744122845,-0.008767838308136535,0.0033884791708192145,0.3597016747647554,0.00039999999999999996,19.972221263962464,0.003420494589332008,0.0034049620500167478,0.060413482385134123,0.04069259150228383,0.9838542713110987,0.010260184232583206
p6qbeEd350,2026,gpMOglerMz,gpMOLwl5zy,106.0,-0.0436,-0.075,6,0.0404,0.0395,4,0.0028,0.0023,1,-0.0337,-0.0349,4,0.0285,0.0946,41,-0.0092,-0.0149,37,6,2,4,1.925,0.1667,2026-08-17,20,-0.014800000000000004,93,True,-0.03948679245283019,5.433962264150944,0.036588679245283015,3.6226415094339623,0.0025358490566037735,0.9056603773584906,-0.03052075471698113,3.6226415094339623,0.025811320754716982,37.132075471698116,-0.008332075471698112,33.50943396226415,-0.013403773584905665,84.22641509433963,1.8113207547169812,5.433962264150944,1.7433962264150944,66.66666666666666,-0.07499999999999996,-0.06792452830188675,0.021362203846968835,0.047255984648415836,-0.007266666666666667,4.467370159148382,0.05739393421825388,0.05935537470191308,0.013577878462138824,0.029214323301186104,0.0101,2.981271563979882,-0.016337062583485742,-0.016976407545744934,0.005861881820464166,0.046653822803158336,0.0028,1.1114520057597932,-0.0012383976894448697,-0.0012640499617953451,0.004424778761061947,0.08366134446616015,-0.008425,1.9859550866807614,0.004595740582980813,0.00469052908159533,0.23688312364197092,0.2776865643339975,0.0006951219512195123,33.13808315739882,-0.001079508920684468,-0.008565023280070708,0.007345642247369466,0.37322871560620957,-0.00024864864864864865,26.31065423587767,0.004404563755671575,0.0044855691312575595,0.04773926936329118,0.04172599212715498,0.6660651479294138,0.01508163475055785
p6qbeEd350,2026,odMXVzEeqY,gpMOLwl5zy,103.0,-0.1244,-0.155,3,-0.0049,-0.0057,2,0.0049,0.0044,2,-0.0024,-0.0037,1,-0.0149,0.0494,32,0.0073,0.0018,20,3,1,2,0.845,0.3333,2026-08-23,22,-0.1344,60,True,-0.11594563106796116,2.796116504854369,-0.004566990291262136,1.8640776699029125,0.004566990291262136,1.8640776699029125,-0.002236893203883495,0.9320388349514562,-0.0138873786407767,29.8252427184466,0.006803883495145631,18.640776699029125,-0.12526601941747573,55.922330097087375,0.9320388349514562,2.796116504854369,0.7875728155339806,66.66666666666666,-0.15500000000000003,-0.14446601941747575,0.010796419581442509,0.045980046376263226,-0.041466666666666666,4.344787404827303,0.05515832215975323,0.05772668823638249,0.00683534396587721,0.028410993621519526,-0.00245,2.9307782813277754,-0.01662388736484309,-0.016688881057054204,0.011655440824251158,0.045393368596699575,0.00245,1.1552298799055034,-0.0012655364511875524,-0.001313838364582506,0.0011098779134295228,0.08148651220296954,-0.0024,1.762822757998828,0.00415420722549402,0.004163523871988121,0.19502546663613604,0.27196489736136725,-0.000465625,31.11924349559049,-0.009300490024041173,-0.008043224580369584,0.00398406374501992,0.36653740149227726,0.000365,20.783882170539272,0.003559444663962911,0.0035433379746497755,0.03568206020913835,0.0393876060810141,0.35142010857519307,0.02820416947590553
p6qbeEd350,2026,NWMWkzgDMl,gpMOLwl5zy,100.0,0.0773,0.0477,5,-0.1085,-0.1093,4,0.0049,0.0044,3,0.0012,0.0,0,0.0538,0.1162,47,-0.0109,-0.0162,32,5,1,4,1.0477,0.0,2026-08-30,23,0.017799999999999996,91,True,0.074208,4.800000000000001,-0.10416,3.84,0.004704,2.88,0.0011519999999999998,0.0,0.051648,45.12,-0.010464,30.72,0.017087999999999996,87.36,0.96,4.800000000000001,1.005792,80.0,0.047700000000000076,0.04579200000000007,0.01786544408219076,0.04470068598514822,0.015459999999999998,4.4364391712424505,0.059116687831406146,0.05894441247768429,0.013577878462138824,0.027606333322638656,-0.027125,2.986209682571114,-0.017873462414326358,-0.017004526927664663,0.017381864589308817,0.04412957699158392,0.0016333333333333332,1.199123667995272,-0.001306010353396083,-0.0013637585958389117,0.0,0.0793013319140693,,1.6908873051404538,0.003993623084254863,0.003993623084254863,0.2624508711749691,0.26615186045015843,0.0011446808510638298,35.20030362263736,0.003864715408540656,-0.009098034384228756,0.006359300476947536,0.3597016747647554,-0.000340625,25.15192538057494,0.004206272025450211,0.004288023363742746,0.05200182558192944,0.03975973901794956,0.6165627130888759,0.016272801060975416
p6qbeEd350,2026,EGMPG8rxQa,gpMOLwl5zy,105.0,-0.183,-0.2142,3,-0.0586,-0.0595,2,-0.0166,-0.0171,2,-0.0298,-0.0311,2,0.0465,0.1121,32,0.0135,0.0078,21,3,1,2,0.7858,0.0,2026-09-06,24,-0.22799999999999998,62,True,-0.1673142857142857,2.742857142857143,-0.05357714285714285,1.8285714285714287,-0.015177142857142858,1.8285714285714287,-0.027245714285714283,1.8285714285714287,0.04251428571428571,29.25714285714286,0.012342857142857143,19.200000000000003,-0.20845714285714284,56.68571428571428,0.9142857142857144,2.742857142857143,0.7184457142857144,66.66666666666666,-0.21419999999999995,-0.19583999999999993,0.010796419581442509,0.04683105127852783,-0.061,4.340911767460641,0.05419366467797,0.05767519487453606,0.00683534396587721,0.028946694384082813,-0.0293,2.929162350980783,-0.01715230771968308,-0.01667967938201476,0.011655440824251158,0.04623404140666874,-0.0083,1.154212528551184,-0.001409040158647099,-0.0013126813349187006,0.0022172949002217295,0.08293754561811274,-0.0149,1.8358665293657088,0.004265775261162966,0.004336042342382326,0.19502546663613604,0.2757893608978995,0.001453125,30.95577004272811,0.0023321741266209505,-0.008000972470529995,0.0041824337781318464,0.37101403992684695,0.0006428571428571428,20.97621668153038,0.003617570094252558,0.003576128103608287,0.045847836281676296,0.039594032133063214,0.3409375691773438,0.029046152907141694
p6qbeEd350,2026,9vQ2GrNLMK,gpMOLwl5zy,99.0,0.9691,0.9397,5,0.0932,0.0924,4,0.0028,0.0023,1,0.0012,0.0,0,-0.0057,0.0561,34,0.0004,-0.0049,30,5,1,4,1.9397,0.0,2026-09-10,25,1.061,74,True,0.9397333333333333,4.848484848484849,0.09037575757575758,3.878787878787879,0.002715151515151515,0.9696969696969697,0.0011636363636363637,0.0,-0.005527272727272727,32.96969696969697,0.00038787878787878785,29.090909090909093,1.028848484848485,71.75757575757576,0.9696969696969697,4.848484848484849,1.8809212121212122,80.0,0.9397,0.9112242424242425,0.01786544408219076,0.04427346966994863,0.19382,4.438423176849426,0.07328607459055869,0.05897077281766453,0.013577878462138824,0.027337816958284907,0.0233,2.9870342932145606,-0.01583328157953821,-0.0170092225503375,0.005861881820464166,0.04370756918706364,0.0028,1.1148868750333176,-0.0012422248759988855,-0.0012679564250087543,0.0,0.07857062614795715,,1.6922292654870246,0.003996792594015759,0.003996792594015759,0.20471921699935186,0.2641934977551204,-0.00016764705882352942,31.96380065433146,-0.007667238338916189,-0.008261512756291183,0.005964214711729622,0.3573901965395055,1.3333333333333333e-05,24.549603499964093,0.00416232658976384,0.004185336581022427,0.05670244897988501,0.04061421026106529,0.6269693936087202,0.016007022347007748
p6qborPBQ0,2026,0Oq6oe8AQ6,jYQJ8EW5GR,84.0,0.0249,0.0,0,0.0007,0.0,0,0.0105,0.0101,2,0.0162,0.0152,2,-0.0144,0.038,28,-0.0018,-0.0063,9,0,0,0,0.0,0.0,2026-03-07,3,0.0361,41,True,0.028457142857142854,0.0,0.0008,0.0,0.012,2.2857142857142856,0.018514285714285712,2.2857142857142856,-0.016457142857142858,32.0,-0.002057142857142857,10.285714285714285,0.04125714285714285,46.857142857142854,0.0,0.0,0.0,,0.0,0.0,0.0,0.03781906231211113,,4.252288714118217,0.056497711399701285,0.056497711399701285,0.0,0.023292201957585964,,2.892979692481987,-0.016473642614286,-0.016473642614286,0.011655440824251158,0.03733243903173603,0.00525,1.1649849207641345,-0.001238203391591831,-0.001324932733894688,0.0022172949002217295,0.06746918216928659,0.0081,1.8668326326927764,0.004432931678158981,0.004409179650055309,0.1749113031204952,0.23351148538145367,-0.0005142857142857143,31.69542092764964,-0.009610389215604339,-0.008192146082425026,0.0017967658215212617,0.32060070445405603,-0.00019999999999999998,18.260654481666073,0.003101010112614294,0.0031131657664303994,0.036709417968992394,0.03802933538558128,0.01278315708402896,0.44378320675317406
p6qborPBQ0,2026,9YqdezXLQv,jYQJ8EW5GR,105.0,-0.3172,-0.3483,5,0.0302,0.0293,4,-0.0427,-0.0433,3,0.1583,0.1571,7,-0.0276,0.038,30,0.0223,0.0166,21,6,1,4,0.6517,0.3333,2026-03-14,4,-0.17670000000000002,70,True,-0.29001142857142853,4.571428571428571,0.02761142857142857,3.6571428571428575,-0.03904,2.742857142857143,0.14473142857142857,6.4,-0.025234285714285716,27.428571428571427,0.02038857142857143,19.200000000000003,-0.16155428571428573,64.0,0.9142857142857144,5.485714285714286,0.5958399999999999,66.66666666666666,-0.34830000000000005,-0.31844571428571433,0.01786544408219076,0.04683105127852783,-0.06344,4.4265456897985205,0.05274526872318812,0.05881296348704976,0.013577878462138824,0.028946694384082813,0.00755,2.9820934492831057,-0.016444817211865918,-0.016981087649373186,0.017381864589308817,0.04623404140666874,-0.014233333333333334,1.1964836521229953,-0.0016331159338329785,-0.001360756116248973,0.007717750826901874,0.08293754561811274,0.022614285714285715,2.21500959504851,0.005577734789311452,0.005231521594454786,0.1850924842280916,0.2757893608978995,-0.00092,30.451469497086233,-0.0115992654892259,-0.007870628603232089,0.0041824337781318464,0.37101403992684695,0.001061904761904762,20.97621668153038,0.003654333827930604,0.003576128103608287,0.032300138705505375,0.041408140816258585,0.5767747464185228,0.017375851207713833
raMyAW6BMd,2026,2lqROejJQr,APk5LGOMOW,99.0,0.0193,-0.0101,1,0.0008,0.0,0,0.0039,0.0034,2,0.0173,0.0162,1,-0.0125,0.0493,32,0.0051,-0.0002,21,1,1,0,0.9899,0.0,2026-07-23,17,0.0339,57,True,0.018715151515151518,0.9696969696969697,0.0007757575757575757,0.0,0.0037818181818181818,1.9393939393939394,0.016775757575757576,0.9696969696969697,-0.012121212121212121,31.03030303030303,0.004945454545454545,20.363636363636363,0.032872727272727276,55.27272727272728,0.9696969696969697,0.9696969696969697,0.9599030303030304,0.0,-0.010099999999999998,-0.009793939393939393,0.003624897134080235,0.04427346966994863,0.0193,4.266695779341747,0.05678213774746998,0.05668912977879986,0.0,0.027337816958284907,,2.880996700164243,-0.016405407246645767,-0.016405407246645767,0.011655440824251158,0.04370756918706364,0.00195,1.157269972426834,-0.0012745155868059432,-0.0013161585537227326,0.0011098779134295228,0.07857062614795715,0.0173,1.7684189635698921,0.004206060814498172,0.004176741273103438,0.19502546663613604,0.2641934977551204,-0.000390625,31.451425385957897,-0.008939730794622609,-0.008129081858556163,0.0041824337781318464,0.3573901965395055,0.00024285714285714289,21.430561784710225,0.003660073943387616,0.0036535870809294396,0.038028618877281456,0.03866881047390807,0.1310922936159747,0.07218533302340141
raMyAW6BMd,2026,7vQ7RXBGqD,APk5LGOMOW,107.0,-0.1345,-0.1662,2,-0.0506,-0.0514,1,0.0005,0.0,0,-0.0138,-0.0151,1,-0.0193,0.0475,30,0.0019,-0.0038,18,2,1,1,0.8338,0.0,2026-07-25,18,-0.21580000000000002,52,True,-0.12067289719626169,1.7943925233644857,-0.045398130841121494,0.8971962616822429,0.0004485981308411215,0.0,-0.012381308411214953,0.8971962616822429,-0.01731588785046729,26.915887850467286,0.0017046728971962617,16.149532710280372,-0.19361495327102807,46.654205607476634,0.8971962616822429,1.7943925233644857,0.7480822429906542,50.0,-0.16620000000000001,-0.1491140186915888,0.007223609427050639,0.04768053930704691,-0.06725,4.294264236602789,0.05455716906130637,0.057055415994714136,0.0034293925216784442,0.029481804738224416,-0.0506,2.901097236589887,-0.016966633113524813,-0.016519866761965558,0.0,0.04707323484510101,,1.068729106821327,-0.0012154613781308284,-0.0012154613781308284,0.0011098779134295228,0.08438400168723158,-0.0138,1.7572618593601266,0.0041188686579952255,0.004150389860569853,0.1850924842280916,0.27957385359298004,-0.0006433333333333333,30.292339876995214,-0.00998741341661636,-0.007829499220637607,0.0035870864886408927,0.37542785014671104,0.00010555555555555555,19.818521983323187,0.0033741427686441177,0.003378758644257574,0.03388067257967371,0.03901973713880757,0.21730600368937417,0.04483050310030651
raMyAW6BMd,2026,zeQZLzXr5K,APk5LGOMOW,100.0,0.6651,0.6355,5,0.0197,0.0189,3,0.0005,0.0,0,0.0959,0.0947,2,-0.0467,0.0157,42,0.0049,-0.0005,25,5,2,3,2.6355,0.0,2026-08-01,19,0.7394000000000001,77,True,0.6384960000000001,4.800000000000001,0.018911999999999998,2.88,0.00048000000000000007,0.0,0.09206400000000001,1.92,-0.044832,40.32,0.004704,24.0,0.709824,73.92,1.92,4.800000000000001,2.53008,60.0,0.6355,0.61008,0.01786544408219076,0.04470068598514822,0.13302,4.4364391712424505,0.06843437069146246,0.05894441247768429,0.010218093855726062,0.027606333322638656,0.006566666666666666,2.959707602581381,-0.016482810080199042,-0.016853614774558077,0.0,0.04412957699158392,,1.0720304862595103,-0.001219216023883485,-0.001219216023883485,0.0022172949002217295,0.0793013319140693,0.04795,1.8431458624154669,0.0045395445934968285,0.004353235039031662,0.24126680872392986,0.26615186045015843,-0.0011119047619047619,33.922774692476594,-0.01575276729723114,-0.008767838308136535,0.004975124378109453,0.3597016747647554,0.000196,22.734730126155785,0.0038788140492811737,0.003875928084003947,0.04339793593292679,0.0403329064941418,0.6183396125522516,0.01622679732626824
raMyAW6BMd,2026,9z5kBzWJMA,APk5LGOMOW,102.0,0.3023,0.2721,8,0.008,0.0072,6,0.0005,0.0,0,-0.0152,-0.0165,3,-0.042,0.0216,28,0.0026,-0.0029,14,8,2,6,2.2721,0.125,2026-09-05,24,0.25620000000000004,59,True,0.28451764705882354,7.529411764705882,0.0075294117647058826,5.647058823529411,0.00047058823529411766,0.0,-0.014305882352941175,2.8235294117647056,-0.03952941176470588,26.35294117647059,0.0024470588235294116,13.176470588235295,0.24112941176470593,55.529411764705884,1.8823529411764706,7.529411764705882,2.1384470588235294,75.0,0.2721,0.2560941176470588,0.028281553028987088,0.04555397382726262,0.0377875,4.56109946138427,0.06376121766552817,0.06060070196528462,0.020229480976184842,0.028142921531641923,0.0013333333333333333,3.037536737517467,-0.016864965508824787,-0.017296801208686183,0.0,0.04497247620439232,,1.0710851555627712,-0.0012181409030281492,-0.0012181409030281492,0.0033222591362126247,0.08075927219536061,-0.005066666666666666,1.9162359398072069,0.004478571210760563,0.004525862877335398,0.1749113031204952,0.2700374781153283,-0.0015,30.18501771557206,-0.01435669536072383,-0.007801760235051424,0.002792181890706023,0.3642751009820834,0.00018571428571428572,18.801025235350966,0.0032060902980542063,0.0032052908177663754,0.039006077401766176,0.042015153313620636,0.9482756789482757,0.01064104233462219
raMyAW6BMd,2026,Vj589JaDq8,APk5LGOMOW,100.0,-0.1824,-0.2121,4,0.0345,0.0337,2,0.0005,0.0,0,0.0012,0.0,0,-0.037,0.0254,31,0.0088,0.0034,19,4,2,2,1.7879,0.0,2026-09-09,25,-0.1744,56,True,-0.175104,3.84,0.033120000000000004,1.92,0.00048000000000000007,0.0,0.0011519999999999998,0.0,-0.035519999999999996,29.759999999999998,0.008448,18.240000000000002,-0.167424,53.760000000000005,1.92,3.84,1.716384,50.0,-0.21209999999999996,-0.20361599999999996,0.014343606244813343,0.04470068598514822,-0.0456,4.393526512696709,0.05466329228943019,0.05837425669549065,0.00683534396587721,0.027606333322638656,0.01725,2.933205522591648,-0.016242680569324815,-0.01670270262145149,0.0,0.04412957699158392,,1.0720304862595103,-0.001219216023883485,-0.001219216023883485,0.0,0.0793013319140693,,1.6908873051404538,0.003993623084254863,0.003993623084254863,0.19008942954436575,0.26615186045015843,-0.0011935483870967741,31.112211046122923,-0.01357158792250622,-0.008041406940733655,0.003785614664275752,0.3597016747647554,0.00046315789473684214,20.662848479510796,0.0035455969036037923,0.0035227035585135478,0.03116902776157432,0.039927257752190436,0.4893621007985887,0.020416257276619016
raMyAW6BMd,2026,Oa5wP6KDq1,APk5LGOMOW,97.0,0.661,0.6322,7,-0.1875,-0.1883,6,-0.0029,-0.0034,3,0.1258,0.1246,2,-0.034,0.0266,36,0.0081,0.0029,23,7,1,6,1.6322,0.0,2026-09-13,26,0.5705,77,True,0.6541855670103094,6.927835051546391,-0.18556701030927836,5.938144329896907,-0.002870103092783505,2.9690721649484537,0.12450309278350516,1.9793814432989691,-0.03364948453608248,35.628865979381445,0.008016494845360824,22.76288659793814,0.5646185567010309,76.20618556701031,0.9896907216494846,6.927835051546391,1.6153731958762887,85.71428571428571,0.6322000000000001,0.6256824742268042,0.024834152450295324,0.04341788968918779,0.09442857142857143,4.528337081551455,0.06929044309592913,0.06016540709115809,0.020229480976184842,0.02680033909578664,-0.03125,3.0417329753824864,-0.01889320359968417,-0.017320696061143153,0.017381864589308817,0.04286243471522076,-0.0009666666666666666,1.2007132770654243,-0.0013620053085194564,-0.0013655664519352459,0.0022172949002217295,0.07710572956823622,0.0629,1.8475412368408963,0.004611613435047414,0.004363616256464648,0.21418227519501587,0.2602452473392331,-0.0009444444444444445,32.6504392306563,-0.013236140931599855,-0.008438984560054937,0.004578936890304599,0.352716809332854,0.00035217391304347823,22.284576899573473,0.00381772324597125,0.003799183758325409,0.04422842993714431,0.04120296003281482,0.9202040342733728,0.010962098364467555
vzqo721jqa,2026,KXMeXz3vQ6,a2lqR4JMr0,102.0,0.0822,0.0519,3,-0.0881,-0.0889,1,0.0118,0.0112,2,0.01,0.0088,1,0.0053,0.069,33,0.0105,0.005,17,3,2,1,2.0519,0.0,2026-08-22,22,0.0317,57,True,0.07736470588235295,2.8235294117647056,-0.08291764705882353,0.9411764705882353,0.011105882352941175,1.8823529411764706,0.009411764705882352,0.9411764705882353,0.004988235294117647,31.058823529411768,0.00988235294117647,16.0,0.029835294117647057,53.64705882352941,1.8823529411764706,2.8235294117647056,1.9311999999999998,33.33333333333333,0.051899999999999835,0.04884705882352926,0.010796419581442509,0.04555397382726262,0.027399999999999997,4.346727819844211,0.058414806789017094,0.057752469413294795,0.0034293925216784442,0.028142921531641923,-0.0881,2.905099459721505,-0.017363641755251496,-0.016542656826377088,0.011655440824251158,0.04497247620439232,0.0059,1.155739228418098,-0.0012196206914601277,-0.0013144176446274825,0.0011098779134295228,0.08075927219536061,0.01,1.7642184862629986,0.004181776382955763,0.004166820373533903,0.19990170238138133,0.2700374781153283,0.0001606060606060606,31.45578231846772,-0.0054950642996045,-0.008130207971620671,0.0033884791708192145,0.3642751009820834,0.0006176470588235294,19.82956669694744,0.0034106873541622645,0.0033806416011028266,0.041928943779819,0.03931264894530628,0.35711858683581654,0.02776661685834868
wvq9XwJ35W,2026,KXMeXE0rQ6,kRQabn8MKZ,104.0,-1.2827,-1.3135,3,0.0008,0.0,0,0.051,0.0504,2,0.0411,0.0399,2,-0.0098,0.0551,32,0.0012,-0.0044,16,3,3,0,1.6865,0.3333,2026-02-22,1,-1.1984000000000001,55,True,-1.1840307692307692,2.769230769230769,0.0007384615384615384,0.0,0.04707692307692308,1.8461538461538463,0.03793846153846153,1.8461538461538463,-0.009046153846153846,29.53846153846154,0.0011076923076923076,14.76923076923077,-1.1062153846153846,50.769230769230774,2.769230769230769,2.769230769230769,1.556769230769231,0.0,-1.3135,-1.2124615384615385,0.010796419581442509,0.04640573869042975,-0.42756666666666665,4.3428487214717855,0.037030555544220294,0.057700930067057864,0.0,0.028678917864907755,,2.877024398830922,-0.016382787567464665,-0.016382787567464665,0.011655440824251158,0.04581389016751004,0.0255,1.1547209801474627,-0.000954754033066952,-0.0013132595949043055,0.0022172949002217295,0.08221260243570114,0.02055,1.8373177924917063,0.00441356626313243,0.004339470008971159,0.19502546663613604,0.27388216495825446,-0.00030625,31.037291516932456,-0.008311290549785999,-0.00802204289035692,0.003189792663476874,0.3687836577821413,7.5e-05,19.348519856326707,0.003292737266384266,0.003298630380871178,0.019088026923419377,0.03962094040417431,0.34521126904470245,0.028696881963805584
wvq9XwJ35W,2026,jYQJJyDPQG,kRQabn8MKZ,100.0,-0.8347,-0.8644,4,0.0406,0.0398,1,0.0008,0.0003,1,0.0348,0.0336,1,-0.0074,0.0551,27,0.0103,0.0049,17,4,3,1,2.1356,0.0,2026-03-01,2,-0.7555999999999999,51,True,-0.801312,3.84,0.038976,0.96,0.000768,0.96,0.033408,0.96,-0.007104000000000001,25.92,0.009888,16.32,-0.7253759999999999,48.96,2.88,3.84,2.050176,25.0,-0.8643999999999998,-0.8298239999999999,0.014343606244813343,0.04470068598514822,-0.208675,4.393526512696709,0.04438646652849994,0.05837425669549065,0.0034293925216784442,0.027606333322638656,0.0406,2.906703442601915,-0.01609031786371126,-0.016551790468344908,0.005861881820464166,0.04412957699158392,0.0008,1.1143948801714307,-0.0012547415895936135,-0.0012673968812019604,0.0011098779134295228,0.0793013319140693,0.0348,1.7670165837779601,0.004237045874133639,0.004173429061643262,0.16972471267568665,0.26615186045015843,-0.0002740740740740741,30.090187901994316,-0.007856968132447708,-0.00777725007985988,0.0033884791708192145,0.3597016747647554,0.0006058823529411765,19.972221263962464,0.003434427771397758,0.0034049620500167478,0.026855912588278755,0.0403562103777439,0.4918189644424298,0.02031634064680229
wvq9XwJ35W,2026,eV5D89mA5K,kRQabn8MKZ,103.0,0.9568,0.9263,2,0.0341,0.0333,2,0.012,0.0115,3,0.0009,-0.0003,2,-0.0316,0.0327,31,0.0081,0.0025,17,2,0,2,0.9263,0.5,2026-03-08,3,0.9802999999999998,57,True,0.8917747572815533,1.8640776699029125,0.03178252427184466,1.8640776699029125,0.011184466019417475,2.796116504854369,0.0008388349514563105,1.8640776699029125,-0.029452427184466022,28.893203883495143,0.007549514563106796,15.844660194174757,0.9136776699029125,53.12621359223301,0.0,1.8640776699029125,0.863347572815534,100.0,0.9263,0.863347572815534,0.007223609427050639,0.045980046376263226,0.4784,4.301932215971758,0.0716109227662476,0.0571572960208677,0.00683534396587721,0.028410993621519526,0.01705,2.9307782813277754,-0.016233246250851437,-0.016688881057054204,0.017381864589308817,0.045393368596699575,0.004,1.1975382622868933,-0.001255020402117979,-0.0013619555202092663,0.0022172949002217295,0.08148651220296954,0.00045,1.8387713518967415,0.0043351082963877866,0.004342903099027863,0.19008942954436575,0.27196489736136725,-0.0010193548387096775,30.865761649506105,-0.012442045226734828,-0.0079777084820945,0.0033884791708192145,0.36653740149227726,0.0004764705882352941,19.759000892580282,0.003389097846106559,0.0033686111973373414,0.0494048170290377,0.038840265257874936,0.24042589774095172,0.04069493723188366
wvq9XwJ35W,2026,KXMeXzerQ6,kRQabn8MKZ,103.0,0.6419,0.6114,7,-0.0936,-0.0944,6,-0.0388,-0.0393,2,-0.0058,-0.007,1,-0.0012,0.0631,30,0.0051,-0.0004,6,8,1,6,1.6114,0.125,2026-03-14,4,0.5076,52,True,0.5982757281553398,6.524271844660194,-0.08723883495145632,5.592233009708738,-0.036163106796116506,1.8640776699029125,-0.0054058252427184456,0.9320388349514562,-0.0011184466019417475,27.961165048543688,0.004753398058252427,5.592233009708738,0.4731029126213593,48.46601941747573,0.9320388349514562,7.45631067961165,1.5018873786407767,75.0,0.6113999999999999,0.5698485436893204,0.024834152450295324,0.045980046376263226,0.0917,4.516208160249489,0.06879882594870673,0.06000425709844169,0.020229480976184842,0.028410993621519526,-0.015600000000000001,3.036698878907033,-0.01790054249086794,-0.017292030147435578,0.011655440824251158,0.045393368596699575,-0.0194,1.1552298799055034,-0.0015597404412422038,-0.001313838364582506,0.0011098779134295228,0.08148651220296954,-0.0058,1.762822757998828,0.004147555064143081,0.004163523871988121,0.1850924842280916,0.27196489736136725,-3.9999999999999996e-05,30.612279803421725,-0.006674349156475726,-0.007912192383819417,0.0011985617259288853,0.36653740149227726,0.0008500000000000001,16.001102873397322,0.002740978298164818,0.0027279463471917512,0.04955272722242877,0.04037766642178406,0.810929264218698,0.01242092103586124
wvq9XwJ35W,2026,e7Mzyo96Qr,kRQabn8MKZ,101.0,0.101,0.071,4,0.0604,0.0596,3,0.0028,0.0023,1,-0.11,-0.1112,1,-0.0249,0.0381,23,0.005,-0.0004,14,4,1,3,1.071,0.5,2026-03-21,5,0.03430000000000001,46,True,0.096,3.801980198019802,0.057409900990099016,2.8514851485148514,0.0026613861386138612,0.9504950495049505,-0.10455445544554456,0.9504950495049505,-0.023667326732673265,21.861386138613863,0.004752475247524753,13.306930693069308,0.03260198019801981,43.722772277227726,0.9504950495049505,3.801980198019802,1.017980198019802,75.0,0.07099999999999995,0.06748514851485143,0.014343606244813343,0.04512752053375302,0.02525,4.391563453707428,0.05910177055743614,0.0583481746611573,0.010218093855726062,0.027874701472863753,0.020133333333333333,2.958890761335154,-0.016068083404270773,-0.01684896339356224,0.005861881820464166,0.044551212499878944,0.0028,1.113903319348507,-0.0012411289824459497,-0.0012668378310259595,0.0011098779134295228,0.08003087967968145,-0.11,1.7656164264353034,0.003949935718580023,0.004170122099276093,0.14830946355164235,0.2680998263788889,-0.0010826086956521738,28.991004659600986,-0.011036673024763605,-0.007493150060693247,0.002792181890706023,0.3619965837381058,0.00035714285714285714,18.86841045224177,0.0032266128738146936,0.0032167789794091332,0.03793243373835052,0.04012612445456108,0.4837476156649531,0.02064832027601877
wvq9XwJ35W,2026,gOMnGz6X5w,kRQabn8MKZ,109.0,-1.2219,-1.2543,4,0.0418,0.0409,2,0.0005,0.0,0,0.0029,0.0016,2,0.0063,0.0743,24,0.0112,0.0054,13,4,2,2,0.7457,0.0,2026-04-04,6,-1.1592,45,True,-1.0761688073394495,3.522935779816514,0.03681467889908257,1.761467889908257,0.00044036697247706424,0.0,0.002554128440366972,1.761467889908257,0.00554862385321101,21.137614678899084,0.009864220183486238,11.44954128440367,-1.0209467889908257,39.633027522935784,1.761467889908257,3.522935779816514,0.6567633027522936,50.0,-1.2543,-1.1047045871559633,0.014343606244813343,0.04852851451383677,-0.305475,4.375921908694461,0.038132815271803136,0.058140354459990336,0.00683534396587721,0.030016325659461298,0.0209,2.925935830208802,-0.01612942532242324,-0.016661306439327568,0.0,0.04791095281354319,,1.0677895870083476,-0.0012143928659705658,-0.0012143928659705658,0.0022172949002217295,0.08582590203536375,0.00145,1.8300843311675676,0.004318685513961977,0.004322385654481464,0.1537661802406755,0.2833189988135143,0.0002625,28.637692774904185,-0.005107759065565928,-0.0074018314257806505,0.002593257530420906,0.3797801455963757,0.0008615384615384615,18.007991412544076,0.0031023622883729297,0.0030700905295586007,0.02310228582017831,0.04025529991295162,0.41626512686705636,0.023915651321520886
wvq9XwJ35W,2026,vzqoYzrjMa,kRQabn8MKZ,106.0,0.5643,0.5328,4,0.0368,0.0359,3,0.0015,0.001,1,0.0262,0.0249,1,-0.0255,0.0407,21,0.0024,-0.0033,8,4,1,3,1.5328,0.5,2026-04-11,7,0.6056999999999999,38,True,0.5110641509433962,3.6226415094339623,0.03332830188679245,2.716981132075472,0.0013584905660377357,0.9056603773584906,0.023728301886792452,0.9056603773584906,-0.023094339622641506,19.0188679245283,0.002173584905660377,7.245283018867925,0.5485584905660377,34.41509433962264,0.9056603773584906,3.6226415094339623,1.3881962264150942,75.0,0.5327999999999999,0.48253584905660374,0.014343606244813343,0.047255984648415836,0.141075,4.3817744133701195,0.06624968241340255,0.058218113319362455,0.010218093855726062,0.029214323301186104,0.012266666666666667,2.954813308914657,-0.016283455840233357,-0.016825744947153307,0.005861881820464166,0.046653822803158336,0.0015,1.1114520057597932,-0.001246867449843816,-0.0012640499617953451,0.0011098779134295228,0.08366134446616015,0.0262,1.7586487922821377,0.00420019492597852,0.00415366558883206,0.13718215470129144,0.2776865643339975,-0.0012142857142857142,28.1082887845566,-0.010950602785197818,-0.007264999205270123,0.001597444089456869,0.37322871560620957,0.0003,16.50811891278628,0.0028178003400890187,0.0028143849235550238,0.0447867516041951,0.03983136971753076,0.4386401270625298,0.02272343685911635
wvq9XwJ35W,2026,odMXVzR2qY,kRQabn8MKZ,110.0,-0.9142,-0.9468,6,-0.0033,-0.0042,3,-0.0526,-0.0532,1,0.0013,0.0,0,-0.0122,0.0564,35,0.0053,-0.0006,19,6,3,3,2.0532,0.1667,2026-04-18,8,-0.9757,64,True,-0.7978472727272727,5.236363636363636,-0.00288,2.618181818181818,-0.04590545454545455,0.8727272727272727,0.0011345454545454545,0.0,-0.010647272727272727,30.545454545454547,0.0046254545454545454,16.581818181818182,-0.8515199999999999,55.85454545454545,2.618181818181818,5.236363636363636,1.7918836363636363,50.0,-0.9468000000000001,-0.8262981818181818,0.021362203846968835,0.048951936071393795,-0.15236666666666668,4.459417925750641,0.043469108433723286,0.05924971795617119,0.010218093855726062,0.030283365387002038,-0.0011,2.9515594292388663,-0.016668653742932235,-0.016807216213257193,0.005861881820464166,0.04832925971200161,-0.0526,1.109498709300019,-0.0015965290625222324,-0.0012618284854719797,0.0,0.08654515053466595,,1.6775838418349505,0.003962202292345267,0.003962202292345267,0.2094790648483472,0.28517700738778745,-0.0003485714285714286,31.30114830469933,-0.008681064816785367,-0.008090240544370091,0.003785614664275752,0.38193362575782447,0.00027894736842105266,19.94540878512315,0.0034085804549539474,0.0034003909273705416,0.023893643558782665,0.04045302593278774,0.6063317881004029,0.016542837471030036
wvq9XwJ35W,2026,Oa5wP6Vjq1,kRQabn8MKZ,105.0,-1.6227,-1.6539,5,0.0146,0.0137,2,0.0106,0.01,3,0.026,0.0247,3,-0.0347,0.0309,31,0.1451,0.1395,23,5,3,2,1.3461,0.2,2026-04-22,9,-1.4611,67,True,-1.4836114285714286,4.571428571428571,0.013348571428571428,1.8285714285714287,0.009691428571428571,2.742857142857143,0.023771428571428572,2.742857142857143,-0.03172571428571429,28.34285714285714,0.13266285714285714,21.02857142857143,-1.3358628571428572,61.25714285714285,2.742857142857143,4.571428571428571,1.2307200000000003,40.0,-1.6539,-1.5121371428571426,0.01786544408219076,0.04683105127852783,-0.32454,4.4265456897985205,0.032096905128666836,0.05881296348704976,0.00683534396587721,0.028946694384082813,0.0073,2.929162350980783,-0.016419508661131923,-0.01667967938201476,0.017381864589308817,0.04623404140666874,0.003533333333333333,1.1964836521229953,-0.0012636204915839428,-0.001360756116248973,0.0033222591362126247,0.08293754561811274,0.008666666666666666,1.911695142502269,0.004555181004675743,0.004515138192796818,0.19008942954436575,0.2757893608978995,-0.0011193548387096774,30.70361976990717,-0.012960328893886295,-0.007935800536881043,0.004578936890304599,0.37101403992684695,0.006308695652173913,21.654642354539472,0.004300425198618536,0.003691789433403445,0.010309053285358954,0.04104365507810525,0.5643604125320711,0.01775128593104601
wvq9XwJ35W,2026,gpMOglanMz,kRQabn8MKZ,105.0,-0.7723,-0.8034,2,0.0009,0.0,0,0.0005,0.0,0,0.0144,0.0131,4,-0.0115,0.0541,34,0.0131,0.0075,30,2,2,0,1.1966,0.0,2026-04-25,10,-0.7549,70,True,-0.7061028571428571,1.8285714285714287,0.0008228571428571428,0.0,0.0004571428571428572,0.0,0.013165714285714284,3.6571428571428575,-0.010514285714285714,31.08571428571429,0.011977142857142856,27.428571428571427,-0.6901942857142858,64.0,1.8285714285714287,1.8285714285714287,1.0940342857142857,0.0,-0.8033999999999999,-0.7345371428571428,0.007223609427050639,0.04683105127852783,-0.38615,4.298094806291702,0.0447047050710107,0.057106310568279216,0.0,0.028946694384082813,,2.87623125267846,-0.016378271114656333,-0.016378271114656333,0.0,0.04623404140666874,,1.069670281407561,-0.0012165317722581562,-0.0012165317722581562,0.004424778761061947,0.08293754561811274,0.0036,1.9875237556388292,0.004705122766561259,0.00469423404321131,0.20471921699935186,0.2757893608978995,-0.00033823529411764706,31.46007058836998,-0.008645077615219255,-0.008131316337827902,0.005964214711729622,0.37101403992684695,0.0004366666666666667,24.029132210071293,0.004134751902660919,0.004096604087686497,0.02730469923809914,0.04017102947443463,0.23393266144942604,0.04177731080097741
wvq9XwJ35W,2026,4wM4O8lzQj,kRQabn8MKZ,106.0,-0.0505,-0.082,4,-0.0211,-0.022,3,0.0082,0.0077,3,0.0035,0.0022,5,0.0317,0.0979,43,-0.0148,-0.0205,21,4,1,3,0.918,0.25,2026-05-02,11,-0.043,79,True,-0.04573584905660377,3.6226415094339623,-0.019109433962264152,2.716981132075472,0.007426415094339623,2.716981132075472,0.003169811320754717,4.528301886792454,0.02870943396226415,38.943396226415096,-0.013403773584905663,19.0188679245283,-0.03894339622641509,71.54716981132074,0.9056603773584906,3.6226415094339623,0.8313962264150943,75.0,-0.08199999999999996,-0.0742641509433962,0.014343606244813343,0.047255984648415836,-0.012625,4.3817744133701195,0.056589568734251486,0.058218113319362455,0.010218093855726062,0.029214323301186104,-0.007033333333333333,2.954813308914657,-0.016866172242764477,-0.016825744947153307,0.017381864589308817,0.046653822803158336,0.0027333333333333337,1.1959570432900422,-0.0012796947044916057,-0.0013601572061100501,0.0055248618784530384,0.08366134446616015,0.0007,2.061723851480303,0.004850553872646364,0.004869483579183087,0.24560041776461078,0.2776865643339975,0.0007372093023255814,33.64106259468304,-0.0004685095330655196,-0.008695025687550768,0.0041824337781318464,0.37322871560620957,-0.0007047619047619048,20.90235888520656,0.003487019998644401,0.0035635364649389194,0.04631276612522065,0.039770205522670334,0.4521612248702889,0.0220589210079768
wvq9XwJ35W,2026,0x5gxzorq7,kRQabn8MKZ,104.0,-1.163,-1.1938,6,-0.0873,-0.0882,2,0.0026,0.0021,1,0.2052,0.2039,4,-0.0295,0.0355,20,0.0064,0.0008,9,7,4,2,2.8062,0.0,2026-05-09,12,-1.0656,42,True,-1.0735384615384616,5.538461538461538,-0.08058461538461538,1.8461538461538463,0.0024,0.9230769230769231,0.1894153846153846,3.6923076923076925,-0.02723076923076923,18.461538461538463,0.005907692307692307,8.307692307692307,-0.9836307692307693,38.769230769230774,3.6923076923076925,6.461538461538462,2.5903384615384617,28.57142857142857,-1.1938,-1.1019692307692308,0.021362203846968835,0.04640573869042975,-0.19383333333333333,4.471356920922206,0.03962467164178388,0.059408344509764795,0.00683534396587721,0.028678917864907755,-0.04365,2.9299700933507515,-0.017444430141174826,-0.01668427895081293,0.005861881820464166,0.04581389016751004,0.0026,1.1124312353774535,-0.0012407929509112878,-0.001265163635759113,0.004424778761061947,0.08221260243570114,0.0513,1.9890949046806932,0.005128664436519418,0.004697944862414528,0.13150874989037448,0.27388216495825446,-0.001475,28.003519843548716,-0.011718064441462799,-0.007237920136921521,0.0017967658215212617,0.3687836577821413,0.0007111111111111111,16.965610067580563,0.0029088602875250607,0.002892380255156103,0.01725890883227945,0.041811306903841855,0.6871461901930607,0.01462571061731663
wvq9XwJ35W,2026,vzqoYzGJMa,kRQabn8MKZ,103.0,-1.25,-1.2806,6,0.0045,0.0037,3,0.0018,0.0013,1,0.0487,0.0474,3,-0.0662,-0.0019,47,0.1301,0.1246,34,6,3,3,1.7194,0.0,2026-05-16,14,-1.1311,94,True,-1.1650485436893203,5.592233009708738,0.004194174757281554,2.796116504854369,0.001677669902912621,0.9320388349514562,0.04539029126213592,2.796116504854369,-0.0617009708737864,43.80582524271845,0.12125825242718445,31.689320388349515,-1.0542291262135923,87.6116504854369,2.796116504854369,5.592233009708738,1.602547572815534,50.0,-1.2806,-1.193568932038835,0.021362203846968835,0.045980046376263226,-0.20833333333333334,4.473352971393942,0.03825673058902219,0.05943486488292689,0.010218093855726062,0.028410993621519526,0.0014999999999999998,2.9572584307225895,-0.01662227270185675,-0.016839668329649546,0.005861881820464166,0.045393368596699575,0.0018,1.1129214975241135,-0.0012465588350820994,-0.0012657212089557458,0.0033222591362126247,0.08148651220296954,0.016233333333333332,1.9147199457946547,0.0046105215446523165,0.0045222823260676025,0.2624508711749691,0.27196489736136725,-0.0014085106382978722,34.92147118685621,-0.019566333601648174,-0.009025966054495835,0.006754072308303536,0.36653740149227726,0.003826470588235294,25.566661467681218,0.004990041848924181,0.004358729602107799,0.010422128844011662,0.04118452121800116,0.7015415373648972,0.014329897578437993
wvq9XwJ35W,2026,NPqxLOnXq9,kRQabn8MKZ,98.0,0.2738,0.2447,6,0.0341,0.0333,4,-0.0001,-0.0005,1,-0.001,-0.0022,1,0.0003,0.0615,31,0.1138,0.1086,23,6,2,4,2.2447,0.1667,2026-05-24,15,0.42090000000000005,66,True,0.26821224489795914,5.877551020408163,0.03340408163265306,3.9183673469387754,-9.79591836734694e-05,0.9795918367346939,-0.0009795918367346938,0.9795918367346939,0.0002938775510204081,30.367346938775512,0.11147755102040817,22.53061224489796,0.4123102040816327,64.65306122448979,1.9591836734693877,5.877551020408163,2.198889795918367,66.66666666666666,0.24469999999999992,0.2397061224489795,0.021362203846968835,0.04384587107573929,0.04563333333333333,4.4833600151521065,0.06266583016652895,0.05956782271063407,0.013577878462138824,0.027069152256985234,0.008525,2.987859359399049,-0.016437058873327866,-0.01701392076702105,0.005861881820464166,0.043285188593004446,-0.0001,1.1153793045092941,-0.001261734391673225,-0.0012685164631004303,0.0011098779134295228,0.07783875962203923,-0.001,1.769823571106794,0.004173455103192816,0.00418005874616426,0.19008942954436575,0.2622246548359651,9.677419354838709e-06,31.27870877679136,-0.0064901344603468854,-0.00808444071949752,0.004578936890304599,0.35506196896711517,0.004947826086956522,22.203838065373866,0.004271131157677198,0.003785419006634604,0.046921488702050984,0.04116642251381394,0.7683553537779783,0.013100137664408179
wvq9XwJ35W,2026,ljqEdkV45x,kRQabn8MKZ,97.0,0.651,0.6222,3,0.0115,0.0107,3,0.0046,0.0041,2,-0.0709,-0.072,2,0.0191,0.0797,43,0.0183,0.0131,40,3,0,3,0.6222,0.0,2026-07-16,16,0.6336,93,True,0.6442886597938144,2.9690721649484537,0.011381443298969071,2.9690721649484537,0.004552577319587629,1.9793814432989691,-0.07016907216494846,1.9793814432989691,0.018903092783505153,42.55670103092783,0.018111340206185565,39.58762886597938,0.6270680412371135,92.04123711340206,0.0,2.9690721649484537,0.6157855670103092,100.0,0.6222,0.6157855670103092,0.010796419581442509,0.04341788968918779,0.217,4.356455951235495,0.06746321155692604,0.05788172149299915,0.010218093855726062,0.02680033909578664,0.003833333333333333,2.9621608345620065,-0.016579203835872955,-0.01686758433922657,0.011655440824251158,0.04286243471522076,0.0023,1.1582927231204634,-0.0012709168103623332,-0.001317321724033739,0.0022172949002217295,0.07710572956823622,-0.03545,1.8475412368408963,0.004208718356015702,0.004363616256464648,0.24560041776461078,0.2602452473392331,0.0004441860465116279,34.453375377171405,-0.002959315839995598,-0.008904979831840444,0.007936507936507936,0.352716809332854,0.0004575,28.218946310204583,0.004875183977324723,0.004810904105647972,0.05573767740403558,0.039966355960011024,0.40275844104732944,0.024697865231110196
wvq9XwJ35W,2026,0x5gxzLPq7,kRQabn8MKZ,97.0,1.3072,1.2785,3,-0.0075,-0.0082,3,-0.0004,-0.0009,2,-0.0047,-0.0059,2,-0.0107,0.0499,34,0.0033,-0.0019,17,3,0,3,1.2785,0.0,2026-07-22,17,1.2872000000000001,61,True,1.293723711340206,2.9690721649484537,-0.007422680412371133,2.9690721649484537,-0.00039587628865979385,1.9793814432989691,-0.004651546391752578,1.9793814432989691,-0.010589690721649484,33.64948453608247,0.0032659793814432993,16.824742268041234,1.2739298969072166,60.371134020618555,0.0,2.9690721649484537,1.2653195876288659,100.0,1.2785,1.2653195876288659,0.010796419581442509,0.04341788968918779,0.4357333333333333,4.356455951235495,0.07775114279117275,0.05788172149299915,0.010218093855726062,0.02680033909578664,-0.0025,2.9621608345620065,-0.01677089887288725,-0.01686758433922657,0.011655440824251158,0.04286243471522076,-0.0002,1.1582927231204634,-0.0013046678410910616,-0.001317321724033739,0.0022172949002217295,0.07710572956823622,-0.00235,1.8475412368408963,0.004344313954551032,0.004363616256464648,0.20471921699935186,0.2602452473392331,-0.0003147058823529412,32.13531461736628,-0.008675838131374852,-0.008305843053830506,0.0033884791708192145,0.352716809332854,0.00019411764705882354,20.190093578174256,0.0034437227929477233,0.003442105988682151,0.058787774693318334,0.03919669462105514,0.4002199958854813,0.024850621684736385
wvq9XwJ35W,2026,raMyNnrd5d,kRQabn8MKZ,107.0,0.551,0.5193,7,-0.0059,-0.0068,6,0.0241,0.0236,5,0.0469,0.0456,3,0.0202,0.087,35,0.0237,0.0179,19,7,1,6,1.5193,0.0,2026-07-25,18,0.6600000000000001,75,True,0.49435514018691595,6.2803738317757,-0.005293457943925234,5.383177570093458,0.021622429906542055,4.485981308411215,0.04207850467289719,2.691588785046729,0.018123364485981307,31.401869158878505,0.021263551401869158,17.046728971962615,0.5921495327102805,67.28971962616822,0.8971962616822429,6.2803738317757,1.3631102803738318,85.71428571428571,0.5193000000000001,0.4659140186915889,0.024834152450295324,0.04768053930704691,0.07871428571428572,4.508158244709168,0.0672223630937566,0.0598973025063231,0.020229480976184842,0.029481804738224416,-0.0009833333333333332,3.033352061583791,-0.016983889350388675,-0.017272972193927757,0.028637920675975252,0.04707323484510101,0.00482,1.2798987584629016,-0.0012372672070690028,-0.0014556237861399759,0.0033222591362126247,0.08438400168723158,0.015633333333333332,1.9086798810792711,0.004592172782744656,0.00450801659599534,0.2094790648483472,0.27957385359298004,0.0005771428571428571,31.546502958533818,-0.0026316842298813505,-0.008153656050692064,0.003785614664275752,0.37542785014671104,0.0012473684210526316,20.155354447006218,0.003518350141086711,0.0034361834915440305,0.054480045230248936,0.04095925056310268,0.7598572962570483,0.013244705924102566
wvq9XwJ35W,2026,xW5pOJyJMg,kRQabn8MKZ,104.0,0.9398,0.9089,5,-0.0453,-0.0462,4,0.0091,0.0086,3,-0.0345,-0.0358,6,0.0178,0.0827,37,0.0129,0.0073,16,5,1,4,1.9089,0.2,2026-07-31,19,0.8998,71,True,0.8675076923076922,4.615384615384616,-0.041815384615384615,3.6923076923076925,0.0084,2.769230769230769,-0.03184615384615385,5.538461538461538,0.01643076923076923,34.15384615384615,0.011907692307692307,14.76923076923077,0.8305846153846155,65.53846153846155,0.9230769230769231,4.615384615384616,1.7620615384615383,80.0,0.9089,0.8389846153846154,0.01786544408219076,0.04640573869042975,0.18796,4.428520854438733,0.07265894154948054,0.05883920636219582,0.013577878462138824,0.028678917864907755,-0.011325,2.9829157878705814,-0.017213820999423587,-0.016985770334161196,0.017381864589308817,0.04581389016751004,0.0030333333333333336,1.197010724917472,-0.001274580278542626,-0.0013613555540494978,0.006622516556291391,0.08221260243570114,-0.005750000000000001,2.1408720168696798,0.0049414102204085025,0.005056419715857897,0.21882985295635568,0.27388216495825446,0.0004810810810810811,32.301363047509014,-0.003121279790180109,-0.008348760704288336,0.003189792663476874,0.3687836577821413,0.00080625,19.348519856326707,0.003337868383274024,0.003298630380871178,0.05932853908501674,0.04049836986642587,0.5848908208731014,0.017138872424789554
wvq9XwJ35W,2026,0Oq6oeLxQ6,kRQabn8MKZ,103.0,0.3385,0.3079,6,-0.0023,-0.0032,5,0.0261,0.0256,8,-0.0097,-0.0109,3,-0.0017,0.0626,36,0.0044,-0.0012,14,7,1,5,1.3079,0.2857,2026-08-15,20,0.35530000000000006,72,True,0.31549514563106795,5.592233009708738,-0.0021436893203883494,4.660194174757281,0.024326213592233012,7.45631067961165,-0.009040776699029127,2.796116504854369,-0.0015844660194174755,33.55339805825243,0.004100970873786408,13.048543689320388,0.3311533980582525,67.10679611650485,0.9320388349514562,6.524271844660194,1.2190135922330096,71.42857142857143,0.30790000000000006,0.2869747572815534,0.021362203846968835,0.045980046376263226,0.05641666666666667,4.473352971393942,0.0635564201039143,0.05943486488292689,0.01691493085882438,0.028410993621519526,-0.00046,3.0102187295122182,-0.016874722051950626,-0.017141242874840232,0.04504664768764202,0.045393368596699575,0.0032625,1.4090801741938428,-0.001323267156790287,-0.0016025412983430673,0.0033222591362126247,0.08148651220296954,-0.0032333333333333333,1.9147199457946547,0.00448669026576593,0.0045222823260676025,0.21418227519501587,0.27196489736136725,-4.722222222222222e-05,32.13317087992801,-0.00685144341281612,-0.008305288973469917,0.002792181890706023,0.36653740149227726,0.0003142857142857143,18.734119614621292,0.00320140650706599,0.0031938844200249078,0.04619508425518919,0.04010195848236618,0.7066240757102071,0.014228293376545395
wvq9XwJ35W,2026,wvq9kwXNMW,kRQabn8MKZ,107.0,0.1299,0.0981,10,0.0232,0.0223,7,0.0005,0.0,0,0.0234,0.0221,1,-0.0312,0.0356,43,0.0168,0.0111,34,10,3,7,3.0981,0.2,2026-08-19,21,0.1626,95,True,0.11654579439252336,8.97196261682243,0.020814953271028037,6.2803738317757,0.0004485981308411215,0.0,0.020994392523364484,0.8971962616822429,-0.02799252336448598,38.57943925233645,0.015072897196261682,30.504672897196258,0.1458841121495327,85.23364485981308,2.691588785046729,8.97196261682243,2.779603738317757,70.0,0.09810000000000008,0.0880149532710281,0.03510374418555889,0.04768053930704691,0.012989999999999998,4.636494649572995,0.06155418891846796,0.06160243441328847,0.023521755654127043,0.029481804738224416,0.003314285714285714,3.0598030265825713,-0.016775224206839044,-0.017423593280320195,0.0,0.04707323484510101,,1.068729106821327,-0.0012154613781308284,-0.0012154613781308284,0.0011098779134295228,0.08438400168723158,0.0234,1.7572618593601266,0.004191421533875577,0.004150389860569853,0.24560041776461078,0.27957385359298004,-0.0007255813953488372,33.55316388899558,-0.012521662374273355,-0.00867230697877919,0.006754072308303536,0.37542785014671104,0.0004941176470588235,25.207841402251674,0.00435265648386218,0.004297556200840877,0.039585918976962495,0.04273901883746899,1.0711104201264077,0.009432239886914892
wvq9XwJ35W,2026,OlMlWzB4QL,kRQabn8MKZ,102.0,-0.0474,-0.0777,3,0.0158,0.015,2,-0.0023,-0.0028,1,0.04,0.0388,4,0.0073,0.071,42,0.0097,0.0042,19,3,1,2,0.9223,0.3333,2026-08-22,22,0.023100000000000002,71,True,-0.04461176470588235,2.8235294117647056,0.01487058823529412,1.8823529411764706,-0.002164705882352941,0.9411764705882353,0.03764705882352941,3.764705882352941,0.006870588235294118,39.529411764705884,0.009129411764705882,17.88235294117647,0.02174117647058824,66.8235294117647,0.9411764705882353,2.8235294117647056,0.8680470588235294,66.66666666666666,-0.07769999999999999,-0.07312941176470587,0.010796419581442509,0.04555397382726262,-0.015799999999999998,4.346727819844211,0.056387469783524435,0.057752469413294795,0.00683534396587721,0.028142921531641923,0.0079,2.9315869152806973,-0.016421076587109264,-0.016693485702838906,0.005861881820464166,0.04497247620439232,-0.0023,1.1134121919904345,-0.0012738678829528312,-0.0012662792738278158,0.004424778761061947,0.08075927219536061,0.01,1.992244666579311,0.004772716264353654,0.004705384129236146,0.24126680872392986,0.2700374781153283,0.0001738095238095238,33.743158603679916,-0.00520222475585293,-0.008721413897445318,0.003785614664275752,0.3642751009820834,0.0005105263157894738,20.51526100467842,0.0035239507169517862,0.003497542123327127,0.04178696753891485,0.03927421679174603,0.36627880569488713,0.02709101747981217
wvq9XwJ35W,2026,N6MmgzGWqE,kRQabn8MKZ,100.0,-0.4626,-0.4922,2,0.0104,0.0096,1,0.0019,0.0014,2,-0.0014,-0.0026,1,0.0198,0.0822,35,0.0029,-0.0024,26,2,1,1,0.5078,0.0,2026-08-29,23,-0.429,67,True,-0.444096,1.92,0.009984,0.96,0.001824,1.92,-0.001344,0.96,0.019008,33.599999999999994,0.0027839999999999996,24.96,-0.41184,64.32000000000001,0.96,1.92,0.48748800000000003,50.0,-0.49219999999999997,-0.47251199999999993,0.007223609427050639,0.04470068598514822,-0.2313,4.307701195605223,0.04962311244718891,0.05723394513110336,0.0034293925216784442,0.027606333322638656,0.0104,2.906703442601915,-0.016391358320584897,-0.016551790468344908,0.011655440824251158,0.04412957699158392,0.00095,1.1567592740833514,-0.001287435687735776,-0.0013155777385204363,0.0011098779134295228,0.0793013319140693,-0.0014,1.7670165837779601,0.0041660514231538805,0.004173429061643262,0.2094790648483472,0.26615186045015843,0.0005657142857142857,32.13423419025153,-0.0027576450151148455,-0.00830556380160743,0.005173099880620772,0.3597016747647554,0.00011153846153846153,23.08004373392995,0.003927760906902136,0.003934798838252347,0.037280485753809406,0.03916924102252619,0.25124363631877666,0.03901109977559285
wvq9XwJ35W,2026,315V9zWYM9,kRQabn8MKZ,102.0,-1.8607,-1.891,6,-0.2146,-0.2154,3,-0.0333,-0.0338,2,-0.0389,-0.0401,3,0.0027,0.0664,30,0.0094,0.0039,20,6,3,3,1.109,0.0,2026-09-05,24,-2.1354,64,True,-1.7512470588235294,5.647058823529411,-0.2019764705882353,2.8235294117647056,-0.03134117647058824,1.8823529411764706,-0.03661176470588235,2.8235294117647056,0.0025411764705882355,28.235294117647058,0.008847058823529413,18.823529411764707,-2.009788235294118,60.23529411764706,2.8235294117647056,5.647058823529411,1.043764705882353,50.0,-1.891,-1.7797647058823531,0.021362203846968835,0.04555397382726262,-0.31011666666666665,4.475350804768246,0.028542988065472955,0.059461408944488696,0.010218093855726062,0.028142921531641923,-0.07153333333333334,2.9580743708398898,-0.018834355852451547,-0.016844314579300725,0.011655440824251158,0.04497247620439232,-0.01665,1.155739228418098,-0.0015233838531339711,-0.0013144176446274825,0.0033222591362126247,0.08075927219536061,-0.012966666666666666,1.9162359398072069,0.004428277975131073,0.004525862877335398,0.1850924842280916,0.2700374781153283,9e-05,30.69332355673032,-0.005953475547851372,-0.007933139329679123,0.00398406374501992,0.3642751009820834,0.00047000000000000004,20.858108158543907,0.0035808820993798204,0.0035559923844392773,0.010240932886546959,0.041451392652656044,0.7144642367729208,0.01407435692763362
wvq9XwJ35W,2026,odMXVzGeqY,kRQabn8MKZ,100.0,0.3941,0.3645,5,0.0508,0.05,5,0.006,0.0055,1,-0.0222,-0.0234,2,-0.0113,0.0512,36,0.0056,0.0002,19,5,0,5,0.3645,0.2,2026-09-09,25,0.42300000000000004,68,True,0.378336,4.800000000000001,0.048768,4.800000000000001,0.00576,0.96,-0.021312,1.92,-0.010848,34.56,0.005376,18.240000000000002,0.40608,65.28,0.0,4.800000000000001,0.34992,100.0,0.3645,0.34992,0.01786544408219076,0.04470068598514822,0.07882,4.4364391712424505,0.06413853527962976,0.05894441247768429,0.01691493085882438,0.027606333322638656,0.010159999999999999,3.0127117625608473,-0.01634750433346859,-0.01715543908077125,0.005861881820464166,0.04412957699158392,0.006,1.1143948801714307,-0.0012207728439313581,-0.0012673968812019604,0.0022172949002217295,0.0793013319140693,-0.0111,1.8431458624154669,0.004298219176255956,0.004353235039031662,0.21418227519501587,0.26615186045015843,-0.0003138888888888889,32.389739976283686,-0.008756097998774262,-0.008371603016825874,0.003785614664275752,0.3597016747647554,0.00029473684210526316,20.662848479510796,0.00353242274238952,0.0035227035585135478,0.04564480202210103,0.040025912096430416,0.6204483105963476,0.01617253973108641
wvq9XwJ35W,2026,e7MzyozJQr,kRQabn8MKZ,103.0,0.217,0.1865,8,0.0763,0.0754,5,0.0006,0.0001,1,0.0855,0.0842,7,0.0009,0.0653,33,0.0092,0.0036,24,8,3,5,3.1865,0.0,2026-09-12,26,0.3895,78,True,0.20225242718446604,7.45631067961165,0.07111456310679612,4.660194174757281,0.0005592233009708737,0.9320388349514562,0.07968932038834951,6.524271844660194,0.0008388349514563105,30.75728155339806,0.008574757281553397,22.368932038834952,0.36302912621359223,72.69902912621359,2.796116504854369,7.45631067961165,2.9699417475728156,62.5,0.1865000000000001,0.1738252427184467,0.028281553028987088,0.045980046376263226,0.027125,4.559063349105036,0.062357959193204436,0.0605736493139565,0.01691493085882438,0.028410993621519526,0.015260000000000001,3.0102187295122182,-0.016074296724746726,-0.017141242874840232,0.005861881820464166,0.045393368596699575,0.0006,1.1129214975241135,-0.001254387412234828,-0.0012657212089557458,0.007717750826901874,0.08148651220296954,0.012214285714285716,2.218514321386308,0.0054084920455153675,0.005239799234226565,0.19990170238138133,0.27196489736136725,2.7272727272727273e-05,31.37272534167487,-0.006316749761792323,-0.008108740678644668,0.004777070063694267,0.36653740149227726,0.00038333333333333334,22.150390541151257,0.00379882934878789,0.0037763070110663536,0.04791984668873382,0.04307405079680877,0.9419289308005234,0.010711973982965604
zeQZJYDZQK,2026,2vQ1g39K5r,KAqBN0Vqbg,101.0,-0.5551,-0.585,2,0.0008,0.0,0,0.0005,0.0,0,-0.0484,-0.0496,3,-0.0135,0.0496,32,0.0142,0.0087,29,3,2,0,1.415,0.3333,2026-02-21,1,-0.6015,66,True,-0.5276198019801981,1.900990099009901,0.0007603960396039605,0.0,0.00047524752475247524,0.0,-0.0460039603960396,2.8514851485148514,-0.012831683168316833,30.415841584158414,0.013497029702970297,27.56435643564356,-0.5717227722772278,62.73267326732673,1.900990099009901,2.8514851485148514,1.344950495049505,0.0,-0.585,-0.5560396039603961,0.007223609427050639,0.04512752053375302,-0.27755,4.305776483979898,0.048162415285015525,0.057208372596111966,0.0,0.027874701472863753,,2.879406464065998,-0.01639635188368456,-0.01639635188368456,0.0,0.044551212499878944,,1.0715576124179291,-0.0012186782263373136,-0.0012186782263373136,0.0033222591362126247,0.08003087967968145,-0.016133333333333333,1.9177543363214304,0.004411611165869089,0.004529449102953049,0.19502546663613604,0.2680998263788889,-0.000421875,31.284452679317422,-0.0090829351218738,-0.008085925315290841,0.005766553986876119,0.3619965837381058,0.0004896551724137932,24.029549863953374,0.004140901981485843,0.0040966752913648334,0.030016963200474783,0.040133541565117135,0.24978109957777617,0.03923055937728078
zeQZJYDZQK,2026,ljqEdkAz5x,KAqBN0Vqbg,96.0,0.3895,0.361,5,0.0318,0.031,3,0.0036,0.0031,3,0.001,-0.0001,1,0.0114,0.0714,56,0.0051,-0.0001,52,5,2,3,2.361,0.2,2026-03-01,2,0.4424,120,True,0.38949999999999996,5.0,0.0318,3.0,0.0036,3.0,0.001,1.0,0.0114,56.0,0.0051,52.0,0.4424,120.0,2.0,5.0,2.361,60.0,0.3610000000000002,0.3610000000000002,0.01786544408219076,0.042989524996042236,0.0779,4.444385855102682,0.0641803733087142,0.05904999548991706,0.010218093855726062,0.02653137735160019,0.0106,2.9629794825503177,-0.01637891818925523,-0.016872246008446504,0.017381864589308817,0.04243930705865313,0.0012,1.2012440837264116,-0.001317367717530699,-0.001366170136247357,0.0011098779134295228,0.07637153320966035,0.001,1.7726394906825444,0.004184030204302273,0.004186709527317406,0.29774384271551574,0.25825519000376856,0.00020357142857142858,37.903377878515215,-0.004582376515131581,-0.009796683543245803,0.010292953285827395,0.35035453225470276,9.807692307692309e-05,32.526186486169685,0.005520981993332022,0.005545223495846782,0.05160672308443099,0.040746828825141586,0.6734154231272332,0.01491947588688328
zeQZJYDZQK,2026,gOMnGzrX5w,KAqBN0Vqbg,103.0,-1.4701,-1.5006,4,0.0053,0.0044,1,0.0036,0.0031,1,-0.0145,-0.0158,3,-0.0053,0.059,39,0.0267,0.0212,35,4,3,1,1.4994,0.0,2026-03-08,3,-1.4543,83,True,-1.3701902912621358,3.728155339805825,0.004939805825242718,0.9320388349514562,0.003355339805825242,0.9320388349514562,-0.013514563106796117,2.796116504854369,-0.004939805825242718,36.349514563106794,0.024885436893203886,32.62135922330097,-1.355464077669903,77.35922330097087,2.796116504854369,3.728155339805825,1.3974990291262137,25.0,-1.5006,-1.3986174757281553,0.014343606244813343,0.045980046376263226,-0.367525,4.38764259368285,0.03432985905560296,0.05829608045189729,0.0034293925216784442,0.028410993621519526,0.0053,2.904298131932961,-0.016428590284351428,-0.01653809378445886,0.005861881820464166,0.045393368596699575,0.0036,1.1129214975241135,-0.001234815969353007,-0.0012657212089557458,0.0033222591362126247,0.08148651220296954,-0.004833333333333334,1.9147199457946547,0.004476512352432802,0.0045222823260676025,0.2279620129126287,0.27196489736136725,-0.0001358974358974359,32.89361641818115,-0.007582767576198014,-0.008501837268295167,0.006951340615690168,0.36653740149227726,0.0007628571428571429,25.908288560334213,0.004523656526439055,0.004416971861211943,0.018083854104572368,0.04092968237746706,0.47105236103647863,0.02119301606575393
zeQZJYDZQK,2026,2vQ1g1aK5r,KAqBN0Vqbg,107.0,-0.174,-0.2057,3,-0.0293,-0.0302,2,0.0039,0.0034,1,0.0013,0.0,0,0.0025,0.0694,48,0.0023,-0.0034,34,3,1,2,0.7943,0.0,2026-03-14,4,-0.1933,88,True,-0.15611214953271027,2.691588785046729,-0.02628785046728972,1.7943925233644857,0.0034990654205607477,0.8971962616822429,0.0011663551401869159,0.0,0.0022429906542056075,43.06542056074766,0.002063551401869159,30.504672897196258,-0.17342803738317758,78.95327102803738,0.8971962616822429,2.691588785046729,0.7126429906542056,66.66666666666666,-0.2057,-0.18455327102803737,0.010796419581442509,0.04768053930704691,-0.057999999999999996,4.337043038224065,0.05428583953648723,0.05762379329703594,0.00683534396587721,0.029481804738224416,-0.01465,2.9275482015886674,-0.016849697534226563,-0.016670487848357996,0.005861881820464166,0.04707323484510101,0.0039,1.110963037149642,-0.0012306893053263901,-0.001263493859732658,0.0,0.08438400168723158,,1.6815528485005544,0.00397157649285711,0.00397157649285711,0.26654652021192005,0.27957385359298004,5.208333333333334e-05,34.807326970534184,-0.006115270400862271,-0.008996463808833647,0.006754072308303536,0.37542785014671104,6.76470588235294e-05,25.207841402251674,0.004280047484987995,0.004297556200840877,0.03834180627391712,0.038962480473809624,0.32384269564621654,0.03053261421456723
zeQZJYDZQK,2026,XVqKw7YOq0,KAqBN0Vqbg,95.0,0.0544,0.0262,1,-0.0265,-0.0273,1,0.0024,0.0019,1,-0.0215,-0.0226,5,0.0139,0.0732,42,0.0107,0.0056,35,1,0,1,0.0262,0.0,2026-03-21,5,0.0334,85,True,0.05497263157894737,1.0105263157894737,-0.026778947368421048,1.0105263157894737,0.0024252631578947368,1.0105263157894737,-0.021726315789473684,5.052631578947368,0.014046315789473685,42.44210526315789,0.010812631578947367,35.368421052631575,0.03375157894736842,85.89473684210526,0.0,1.0105263157894737,0.02647578947368421,100.0,0.0262,0.02647578947368421,0.003624897134080235,0.04256077648112915,0.0544,4.274341837673433,0.05742773433140428,0.0567907185527546,0.0034293925216784442,0.026262266901200856,-0.0265,2.9107211595288756,-0.016782350857270638,-0.016574668759869772,0.005861881820464166,0.0420158051273663,0.0024,1.1168592063882843,-0.0012470412379675094,-0.0012701995496429926,0.0055248618784530384,0.07563616776058033,-0.0043,2.0797801651873775,0.004835581912115071,0.004912129893350743,0.24126680872392986,0.2562543966484767,0.00033095238095238094,34.380293648343056,-0.003996980357945255,-0.008886090787903006,0.006951340615690168,0.34797494963450326,0.0003057142857142857,26.667483120915136,0.004571471181949037,0.004546403066343922,0.044808414972284986,0.0395182924150335,0.15749649987418146,0.06081952729445958
zeQZJYDZQK,2026,vzqoYzrkMa,KAqBN0Vqbg,108.0,-0.5204,-0.5525,7,-0.0974,-0.0983,4,0.018,0.0175,2,0.1394,0.1381,2,0.0315,0.0989,60,0.0346,0.0288,54,7,3,4,2.4475,0.2857,2026-04-04,6,-0.39430000000000004,129,True,-0.46257777777777775,6.222222222222221,-0.08657777777777778,3.5555555555555554,0.016,1.7777777777777777,0.12391111111111111,1.7777777777777777,0.028000000000000004,53.333333333333336,0.030755555555555557,48.0,-0.35048888888888896,114.66666666666666,2.6666666666666665,6.222222222222221,2.1755555555555555,57.14285714285714,-0.5525000000000002,-0.4911111111111113,0.024834152450295324,0.048104715760470984,-0.07434285714285714,4.506150247755789,0.050064344057927236,0.05987062340713897,0.013577878462138824,0.02974913881707011,-0.02435,2.979629151727878,-0.017721807446283575,-0.016967055073435794,0.011655440824251158,0.04749227801976034,0.009,1.1526898568206327,-0.0011747539350985613,-0.0013109496063934422,0.0022172949002217295,0.08510551998018141,0.0697,1.8315264633769344,0.004599254289006347,0.004325791755209978,0.3123679994454633,0.28145130618479425,0.000525,37.7187652768696,-0.0005180811633443385,-0.009748967710577428,0.010684606252473288,0.3776116065626405,0.0006407407407407408,31.832799838458982,0.005586955402383239,0.0054270115458468415,0.04083591120459035,0.04159645431778913,0.7428844543804763,0.01354321234707869
zeQZJYDZQK,2026,gjMNWrRv5K,KAqBN0Vqbg,99.0,0.0007,-0.0287,3,0.002,0.0012,2,0.0007,0.0002,1,0.0762,0.075,3,0.0129,0.0747,44,0.0051,-0.0002,44,3,1,2,0.9713,0.0,2026-04-12,7,0.09759999999999999,97,True,0.0006787878787878788,2.909090909090909,0.0019393939393939396,1.9393939393939394,0.0006787878787878788,0.9696969696969697,0.07389090909090909,2.909090909090909,0.01250909090909091,42.666666666666664,0.004945454545454545,42.666666666666664,0.09464242424242425,94.06060606060606,0.9696969696969697,2.909090909090909,0.9418666666666669,66.66666666666666,-0.028699999999999948,-0.027830303030302976,0.010796419581442509,0.04427346966994863,0.00023333333333333333,4.3525594780955865,0.057216559693263794,0.05782995129823219,0.00683534396587721,0.027337816958284907,0.001,2.9340154966894016,-0.016573059649293127,-0.016707314898491633,0.005861881820464166,0.04370756918706364,0.0007,1.1148868750333176,-0.0012559490797186125,-0.0012679564250087543,0.0033222591362126247,0.07857062614795715,0.025400000000000002,1.9207983597356273,0.004683654045584462,0.004536638631278794,0.24988480393958798,0.2641934977551204,0.0002931818181818182,34.525676996199294,-0.004164369265279151,-0.008923667244966283,0.008723235527359239,0.3573901965395055,0.00011590909090909091,29.40144616813677,0.004998505100265127,0.005012502470055961,0.04490534084482249,0.040480153831100284,0.38824847740119434,0.025597268522019108
zeQZJYDZQK,2026,9vQ2Gr21MK,KAqBN0Vqbg,101.0,0.5016,0.4717,8,-0.0837,-0.0846,6,0.0005,0.0,0,0.0215,0.0203,2,-0.0031,0.06,39,-0.0019,-0.0074,34,8,2,6,2.4717,0.125,2026-04-18,8,0.43490000000000006,89,True,0.4767683168316832,7.603960396039604,-0.07955643564356435,5.702970297029703,0.00047524752475247524,0.0,0.020435643564356433,1.900990099009901,-0.0029465346534653463,37.069306930693074,-0.0018059405940594059,32.31683168316832,0.41337029702970307,84.5940594059406,1.900990099009901,7.603960396039604,2.349338613861386,75.0,0.4716999999999998,0.4483485148514849,0.028281553028987088,0.04512752053375302,0.0627,4.5631373931624895,0.06700472983297119,0.060627778791247984,0.020229480976184842,0.027874701472863753,-0.013949999999999999,3.03837505860431,-0.017809006291802126,-0.017301574903439924,0.0,0.044551212499878944,,1.0715576124179291,-0.0012186782263373136,-0.0012186782263373136,0.0022172949002217295,0.08003087967968145,0.01075,1.841685381378367,0.0043840391094265505,0.004349785601114571,0.2279620129126287,0.2680998263788889,-7.948717948717948e-05,33.06824558354132,-0.007197786135734708,-0.008546972735533415,0.006754072308303536,0.3619965837381058,-5.588235294117647e-05,25.749929667857245,0.004350604974913535,0.004389974062016733,0.04951390326343713,0.042300312589068634,0.9663464767440977,0.010444131801336421
zeQZJYDZQK,2026,ljqEdk2E5x,KAqBN0Vqbg,103.0,-0.2616,-0.2922,4,0.0074,0.0066,2,0.0005,0.0,0,-0.0154,-0.0166,2,-0.0344,0.0299,28,0.0066,0.0011,24,4,2,2,1.7078,0.5,2026-04-22,9,-0.2969,60,True,-0.24382135922330095,3.728155339805825,0.006897087378640776,1.8640776699029125,0.00046601941747572817,0.0,-0.014353398058252427,1.8640776699029125,-0.03206213592233009,26.097087378640776,0.006151456310679612,22.368932038834952,-0.27672233009708735,55.922330097087375,1.8640776699029125,3.728155339805825,1.591735922330097,50.0,-0.2922,-0.27234174757281554,0.014343606244813343,0.045980046376263226,-0.0654,4.38764259368285,0.05334398043025732,0.05829608045189729,0.00683534396587721,0.028410993621519526,0.0037,2.9307782813277754,-0.016500685167353413,-0.016688881057054204,0.0,0.045393368596699575,,1.0706131151427236,-0.0012176040533289855,-0.0012176040533289855,0.0022172949002217295,0.08148651220296954,-0.0077,1.8387713518967415,0.0043018799449067256,0.004342903099027863,0.1749113031204952,0.27196489736136725,-0.0012285714285714285,30.105316111252964,-0.012889509693140924,-0.007781160187269251,0.004777070063694267,0.36653740149227726,0.000275,22.150390541151257,0.0037873661689696195,0.0037763070110663536,0.03082542763031034,0.04072764526433907,0.46724454422637435,0.02136203938762549
zeQZJYDZQK,2026,gpMOglanMz,KAqBN0Vqbg,105.0,-0.5955,-0.6266,2,-0.0149,-0.0158,1,0.0005,0.0,0,0.0013,0.0,0,-0.0334,0.0321,38,-0.0102,-0.0158,25,2,1,1,0.3734,1.0,2026-04-25,10,-0.6522000000000001,66,True,-0.544457142857143,1.8285714285714287,-0.013622857142857141,0.9142857142857144,0.0004571428571428572,0.0,0.0011885714285714286,0.0,-0.030537142857142856,34.74285714285714,-0.009325714285714286,22.857142857142854,-0.596297142857143,60.34285714285714,0.9142857142857144,1.8285714285714287,0.3413942857142857,50.0,-0.6266,-0.5728914285714286,0.007223609427050639,0.04683105127852783,-0.29775,4.298094806291702,0.04744932689245072,0.057106310568279216,0.0034293925216784442,0.028946694384082813,-0.0149,2.9026968018296215,-0.016620612756130825,-0.016528975248335548,0.0,0.04623404140666874,,1.069670281407561,-0.0012165317722581562,-0.0012165317722581562,0.0,0.08293754561811274,,1.6842093030925882,0.0039778506415533415,0.0039778506415533415,0.2234227794155382,0.2757893608978995,-0.0008789473684210526,32.468671679653724,-0.01289313512080156,-0.008392004072423716,0.004975124378109453,0.37101403992684695,-0.00040800000000000005,22.333068027548563,0.003743175427285974,0.003807450763198603,0.024440073312099492,0.03875410088001375,0.2237430525092558,0.043596967177716404
zeQZJYDZQK,2026,9Yqdeza9Qv,KAqBN0Vqbg,106.0,0.5629,0.5315,5,-0.019,-0.0199,4,0.0005,0.0,0,0.0013,0.0,0,0.012,0.0782,51,0.0046,-0.0011,26,5,1,4,1.5315,0.2,2026-05-02,11,0.5622999999999999,86,True,0.5097962264150944,4.528301886792454,-0.01720754716981132,3.6226415094339623,0.0004528301886792453,0.0,0.0011773584905660378,0.0,0.010867924528301886,46.18867924528302,0.004166037735849056,23.547169811320757,0.5092528301886792,77.88679245283019,0.9056603773584906,4.528301886792454,1.3870188679245283,80.0,0.5315000000000001,0.48135849056603774,0.01786544408219076,0.047255984648415836,0.11257999999999999,4.4245722862592505,0.06663559821501781,0.058786744010637756,0.013577878462138824,0.029214323301186104,-0.00475,2.981271563979882,-0.01693818082641723,-0.016976407545744934,0.0,0.046653822803158336,,1.0691994869946686,-0.0012159963396379924,-0.0012159963396379924,0.0,0.08366134446616015,,1.6828800274825964,0.003974711091244304,0.003974711091244304,0.2785650191927529,0.2776865643339975,0.00023529411764705883,35.65298034381993,-0.004311184555926022,-0.009215035317471,0.005173099880620772,0.37322871560620957,0.00017692307692307693,22.59245118229128,0.003852424122812577,0.0038516716731634942,0.05199737170709345,0.03920568757219162,0.546213766487192,0.01833021981389326
zeQZJYDZQK,2026,XVqKw7dRq0,KAqBN0Vqbg,101.0,0.9227,0.8927,6,-0.0788,-0.0797,4,0.0394,0.0389,2,0.0012,9.5963e-06,3,0.0347,0.0977,33,0.0292,0.0238,25,6,2,4,2.8927,0.1667,2026-05-09,12,0.9483999999999999,73,True,0.8770217821782178,5.702970297029703,-0.07489900990099009,3.801980198019802,0.037449504950495045,1.900990099009901,0.0011405940594059404,2.8514851485148514,0.03298217821782178,31.366336633663366,0.027754455445544557,23.762376237623762,0.9014495049504949,69.38613861386139,1.900990099009901,5.702970297029703,2.74949702970297,66.66666666666666,0.8927,0.8485069306930695,0.021362203846968835,0.04512752053375302,0.15378333333333333,4.477350423434959,0.07292595428095688,0.05948797672620264,0.013577878462138824,0.027874701472863753,-0.0197,2.9853855270915393,-0.01756755569476146,-0.0169998338968548,0.011655440824251158,0.044551212499878944,0.0197,1.156249026279085,-0.0010341816964718816,-0.001314997435714605,0.0033222591362126247,0.08003087967968145,0.00039999999999999996,1.9177543363214304,0.004516949610034696,0.004529449102953049,0.19990170238138133,0.2680998263788889,0.0010515151515151516,31.539280237063693,0.00010731357471250817,-0.008151789232468351,0.004975124378109453,0.3619965837381058,0.001168,22.65324602083028,0.003974458936920361,0.0038620362748433136,0.06292293901139112,0.04141284153896124,0.7302100551608778,0.013775046411040992
zeQZJYDZQK,2026,EGMPG816Qa,KAqBN0Vqbg,101.0,0.1761,0.1461,3,0.0415,0.0407,2,0.005,0.0045,2,-0.0213,-0.0225,5,0.002,0.0651,34,0.0175,0.0121,26,3,1,2,1.1461,0.0,2026-05-16,14,0.22080000000000005,72,True,0.16738217821782178,2.8514851485148514,0.03944554455445545,1.900990099009901,0.004752475247524753,1.900990099009901,-0.020245544554455444,4.752475247524753,0.001900990099009901,32.31683168316832,0.016633663366336635,24.712871287128714,0.20986930693069314,68.43564356435644,0.9504950495049505,2.8514851485148514,1.0893623762376237,66.66666666666666,0.1460999999999999,0.13886732673267319,0.010796419581442509,0.04512752053375302,0.0587,4.348669968843663,0.05991044399485348,0.057778273628634635,0.00683534396587721,0.027874701472863753,0.02075,2.932395995578769,-0.016168044024856228,-0.016698092890269682,0.011655440824251158,0.044551212499878944,0.0025,1.156249026279085,-0.0012659790806588565,-0.001314997435714605,0.0055248618784530384,0.08003087967968145,-0.00426,2.0698922462075577,0.004813049492953353,0.004888776106630007,0.20471921699935186,0.2680998263788889,5.882352941176471e-05,31.794107794809964,-0.006152467228163605,-0.008217653149645864,0.005173099880620772,0.3619965837381058,0.0006730769230769232,22.997321981611055,0.003980488117697307,0.003920696028973694,0.04511749127182545,0.04035700228860818,0.37771413357449446,0.026292399171408475
zeQZJYDZQK,2026,BLMvVGkWMx,KAqBN0Vqbg,99.0,-0.326,-0.3553,4,0.0255,0.0247,2,0.0005,0.0,0,-0.0072,-0.0084,2,0.0094,0.0712,34,0.0061,0.0008,29,4,2,2,1.6447,0.0,2026-05-24,15,-0.29169999999999996,71,True,-0.31612121212121214,3.878787878787879,0.024727272727272726,1.9393939393939394,0.0004848484848484849,0.0,-0.006981818181818182,1.9393939393939394,0.009115151515151515,32.96969696969697,0.005915151515151516,28.12121212121212,-0.28286060606060603,68.84848484848484,1.9393939393939394,3.878787878787879,1.5948606060606059,50.0,-0.35529999999999995,-0.3445333333333333,0.014343606244813343,0.04427346966994863,-0.0815,4.395491327472507,0.05242434371645338,0.058400362057948366,0.00683534396587721,0.027337816958284907,0.01275,2.9340154966894016,-0.01633741333912037,-0.016707314898491633,0.0,0.04370756918706364,,1.0725037776398014,-0.0012197542962947765,-0.0012197542962947765,0.0022172949002217295,0.07857062614795715,-0.0036,1.8446086616527597,0.00433230573681608,0.004356689952191115,0.20471921699935186,0.2641934977551204,0.00027647058823529415,31.96380065433146,-0.004761108219551499,-0.008261512756291183,0.005766553986876119,0.3573901965395055,0.0002103448275862069,24.203043309380327,0.004131816480484948,0.004126253303234317,0.038570190078787765,0.04069472336229621,0.5063911296935192,0.01974324999345159
zeQZJYDZQK,2026,jYQJJyBkQG,KAqBN0Vqbg,106.0,0.1414,0.11,3,-0.0053,-0.0062,2,0.0518,0.0512,2,0.0013,0.0,0,-0.0145,0.0517,27,-0.0165,-0.0222,30,3,1,2,1.11,0.3333,2026-07-18,16,0.1582,64,True,0.12806037735849057,2.716981132075472,-0.0048000000000000004,1.8113207547169812,0.04691320754716981,1.8113207547169812,0.0011773584905660378,0.0,-0.013132075471698115,24.452830188679243,-0.014943396226415096,27.169811320754718,0.14327547169811322,57.9622641509434,0.9056603773584906,2.716981132075472,1.0052830188679245,66.66666666666666,0.1100000000000001,0.09962264150943405,0.010796419581442509,0.047255984648415836,0.04713333333333333,4.338976540480989,0.059235055010217474,0.05764948262808715,0.00683534396587721,0.029214323301186104,-0.00265,2.928355053849432,-0.016614145657275217,-0.01667508234856168,0.011655440824251158,0.046653822803158336,0.0259,1.1537045245249178,-0.0009485348265850305,-0.0013121035839526978,0.0,0.08366134446616015,,1.6828800274825964,0.003974711091244304,0.003974711091244304,0.16972471267568665,0.2776865643339975,-0.000537037037037037,29.617227096409263,-0.009055327205986079,-0.007655006427710298,0.005964214711729622,0.37322871560620957,-0.00055,23.94452501995906,0.003979287184072852,0.004082179839743154,0.040571045595688304,0.04006418119884993,0.3299067584321542,0.029988220032217232
zeQZJYDZQK,2026,0Oq6oe3xQ6,KAqBN0Vqbg,112.0,0.2492,0.2159,9,-0.0292,-0.0301,7,0.0139,0.0134,2,0.0855,0.0842,1,-0.0295,0.0404,29,0.0235,0.0175,18,9,2,7,2.2159,0.3333,2026-07-23,17,0.31340000000000007,66,True,0.2136,7.714285714285715,-0.025028571428571428,6.0,0.011914285714285714,1.7142857142857142,0.07328571428571429,0.8571428571428571,-0.025285714285714283,24.85714285714286,0.020142857142857143,15.42857142857143,0.2686285714285715,56.57142857142857,1.7142857142857142,7.714285714285715,1.8993428571428572,77.77777777777779,0.21589999999999998,0.18505714285714284,0.031704665012010046,0.049797649611595635,0.027688888888888888,4.583503515263705,0.06299131548855724,0.06089837172746731,0.023521755654127043,0.030817003983279197,-0.004171428571428572,3.0555934747049713,-0.017290165706508164,-0.017399622613198648,0.011655440824251158,0.049164771760890486,0.00695,1.1506658663305727,-0.0012001848143535852,-0.001308647730029572,0.0011098779134295228,0.08798025755104472,0.0855,1.7503598794060582,0.004295599715501802,0.004134088415531006,0.18003349632311236,0.2888642720919936,-0.0010172413793103447,29.654100201428353,-0.011715441891987793,-0.00766453682213284,0.0035870864886408927,0.3861960325720841,0.0013055555555555555,19.476832940403455,0.0033998076309172884,0.003320505823568694,0.04048093042212678,0.041980158801205945,0.8807756136270976,0.011447205499612673
zeQZJYDZQK,2026,eV5D89zn5K,KAqBN0Vqbg,101.0,-1.0651,-1.095,7,-0.0426,-0.0435,3,0.0047,0.0042,2,0.0012,0.0,0,0.0182,0.0812,44,-0.0118,-0.0172,41,7,4,3,2.905,0.0,2026-07-25,18,-1.0954,97,True,-1.0123722772277228,6.653465346534654,-0.04049108910891089,2.8514851485148514,0.004467326732673267,1.900990099009901,0.0011405940594059404,0.0,0.0172990099009901,41.82178217821782,-0.011215841584158417,38.97029702970298,-1.0411722772277228,92.1980198019802,3.801980198019802,6.653465346534654,2.761188118811881,42.857142857142854,-1.0950000000000002,-1.040792079207921,0.024834152450295324,0.04512752053375302,-0.15215714285714285,4.520243908298724,0.04148577416871378,0.06005787775872531,0.010218093855726062,0.027874701472863753,-0.014199999999999999,2.958890761335154,-0.017106125078051048,-0.01684896339356224,0.011655440824251158,0.044551212499878944,0.00235,1.156249026279085,-0.0012680005694744407,-0.001314997435714605,0.0,0.08003087967968145,,1.6895474714922398,0.003990458597437615,0.003990458597437615,0.24988480393958798,0.2680998263788889,0.00041363636363636364,34.34238337227267,-0.0031085635006191936,-0.008876292321420967,0.00813330688355485,0.3619965837381058,-0.0002878048780487805,28.15846139332266,0.004695634171832128,0.0048005923409293935,0.028689177789838843,0.04180867554639451,0.8410393957113963,0.011981566452935067
zeQZJYDZQK,2026,XVqKw7e0q0,KAqBN0Vqbg,106.0,-0.893,-0.9245,6,-0.0445,-0.0453,3,0.03,0.0295,5,0.0659,0.0646,4,0.0121,0.0783,40,0.0012,-0.0045,16,6,3,3,2.0755,0.1667,2026-08-01,19,-0.8283,74,True,-0.808754716981132,5.433962264150944,-0.04030188679245283,2.716981132075472,0.027169811320754716,4.528301886792454,0.05968301886792453,3.6226415094339623,0.010958490566037735,36.22641509433963,0.0010867924528301885,14.49056603773585,-0.7501584905660377,67.0188679245283,2.716981132075472,5.433962264150944,1.8796981132075472,50.0,-0.9245000000000001,-0.8372830188679246,0.021362203846968835,0.047255984648415836,-0.14883333333333335,4.467370159148382,0.04388382063884478,0.05935537470191308,0.010218093855726062,0.029214323301186104,-0.014833333333333332,2.954813308914657,-0.017101674208554258,-0.016825744947153307,0.028637920675975252,0.046653822803158336,0.006,1.2804620808202913,-0.0011945414356154943,-0.0014562644504247555,0.004424778761061947,0.08366134446616015,0.016475,1.9859550866807614,0.004814547138991216,0.00469052908159533,0.23244848951122227,0.2776865643339975,0.0003025,32.88659343875671,-0.004211761995447948,-0.00850002207633068,0.003189792663476874,0.37322871560620957,7.5e-05,19.212266588121835,0.0032695496418416,0.003275401256714344,0.029459939780059896,0.040539273566314,0.6661759511720656,0.015079164088969428
zeQZJYDZQK,2026,KAqBroNBqb,KAqBN0Vqbg,101.0,0.828,0.798,3,0.0423,0.0415,2,-0.0262,-0.0267,1,-0.0607,-0.0619,4,-0.0174,0.0457,33,0.0181,0.0127,25,3,1,2,1.798,0.0,2026-08-15,20,0.7841,68,True,0.787009900990099,2.8514851485148514,0.0402059405940594,1.900990099009901,-0.024902970297029706,0.9504950495049505,-0.057695049504950496,3.801980198019802,-0.016538613861386137,31.366336633663366,0.017203960396039605,23.762376237623762,0.7452831683168317,64.63366336633663,0.9504950495049505,2.8514851485148514,1.7089900990099012,66.66666666666666,0.798,0.7584950495049505,0.010796419581442509,0.04512752053375302,0.27599999999999997,4.348669968843663,0.0701126932507884,0.057778273628634635,0.00683534396587721,0.027874701472863753,0.02115,2.932395995578769,-0.01616002645074665,-0.016698092890269682,0.005861881820464166,0.044551212499878944,-0.0262,1.113903319348507,-0.0014304865013518172,-0.0012668378310259595,0.004424778761061947,0.08003087967968145,-0.015175,1.9938232912644942,0.0045543985293502445,0.004709112604791528,0.19990170238138133,0.2680998263788889,-0.0005272727272727272,31.539280237063693,-0.009846558478841937,-0.008151789232468351,0.004975124378109453,0.3619965837381058,0.000724,22.65324602083028,0.003924418930784795,0.0038620362748433136,0.05115443927998303,0.04023270255450549,0.37391722415229073,0.026552293982686104
zeQZJYDZQK,2026,9z5kBz3JMA,KAqBN0Vqbg,97.0,0.8468,0.818,4,0.0863,0.0856,3,0.0036,0.0031,2,0.0945,0.0933,5,0.0084,0.069,38,0.004,-0.0012,32,4,1,3,1.818,0.5,2026-08-20,21,1.0436,84,True,0.8380701030927835,3.9587628865979383,0.08541030927835053,2.9690721649484537,0.003562886597938144,1.9793814432989691,0.0935257731958763,4.948453608247423,0.00831340206185567,37.608247422680414,0.0039587628865979385,31.670103092783506,1.0328412371134021,83.1340206185567,0.9896907216494846,3.9587628865979383,1.7992577319587628,75.0,0.8180000000000001,0.8095670103092785,0.014343606244813343,0.04341788968918779,0.2117,4.399426233814485,0.07097326127903801,0.05845264289253889,0.010218093855726062,0.02680033909578664,0.028766666666666666,2.9621608345620065,-0.01582453074278508,-0.01686758433922657,0.011655440824251158,0.04286243471522076,0.0018,1.1582927231204634,-0.001277667016508079,-0.001317321724033739,0.0055248618784530384,0.07710572956823622,0.0189,2.0764737122599892,0.005094050007705891,0.00490432054573918,0.2234227794155382,0.2602452473392331,0.00022105263157894735,33.16556384394633,-0.005018930555547085,-0.008572126066279367,0.006359300476947536,0.352716809332854,0.000125,25.426301881672295,0.004327445801168156,0.004334800412790295,0.05827362877307182,0.04093473172152869,0.5401045919649943,0.018533711992788037
zeQZJYDZQK,2026,4wM4O8EyQj,KAqBN0Vqbg,102.0,-0.3528,-0.383,1,0.0008,0.0,0,0.0005,0.0,0,0.0111,0.0099,2,0.0078,0.0715,47,0.0097,0.0043,38,1,1,0,0.617,0.0,2026-08-23,22,-0.3229,88,True,-0.3320470588235294,0.9411764705882353,0.0007529411764705882,0.0,0.00047058823529411766,0.0,0.010447058823529412,1.8823529411764706,0.007341176470588235,44.23529411764706,0.009129411764705882,35.76470588235294,-0.3039058823529412,82.82352941176471,0.9411764705882353,0.9411764705882353,0.5807058823529412,0.0,-0.383,-0.3604705882352941,0.003624897134080235,0.04555397382726262,-0.3528,4.260979163228187,0.05095874783539596,0.05661317639249887,0.0,0.028142921531641923,,2.8786120041623127,-0.01639182794991527,-0.01639182794991527,0.0,0.04497247620439232,,1.0710851555627712,-0.0012181409030281492,-0.0012181409030281492,0.0022172949002217295,0.08075927219536061,0.00555,1.8402272130351027,0.004359350315915604,0.004346341625434651,0.2624508711749691,0.2700374781153283,0.00016595744680851062,35.013923206575576,-0.0051496624522228114,-0.009049861634014566,0.007542675664946407,0.3642751009820834,0.0002552631578947369,27.02935692812273,0.004625381140232772,0.004608097084457983,0.0371838479863781,0.03890778461543352,0.12671772532378422,0.07449169313251465
zeQZJYDZQK,2026,BLMvVGrlMx,KAqBN0Vqbg,102.0,0.5669,0.5366,5,0.0298,0.029,3,0.0094,0.0089,2,0.1063,0.1051,3,0.0145,0.0782,36,0.0275,0.022,35,5,2,3,2.5366,0.0,2026-08-29,23,0.7543999999999998,84,True,0.5335529411764706,4.705882352941177,0.02804705882352941,2.8235294117647056,0.008847058823529413,1.8823529411764706,0.1000470588235294,2.8235294117647056,0.013647058823529411,33.88235294117647,0.025882352941176467,32.94117647058823,0.7100235294117645,79.05882352941177,1.8823529411764706,4.705882352941177,2.3873882352941176,60.0,0.5366,0.505035294117647,0.01786544408219076,0.04555397382726262,0.11338,4.432476476460234,0.0668179885983128,0.05889176243409072,0.010218093855726062,0.028142921531641923,0.009933333333333334,2.9580743708398898,-0.01637195403522969,-0.016844314579300725,0.011655440824251158,0.04497247620439232,0.0047,1.155739228418098,-0.001235785471682239,-0.0013144176446274825,0.0033222591362126247,0.08075927219536061,0.03543333333333334,1.9162359398072069,0.004736403621266185,0.004525862877335398,0.21418227519501587,0.2700374781153283,0.0004027777777777778,32.21824108020512,-0.0037643228241959967,-0.00832727661356222,0.006951340615690168,0.3642751009820834,0.0007857142857142857,26.00081546652626,0.004543943183900125,0.004432746301121532,0.054726273072371184,0.04136436277505723,0.5994693668048863,0.016729043438739277
zeQZJYDZQK,2026,2lqROeJaQr,KAqBN0Vqbg,106.0,-0.7033,-0.7348,3,0.0192,0.0183,1,-0.0785,-0.079,2,0.0316,0.0303,5,0.0195,0.0857,25,-0.0093,-0.015,17,3,2,1,1.2652,0.3333,2026-09-06,24,-0.7208000000000001,53,True,-0.6369509433962264,2.716981132075472,0.017388679245283017,0.9056603773584906,-0.07109433962264151,1.8113207547169812,0.028618867924528307,4.528301886792454,0.017660377358490565,22.641509433962263,-0.008422641509433962,15.39622641509434,-0.6528000000000002,48.0,1.8113207547169812,2.716981132075472,1.1458415094339622,33.33333333333333,-0.7347999999999999,-0.6654792452830187,0.010796419581442509,0.047255984648415836,-0.23443333333333335,4.338976540480989,0.04604494870605165,0.05764948262808715,0.0034293925216784442,0.029214323301186104,0.0192,2.9018967987842066,-0.016276677559390114,-0.016524419749970053,0.011655440824251158,0.046653822803158336,-0.03925,1.1537045245249178,-0.0018246026297347858,-0.0013121035839526978,0.0055248618784530384,0.08366134446616015,0.006320000000000001,2.061723851480303,0.004914569828697851,0.004869483579183087,0.15915342051963938,0.2776865643339975,0.00078,29.11424765912504,-0.0027131408523581495,-0.00752500402023024,0.0033884791708192145,0.37322871560620957,-0.0005470588235294118,19.550285047538782,0.003285494088270717,0.003333028298359259,0.033430591581537175,0.0404904671514765,0.34107150702307687,0.02903507774663009
zeQZJYDZQK,2026,a35ro3RoqL,KAqBN0Vqbg,104.0,-0.3061,-0.337,7,0.0691,0.0682,4,0.029,0.0285,1,0.0452,0.0439,4,-0.0111,0.0538,29,0.0185,0.0129,27,7,3,4,2.663,0.0,2026-09-09,25,-0.1554,72,True,-0.28255384615384616,6.461538461538462,0.06378461538461538,3.6923076923076925,0.026769230769230774,0.9230769230769231,0.04172307692307692,3.6923076923076925,-0.010246153846153848,26.76923076923077,0.017076923076923076,24.923076923076927,-0.14344615384615386,66.46153846153845,2.769230769230769,6.461538461538462,2.458153846153846,57.14285714285714,-0.3370000000000002,-0.31107692307692325,0.024834152450295324,0.04640573869042975,-0.04372857142857143,4.51419298740568,0.05358575062250722,0.059977482657333776,0.013577878462138824,0.028678917864907755,0.017275,2.9829157878705814,-0.016055473293751232,-0.016985770334161196,0.005861881820464166,0.04581389016751004,0.029,1.1124312353774535,-0.0010686401234226523,-0.001265163635759113,0.004424778761061947,0.08221260243570114,0.0113,1.9890949046806932,0.004776612241000711,0.004697944862414528,0.18003349632311236,0.27388216495825446,-0.0003827586206896552,30.27884859858652,-0.00850356432693753,-0.007826012201998071,0.0053709966182613885,0.3687836577821413,0.0006851851851851852,23.09309238149922,0.004000863216011381,0.003937023435566295,0.0367355483354079,0.042535504783396225,0.8028511240222539,0.012544330303472602
zeQZJYDZQK,2026,p6qbYzPX50,KAqBN0Vqbg,96.0,0.0285,0.0,0,0.0008,0.0,0,0.006,0.0056,1,0.0069,0.0057,1,0.0002,0.0602,26,0.0112,0.0061,23,0,0,0,0.0,0.0,2026-09-12,26,0.0536,51,True,0.028499999999999998,0.0,0.0008,0.0,0.006,1.0,0.0069,1.0,0.0002,26.0,0.0112,23.0,0.053599999999999995,51.0,0.0,0.0,0.0,,0.0,0.0,0.0,0.042989524996042236,,4.22943823012247,0.05619411017764671,0.05619411017764671,0.0,0.02653137735160019,,2.8833853504955176,-0.016419009060716624,-0.016419009060716624,0.005861881820464166,0.04243930705865313,0.006,1.1163654696091052,-0.0012229315419968777,-0.0012696380247605651,0.0011098779134295228,0.07637153320966035,0.0069,1.7726394906825444,0.004195637943475444,0.004186709527317406,0.16447250288380957,0.25825519000376856,7.692307692307692e-06,30.155722178402154,-0.006474106495779701,-0.007794188374100065,0.004578936890304599,0.35035453225470276,0.00048695652173913045,22.365905050783304,0.0038454594933094994,0.0038130489796649684,0.04011916051593845,0.03871103322505183,0.007099457523319179,0.5895942082912449
